[{"pi":"1519","pc":"Одежда и обувь","ss":100,"td":"Центр города","dc":1,"n":47.73,"vc":"около 50","sl":"Нормальный","sv":"менее 50","p":275.94,"q":1.05,"b":0.0,"ms":0.01,"wi":0.15,"ei":4.27,"as":155.65,"mi":"E","mv":68942,"sc":1,"lpe":99.99,"lpr":257.54,"lq":1.0,"d":457},{"pi":"1519","pc":"Одежда и обувь","ss":100,"td":"Спальный район","dc":1,"n":49.5,"vc":"около 50","sl":"Высокий","sv":"менее 50","p":552.48,"q":1.05,"b":0.0,"ms":0.01,"wi":0.29,"ei":4.8,"as":300.0,"mi":"E","mv":78134,"sc":1,"lpe":99.99,"lpr":490.75,"lq":1.0,"d":400},{"pi":"1519","pc":"Одежда и обувь","ss":500,"td":"Центр города","dc":1,"n":18.23,"vc":"более 100","sl":"Очень высокий","sv":"около 100","p":400.89,"q":1.0,"b":0.0,"ms":0.05,"wi":0.36,"ei":7.0,"as":320.0,"mi":"E","mv":190453,"sc":1,"lpe":99.95,"lpr":530.28,"lq":1.0,"d":1600},{"pi":"1519","pc":"Одежда и обувь","ss":100,"td":"Спальный район","dc":1,"n":171.39,"vc":"около 100","sl":"Низкий","sv":"менее 50","p":500.0,"q":1.0,"b":0.0,"ms":0.0,"wi":0.37,"ei":5.0,"as":320.0,"mi":"E","mv":136796,"sc":1,"lpe":100.0,"lpr":529.66,"lq":1.0,"d":800},{"pi":"1519","pc":"Одежда и обувь","ss":500,"td":"Фешенебельный район","dc":3,"n":62.35,"vc":"около 50","sl":"Элитный","sv":"менее 50","p":450.0,"q":1.0,"b":0.0,"ms":0.03,"wi":0.39,"ei":5.5,"as":350.0,"mi":"E","mv":68035,"sc":1,"lpe":99.97,"lpr":579.38,"lq":1.0,"d":600},{"pi":"1519","pc":"Одежда и обувь","ss":500,"td":"Центр города","dc":1,"n":58.14,"vc":"более 100","sl":"Очень высокий","sv":"около 50","p":133.41,"q":1.05,"b":0.0,"ms":0.25,"wi":0.12,"ei":2.8,"as":99.67,"mi":"E","mv":23615,"sc":1,"lpe":99.75,"lpr":164.97,"lq":1.0,"d":256},{"pi":"1519","pc":"Одежда и обувь","ss":1000,"td":"Центр города","dc":2,"n":105.9,"vc":"около 500","sl":"Элитный","sv":"около 500","p":1000.0,"q":1.36,"b":0.0,"ms":0.44,"wi":1.28,"ei":7.7,"as":1225.0,"mi":"E","mv":127707,"sc":1,"lpe":99.56,"lpr":2027.22,"lq":1.0,"d":1356},{"pi":"1519","pc":"Одежда и обувь","ss":10000,"td":"Центр города","dc":2,"n":52.09,"vc":"более 1 000","sl":"Элитный","sv":"около 1 000","p":700.0,"q":1.36,"b":0.0,"ms":0.22,"wi":1.67,"ei":8.3,"as":1440.0,"mi":"E","mv":431346,"sc":1,"lpe":99.78,"lpr":2383.46,"lq":1.0,"d":3884},{"pi":"1519","pc":"Одежда и обувь","ss":100,"td":"Центр города","dc":1,"n":45.76,"vc":"около 50","sl":"Нормальный","sv":"менее 50","p":242.34,"q":1.05,"b":0.0,"ms":0.02,"wi":0.18,"ei":3.0,"as":154.55,"mi":"E","mv":34861,"sc":1,"lpe":99.98,"lpr":255.8,"lq":1.0,"d":427}]