[{"pi":"1525","pc":"Автомобильные товары","ss":500,"td":"Центр города","dc":1,"n":15.61,"vc":"более 200","sl":"Элитный","sv":"около 1 000","p":1091.12,"q":2.46,"b":0.78,"ms":1.52,"wi":0.33,"ei":6.06,"as":330.02,"mi":"E","mv":63483,"sc":2,"lpe":98.27,"lpr":1137.61,"lq":1.0,"d":1293},{"pi":"1525","pc":"Автомобильные товары","ss":1000,"td":"Центр города","dc":1,"n":168.08,"vc":"более 1 000","sl":"Нормальный","sv":"более 100","p":875.0,"q":2.67,"b":0.07,"ms":0.21,"wi":0.33,"ei":6.06,"as":330.02,"mi":"E","mv":63483,"sc":2,"lpe":98.27,"lpr":1137.61,"lq":1.0,"d":1293},{"pi":"1525","pc":"Автомобильные товары","ss":500,"td":"Центр города","dc":1,"n":31.87,"vc":"более 200","sl":"Элитный","sv":"более 200","p":1470.13,"q":2.46,"b":0.79,"ms":0.15,"wi":0.57,"ei":6.14,"as":443.64,"mi":"E","mv":161424,"sc":1,"lpe":99.85,"lpr":1532.47,"lq":1.0,"d":2619},{"pi":"1525","pc":"Автомобильные товары","ss":500,"td":"Центр города","dc":1,"n":72.33,"vc":"более 200","sl":"Элитный","sv":"более 1 000","p":2045.73,"q":2.46,"b":0.78,"ms":2.63,"wi":0.62,"ei":8.09,"as":613.51,"mi":"E","mv":40986,"sc":2,"lpe":96.29,"lpr":2131.38,"lq":1.0,"d":818},{"pi":"1525","pc":"Автомобильные товары","ss":1000,"td":"Центр города","dc":1,"n":86.4,"vc":"около 500","sl":"Элитный","sv":"около 500","p":2000.0,"q":2.26,"b":0.72,"ms":1.08,"wi":0.62,"ei":8.09,"as":613.51,"mi":"E","mv":40986,"sc":2,"lpe":96.29,"lpr":2131.38,"lq":1.0,"d":818},{"pi":"1525","pc":"Автомобильные товары","ss":500,"td":"Центр города","dc":1,"n":62.8,"vc":"более 200","sl":"Элитный","sv":"около 1 000","p":1025.87,"q":2.46,"b":0.78,"ms":1.11,"wi":0.23,"ei":5.48,"as":311.99,"mi":"E","mv":76421,"sc":1,"lpe":98.89,"lpr":1070.07,"lq":1.0,"d":940},{"pi":"1525","pc":"Автомобильные товары","ss":500,"td":"Центр города","dc":1,"n":21.35,"vc":"около 500","sl":"Элитный","sv":"около 500","p":1525.74,"q":2.46,"b":0.79,"ms":0.34,"wi":0.54,"ei":5.95,"as":458.23,"mi":"E","mv":187888,"sc":1,"lpe":99.66,"lpr":1589.81,"lq":1.0,"d":4109},{"pi":"1525","pc":"Автомобильные товары","ss":500,"td":"Центр города","dc":1,"n":90.42,"vc":"более 200","sl":"Элитный","sv":"около 500","p":787.02,"q":2.46,"b":0.76,"ms":2.08,"wi":0.23,"ei":4.22,"as":239.13,"mi":"E","mv":33619,"sc":1,"lpe":97.92,"lpr":820.86,"lq":1.0,"d":533},{"pi":"1525","pc":"Автомобильные товары","ss":500,"td":"Центр города","dc":1,"n":33.8,"vc":"более 100","sl":"Элитный","sv":"более 200","p":1084.18,"q":2.46,"b":0.76,"ms":1.13,"wi":0.25,"ei":5.96,"as":329.42,"mi":"E","mv":20066,"sc":1,"lpe":98.87,"lpr":1130.8,"lq":1.0,"d":451},{"pi":"1525","pc":"Автомобильные товары","ss":10000,"td":"Центр города","dc":1,"n":61.29,"vc":"около 1 000","sl":"Элитный","sv":"около 500","p":960.39,"q":2.46,"b":0.77,"ms":0.9,"wi":0.33,"ei":4.37,"as":290.59,"mi":"E","mv":44622,"sc":1,"lpe":99.1,"lpr":1001.33,"lq":1.0,"d":635},{"pi":"1525","pc":"Автомобильные товары","ss":500,"td":"Центр города","dc":1,"n":71.76,"vc":"более 200","sl":"Элитный","sv":"около 500","p":1049.49,"q":2.46,"b":0.76,"ms":1.2,"wi":0.24,"ei":6.03,"as":316.7,"mi":"E","mv":41548,"sc":1,"lpe":98.8,"lpr":1093.99,"lq":1.0,"d":747},{"pi":"1525","pc":"Автомобильные товары","ss":500,"td":"Центр города","dc":1,"n":69.38,"vc":"более 200","sl":"Элитный","sv":"около 1 000","p":1544.27,"q":2.46,"b":0.77,"ms":2.57,"wi":0.47,"ei":5.95,"as":466.2,"mi":"E","mv":31567,"sc":1,"lpe":97.43,"lpr":1609.81,"lq":1.0,"d":631},{"pi":"1525","pc":"Автомобильные товары","ss":500,"td":"Центр города","dc":1,"n":78.33,"vc":"около 500","sl":"Элитный","sv":"около 1 000","p":1055.0,"q":2.46,"b":0.77,"ms":3.08,"wi":0.33,"ei":5.47,"as":316.16,"mi":"E","mv":29235,"sc":3,"lpe":96.91,"lpr":1099.11,"lq":1.0,"d":621},{"pi":"1525","pc":"Автомобильные товары","ss":100,"td":"Центр города","dc":1,"n":49.75,"vc":"около 50","sl":"Нормальный","sv":"менее 50","p":1210.41,"q":1.09,"b":0.0,"ms":0.01,"wi":0.33,"ei":5.47,"as":316.16,"mi":"E","mv":29235,"sc":3,"lpe":96.91,"lpr":1099.11,"lq":1.0,"d":621},{"pi":"1525","pc":"Автомобильные товары","ss":100,"td":"Центр города","dc":1,"n":43.18,"vc":"около 50","sl":"Нормальный","sv":"менее 50","p":1201.34,"q":1.05,"b":0.0,"ms":0.0,"wi":0.33,"ei":5.47,"as":316.16,"mi":"E","mv":29235,"sc":3,"lpe":96.91,"lpr":1099.11,"lq":1.0,"d":621},{"pi":"1525","pc":"Автомобильные товары","ss":500,"td":"Центр города","dc":1,"n":92.34,"vc":"более 200","sl":"Элитный","sv":"около 1 000","p":1120.58,"q":2.46,"b":0.77,"ms":2.71,"wi":0.34,"ei":5.19,"as":338.16,"mi":"E","mv":28057,"sc":2,"lpe":97.28,"lpr":1168.1,"lq":1.0,"d":517},{"pi":"1525","pc":"Автомобильные товары","ss":100,"td":"Центр города","dc":1,"n":50.63,"vc":"около 100","sl":"Низкий","sv":"менее 50","p":1166.73,"q":1.1,"b":0.0,"ms":0.01,"wi":0.34,"ei":5.19,"as":338.16,"mi":"E","mv":28057,"sc":2,"lpe":97.28,"lpr":1168.1,"lq":1.0,"d":517},{"pi":"1525","pc":"Автомобильные товары","ss":500,"td":"Центр города","dc":1,"n":88.72,"vc":"более 200","sl":"Элитный","sv":"около 500","p":1036.12,"q":2.46,"b":0.76,"ms":1.66,"wi":0.25,"ei":5.34,"as":310.5,"mi":"E","mv":29147,"sc":1,"lpe":98.34,"lpr":1079.43,"lq":1.0,"d":634},{"pi":"1525","pc":"Автомобильные товары","ss":1000,"td":"Центр города","dc":2,"n":105.9,"vc":"около 500","sl":"Элитный","sv":"около 200","p":5000.0,"q":6.43,"b":0.0,"ms":0.37,"wi":1.28,"ei":7.7,"as":1225.0,"mi":"E","mv":54154,"sc":1,"lpe":99.63,"lpr":4251.94,"lq":1.0,"d":1356},{"pi":"1525","pc":"Автомобильные товары","ss":500,"td":"Центр города","dc":1,"n":176.86,"vc":"более 200","sl":"Элитный","sv":"около 500","p":1272.17,"q":2.46,"b":0.79,"ms":5.65,"wi":0.46,"ei":4.82,"as":395.02,"mi":"E","mv":10991,"sc":1,"lpe":94.35,"lpr":1329.31,"lq":1.0,"d":201}]