[{"pi":"1496","pc":"Продукты питания","ss":500,"td":"Фешенебельный район","dc":3,"n":62.35,"vc":"около 50","sl":"Элитный","sv":"более 100","p":40.0,"q":1.0,"b":0.0,"ms":0.02,"wi":0.39,"ei":5.5,"as":350.0,"mi":"E","mv":669388,"sc":1,"lpe":99.98,"lpr":72.94,"lq":1.0,"d":600},{"pi":"1496","pc":"Продукты питания","ss":500,"td":"Фешенебельный район","dc":1,"n":38.13,"vc":"менее 50","sl":"Элитный","sv":"около 100","p":40.0,"q":2.94,"b":0.21,"ms":0.03,"wi":0.16,"ei":4.26,"as":141.04,"mi":"E","mv":308912,"sc":2,"lpe":99.92,"lpr":30.21,"lq":1.0,"d":232},{"pi":"1496","pc":"Продукты питания","ss":100,"td":"Окраина","dc":1,"n":74.95,"vc":"около 50","sl":"Очень высокий","sv":"около 50","p":27.36,"q":1.0,"b":0.0,"ms":0.04,"wi":0.15,"ei":3.2,"as":132.44,"mi":"E","mv":166381,"sc":1,"lpe":99.96,"lpr":24.81,"lq":1.0,"d":203}]