[{"pi":"1506","pc":"Продукты питания","ss":500,"td":"Фешенебельный район","dc":3,"n":62.35,"vc":"около 50","sl":"Элитный","sv":"более 100","p":3.2,"q":1.0,"b":0.0,"ms":0.01,"wi":0.39,"ei":5.5,"as":350.0,"mi":"E","mv":1450147,"sc":1,"lpe":99.99,"lpr":4.88,"lq":1.0,"d":600},{"pi":"1506","pc":"Продукты питания","ss":500,"td":"Спальный район","dc":1,"n":9.93,"vc":"около 100","sl":"Элитный","sv":"менее 50","p":1.88,"q":1.05,"b":0.0,"ms":0.0,"wi":0.12,"ei":2.8,"as":99.67,"mi":"E","mv":648818,"sc":1,"lpe":100.0,"lpr":1.91,"lq":1.0,"d":256},{"pi":"1506","pc":"Продукты питания","ss":500,"td":"Фешенебельный район","dc":1,"n":38.13,"vc":"менее 50","sl":"Элитный","sv":"менее 50","p":3.3,"q":1.05,"b":0.0,"ms":0.0,"wi":0.16,"ei":4.26,"as":141.04,"mi":"E","mv":520684,"sc":1,"lpe":100.0,"lpr":2.66,"lq":1.0,"d":232}]