[{"pi":"422380","pc":"Промышленные товары","ss":1000,"td":"Центр города","dc":1,"n":516.89,"vc":"около 5 000","sl":"Нормальный","sv":"более 1 000","p":23750.0,"q":11.76,"b":0.27,"ms":6.8,"wi":112.04,"ei":5.7,"as":525.47,"mi":"E","mv":21796,"sc":2,"lpe":93.2,"lpr":15596.42,"lq":2.83,"d":632},{"pi":"422380","pc":"Промышленные товары","ss":1000,"td":"Центр города","dc":1,"n":104.29,"vc":"около 500","sl":"Элитный","sv":"менее 50","p":38506.52,"q":11.3,"b":0.57,"ms":0.0,"wi":112.04,"ei":5.7,"as":525.47,"mi":"E","mv":21796,"sc":2,"lpe":93.2,"lpr":15596.42,"lq":2.83,"d":632},{"pi":"422380","pc":"Промышленные товары","ss":500,"td":"Фешенебельный район","dc":1,"n":689.11,"vc":"около 500","sl":"Очень высокий","sv":"более 1 000","p":5892.54,"q":23.07,"b":2.77,"ms":15.3,"wi":41.72,"ei":8.52,"as":366.56,"mi":"E","mv":9801,"sc":1,"lpe":84.7,"lpr":2202.63,"lq":1.75,"d":459},{"pi":"422380","pc":"Промышленные товары","ss":500,"td":"Фешенебельный район","dc":1,"n":640.21,"vc":"около 500","sl":"Очень высокий","sv":"более 1 000","p":12997.87,"q":24.5,"b":2.77,"ms":4.77,"wi":33.06,"ei":10.02,"as":247.03,"mi":"E","mv":31463,"sc":2,"lpe":95.23,"lpr":4734.06,"lq":1.0,"d":4689},{"pi":"422380","pc":"Промышленные товары","ss":100,"td":"Центр города","dc":2,"n":74.28,"vc":"около 100","sl":"Низкий","sv":"менее 50","p":10800.0,"q":19.05,"b":0.0,"ms":0.01,"wi":33.06,"ei":10.02,"as":247.03,"mi":"E","mv":31463,"sc":2,"lpe":95.23,"lpr":4734.06,"lq":1.0,"d":4689},{"pi":"422380","pc":"Промышленные товары","ss":500,"td":"Фешенебельный район","dc":1,"n":613.32,"vc":"около 500","sl":"Очень высокий","sv":"более 2 000","p":22619.17,"q":24.05,"b":2.77,"ms":6.87,"wi":75.85,"ei":12.1,"as":729.22,"mi":"E","mv":36171,"sc":4,"lpe":90.93,"lpr":8416.89,"lq":1.0,"d":1235},{"pi":"422380","pc":"Промышленные товары","ss":1000,"td":"Центр города","dc":1,"n":284.21,"vc":"более 2 000","sl":"Нормальный","sv":"около 500","p":16000.0,"q":19.05,"b":0.0,"ms":1.11,"wi":75.85,"ei":12.1,"as":729.22,"mi":"E","mv":36171,"sc":4,"lpe":90.93,"lpr":8416.89,"lq":1.0,"d":1235},{"pi":"422380","pc":"Промышленные товары","ss":1000,"td":"Центр города","dc":1,"n":80.39,"vc":"более 1 000","sl":"Элитный","sv":"около 500","p":30000.0,"q":17.37,"b":0.0,"ms":1.09,"wi":75.85,"ei":12.1,"as":729.22,"mi":"E","mv":36171,"sc":4,"lpe":90.93,"lpr":8416.89,"lq":1.0,"d":1235},{"pi":"422380","pc":"Промышленные товары","ss":1000,"td":"Фешенебельный район","dc":1,"n":78.31,"vc":"около 100","sl":"Элитный","sv":"менее 50","p":31214.75,"q":11.29,"b":0.64,"ms":0.0,"wi":75.85,"ei":12.1,"as":729.22,"mi":"E","mv":36171,"sc":4,"lpe":90.93,"lpr":8416.89,"lq":1.0,"d":1235},{"pi":"422380","pc":"Промышленные товары","ss":100000,"td":"Центр города","dc":1,"n":416.4,"vc":"более 100 000","sl":"Элитный","sv":"более 1 000","p":40000.0,"q":10.56,"b":0.14,"ms":1.95,"wi":60.32,"ei":7.58,"as":403.37,"mi":"E","mv":75861,"sc":4,"lpe":96.58,"lpr":18320.46,"lq":1.0,"d":2108},{"pi":"422380","pc":"Промышленные товары","ss":100000,"td":"Центр города","dc":1,"n":407.2,"vc":"более 100 000","sl":"Элитный","sv":"около 500","p":28651.5,"q":12.83,"b":0.0,"ms":0.79,"wi":60.32,"ei":7.58,"as":403.37,"mi":"E","mv":75861,"sc":4,"lpe":96.58,"lpr":18320.46,"lq":1.0,"d":2108},{"pi":"422380","pc":"Промышленные товары","ss":100000,"td":"Центр города","dc":1,"n":185.34,"vc":"более 10 000","sl":"Элитный","sv":"около 500","p":20000.0,"q":17.5,"b":0.0,"ms":0.68,"wi":60.32,"ei":7.58,"as":403.37,"mi":"E","mv":75861,"sc":4,"lpe":96.58,"lpr":18320.46,"lq":1.0,"d":2108},{"pi":"422380","pc":"Промышленные товары","ss":10000,"td":"Центр города","dc":1,"n":22.07,"vc":"более 1 000","sl":"Элитный","sv":"менее 50","p":29243.93,"q":11.29,"b":0.67,"ms":0.0,"wi":60.32,"ei":7.58,"as":403.37,"mi":"E","mv":75861,"sc":4,"lpe":96.58,"lpr":18320.46,"lq":1.0,"d":2108},{"pi":"422380","pc":"Промышленные товары","ss":10000,"td":"Фешенебельный район","dc":1,"n":507.26,"vc":"около 5 000","sl":"Элитный","sv":"более 100","p":16520.0,"q":19.05,"b":0.0,"ms":1.17,"wi":28.02,"ei":4.53,"as":210.95,"mi":"E","mv":10250,"sc":1,"lpe":98.83,"lpr":3454.92,"lq":1.0,"d":667},{"pi":"422380","pc":"Промышленные товары","ss":100000,"td":"Центр города","dc":1,"n":616.91,"vc":"более 1 000 000","sl":"Нормальный","sv":"около 20 000","p":12900.0,"q":24.69,"b":5.2,"ms":15.83,"wi":82.91,"ei":6.91,"as":1080.49,"mi":"E","mv":126382,"sc":2,"lpe":84.08,"lpr":7145.77,"lq":3.19,"d":5342},{"pi":"422380","pc":"Промышленные товары","ss":100000,"td":"Центр города","dc":2,"n":330.32,"vc":"около 100 000","sl":"Очень низкий","sv":"более 100","p":16000.0,"q":14.1,"b":0.19,"ms":0.09,"wi":82.91,"ei":6.91,"as":1080.49,"mi":"E","mv":126382,"sc":2,"lpe":84.08,"lpr":7145.77,"lq":3.19,"d":5342},{"pi":"422380","pc":"Промышленные товары","ss":100000,"td":"Фешенебельный район","dc":1,"n":463.27,"vc":"более 20 000","sl":"Элитный","sv":"около 1 000","p":15000.0,"q":25.08,"b":5.93,"ms":3.09,"wi":143.39,"ei":7.29,"as":661.55,"mi":"E","mv":32388,"sc":3,"lpe":95.59,"lpr":18451.14,"lq":1.0,"d":1029},{"pi":"422380","pc":"Промышленные товары","ss":100000,"td":"Центр города","dc":1,"n":542.82,"vc":"около 500 000","sl":"Элитный","sv":"более 200","p":100000.0,"q":28.61,"b":4.95,"ms":0.67,"wi":143.39,"ei":7.29,"as":661.55,"mi":"E","mv":32388,"sc":3,"lpe":95.59,"lpr":18451.14,"lq":1.0,"d":1029},{"pi":"422380","pc":"Промышленные товары","ss":100000,"td":"Центр города","dc":1,"n":542.82,"vc":"около 500 000","sl":"Элитный","sv":"более 200","p":100000.0,"q":28.61,"b":4.95,"ms":0.65,"wi":143.39,"ei":7.29,"as":661.55,"mi":"E","mv":32388,"sc":3,"lpe":95.59,"lpr":18451.14,"lq":1.0,"d":1029},{"pi":"422380","pc":"Промышленные товары","ss":100000,"td":"Центр города","dc":1,"n":524.92,"vc":"около 500 000","sl":"Элитный","sv":"менее 50","p":100000.0,"q":28.61,"b":4.95,"ms":0.0,"wi":91.16,"ei":12.05,"as":819.44,"mi":"E","mv":38192,"sc":2,"lpe":99.99,"lpr":13541.33,"lq":1.0,"d":1294},{"pi":"422380","pc":"Промышленные товары","ss":100000,"td":"Центр города","dc":1,"n":524.92,"vc":"около 500 000","sl":"Элитный","sv":"менее 50","p":100000.0,"q":28.61,"b":4.95,"ms":0.0,"wi":91.16,"ei":12.05,"as":819.44,"mi":"E","mv":38192,"sc":2,"lpe":99.99,"lpr":13541.33,"lq":1.0,"d":1294},{"pi":"422380","pc":"Промышленные товары","ss":100000,"td":"Центр города","dc":1,"n":532.21,"vc":"более 200 000","sl":"Элитный","sv":"около 1 000","p":20000.0,"q":25.08,"b":5.93,"ms":7.89,"wi":78.18,"ei":10.65,"as":989.97,"mi":"E","mv":12667,"sc":1,"lpe":92.11,"lpr":9118.52,"lq":1.0,"d":709},{"pi":"422380","pc":"Промышленные товары","ss":10000,"td":"Спальный район","dc":1,"n":349.19,"vc":"более 10 000","sl":"Очень высокий","sv":"около 10 000","p":9000.0,"q":11.01,"b":0.0,"ms":7.95,"wi":59.46,"ei":5.22,"as":274.68,"mi":"E","mv":94511,"sc":2,"lpe":92.05,"lpr":10059.88,"lq":1.0,"d":2794},{"pi":"422380","pc":"Промышленные товары","ss":10000,"td":"Фешенебельный район","dc":1,"n":75.3,"vc":"более 200","sl":"Элитный","sv":"менее 50","p":29576.83,"q":11.29,"b":0.64,"ms":0.0,"wi":59.46,"ei":5.22,"as":274.68,"mi":"E","mv":94511,"sc":2,"lpe":92.05,"lpr":10059.88,"lq":1.0,"d":2794},{"pi":"422380","pc":"Промышленные товары","ss":1000,"td":"Фешенебельный район","dc":1,"n":71.54,"vc":"около 50","sl":"Элитный","sv":"более 100","p":10000.0,"q":25.27,"b":5.11,"ms":2.84,"wi":24.38,"ei":4.86,"as":316.4,"mi":"E","mv":5493,"sc":1,"lpe":97.16,"lpr":3398.33,"lq":1.0,"d":580},{"pi":"422380","pc":"Промышленные товары","ss":100000,"td":"Центр города","dc":1,"n":573.99,"vc":"более 200 000","sl":"Элитный","sv":"менее 50","p":20362.65,"q":11.66,"b":0.0,"ms":0.05,"wi":34.77,"ei":7.11,"as":362.72,"mi":"E","mv":5611,"sc":1,"lpe":99.95,"lpr":3499.28,"lq":1.0,"d":651},{"pi":"422380","pc":"Промышленные товары","ss":100000,"td":"Фешенебельный район","dc":4,"n":681.08,"vc":"более 100 000","sl":"Очень высокий","sv":"около 500","p":4275.84,"q":25.31,"b":2.04,"ms":6.53,"wi":11.89,"ei":3.45,"as":237.04,"mi":"E","mv":7662,"sc":1,"lpe":93.47,"lpr":1614.5,"lq":1.0,"d":1064},{"pi":"422380","pc":"Промышленные товары","ss":10000,"td":"Центр города","dc":1,"n":450.46,"vc":"более 10 000","sl":"Элитный","sv":"менее 50","p":19000.0,"q":17.49,"b":0.0,"ms":0.15,"wi":43.53,"ei":6.61,"as":378.09,"mi":"E","mv":4115,"sc":2,"lpe":99.83,"lpr":3313.04,"lq":1.0,"d":307},{"pi":"422380","pc":"Промышленные товары","ss":500,"td":"Спальный район","dc":1,"n":316.86,"vc":"более 200","sl":"Элитный","sv":"менее 50","p":7164.52,"q":7.56,"b":0.6,"ms":0.02,"wi":43.53,"ei":6.61,"as":378.09,"mi":"E","mv":4115,"sc":2,"lpe":99.83,"lpr":3313.04,"lq":1.0,"d":307},{"pi":"422380","pc":"Промышленные товары","ss":100000,"td":"Центр города","dc":1,"n":625.17,"vc":"более 1 000 000","sl":"Нормальный","sv":"более 10 000","p":2500.0,"q":24.9,"b":6.11,"ms":25.01,"wi":37.55,"ei":6.21,"as":298.77,"mi":"E","mv":64256,"sc":2,"lpe":74.67,"lpr":1777.89,"lq":1.01,"d":3530},{"pi":"422380","pc":"Промышленные товары","ss":500,"td":"Фешенебельный район","dc":1,"n":585.26,"vc":"около 500","sl":"Высокий","sv":"более 200","p":3100.97,"q":24.78,"b":2.04,"ms":0.32,"wi":37.55,"ei":6.21,"as":298.77,"mi":"E","mv":64256,"sc":2,"lpe":74.67,"lpr":1777.89,"lq":1.01,"d":3530},{"pi":"422380","pc":"Промышленные товары","ss":100000,"td":"Пригород","dc":10,"n":0.0,"vc":"более 1 000","sl":"Элитный","sv":"менее 50","p":3031.56,"q":8.23,"b":0.0,"ms":0.0,"wi":65.25,"ei":7.61,"as":597.75,"mi":"E","mv":75968,"sc":1,"lpe":100.0,"lpr":9761.51,"lq":1.0,"d":2865},{"pi":"422380","pc":"Промышленные товары","ss":1000,"td":"Центр города","dc":1,"n":12.1,"vc":"около 50","sl":"Элитный","sv":"менее 50","p":9447.48,"q":1.05,"b":0.0,"ms":0.0,"wi":52.19,"ei":7.34,"as":456.45,"mi":"E","mv":51627,"sc":1,"lpe":100.0,"lpr":9005.89,"lq":1.0,"d":1836},{"pi":"422380","pc":"Промышленные товары","ss":100000,"td":"Пригород","dc":10,"n":0.0,"vc":"более 1 000","sl":"Элитный","sv":"менее 50","p":2118.24,"q":8.23,"b":0.0,"ms":0.0,"wi":61.68,"ei":6.38,"as":682.97,"mi":"E","mv":41908,"sc":1,"lpe":100.0,"lpr":9634.74,"lq":1.0,"d":1923},{"pi":"422380","pc":"Промышленные товары","ss":100000,"td":"Фешенебельный район","dc":1,"n":531.99,"vc":"около 50 000","sl":"Элитный","sv":"около 1 000","p":15000.0,"q":25.08,"b":5.93,"ms":1.65,"wi":164.51,"ei":10.67,"as":1516.17,"mi":"E","mv":60466,"sc":1,"lpe":98.35,"lpr":37366.66,"lq":1.0,"d":1885},{"pi":"422380","pc":"Промышленные товары","ss":500,"td":"Фешенебельный район","dc":1,"n":600.96,"vc":"около 500","sl":"Очень высокий","sv":"более 1 000","p":31512.35,"q":25.31,"b":2.68,"ms":2.33,"wi":61.55,"ei":11.03,"as":913.67,"mi":"E","mv":51557,"sc":2,"lpe":95.73,"lpr":11607.62,"lq":1.0,"d":12392},{"pi":"422380","pc":"Промышленные товары","ss":1000,"td":"Центр города","dc":1,"n":507.2,"vc":"около 5 000","sl":"Нормальный","sv":"около 1 000","p":10000.0,"q":25.08,"b":5.65,"ms":1.94,"wi":61.55,"ei":11.03,"as":913.67,"mi":"E","mv":51557,"sc":2,"lpe":95.73,"lpr":11607.62,"lq":1.0,"d":12392},{"pi":"422380","pc":"Промышленные товары","ss":1000,"td":"Окраина","dc":2,"n":47.73,"vc":"более 200","sl":"Нормальный","sv":"менее 50","p":6009.15,"q":26.17,"b":0.0,"ms":0.0,"wi":38.49,"ei":9.05,"as":665.36,"mi":"E","mv":82561,"sc":1,"lpe":100.0,"lpr":1863.39,"lq":1.0,"d":1893},{"pi":"422380","pc":"Промышленные товары","ss":100000,"td":"Центр города","dc":1,"n":519.63,"vc":"около 500 000","sl":"Нормальный","sv":"менее 50","p":24682.81,"q":15.87,"b":0.0,"ms":0.02,"wi":24.23,"ei":4.88,"as":222.61,"mi":"E","mv":42253,"sc":2,"lpe":99.98,"lpr":3587.29,"lq":1.0,"d":1468},{"pi":"422380","pc":"Промышленные товары","ss":500,"td":"Спальный район","dc":1,"n":182.74,"vc":"около 500","sl":"Очень высокий","sv":"менее 50","p":7180.12,"q":7.56,"b":0.5,"ms":0.0,"wi":24.23,"ei":4.88,"as":222.61,"mi":"E","mv":42253,"sc":2,"lpe":99.98,"lpr":3587.29,"lq":1.0,"d":1468},{"pi":"422380","pc":"Промышленные товары","ss":100000,"td":"Фешенебельный район","dc":4,"n":491.89,"vc":"около 50 000","sl":"Элитный","sv":"около 2 000","p":1274.02,"q":24.08,"b":2.06,"ms":4.38,"wi":13.53,"ei":4.37,"as":286.06,"mi":"E","mv":45685,"sc":1,"lpe":95.62,"lpr":550.23,"lq":1.0,"d":1145},{"pi":"422380","pc":"Промышленные товары","ss":100000,"td":"Фешенебельный район","dc":7,"n":603.94,"vc":"более 100 000","sl":"Очень высокий","sv":"около 20 000","p":3913.3,"q":24.08,"b":1.86,"ms":36.28,"wi":41.97,"ei":4.43,"as":182.26,"mi":"E","mv":55125,"sc":2,"lpe":63.72,"lpr":1761.65,"lq":1.55,"d":1812},{"pi":"422380","pc":"Промышленные товары","ss":500,"td":"Спальный район","dc":1,"n":180.54,"vc":"более 200","sl":"Очень высокий","sv":"менее 50","p":5075.09,"q":7.56,"b":0.5,"ms":0.0,"wi":41.97,"ei":4.43,"as":182.26,"mi":"E","mv":55125,"sc":2,"lpe":63.72,"lpr":1761.65,"lq":1.55,"d":1812},{"pi":"422380","pc":"Промышленные товары","ss":100000,"td":"Центр города","dc":3,"n":427.52,"vc":"более 100 000","sl":"Элитный","sv":"около 3 000","p":1111.11,"q":22.59,"b":0.0,"ms":22.41,"wi":7.36,"ei":4.12,"as":161.41,"mi":"E","mv":13389,"sc":3,"lpe":77.58,"lpr":552.99,"lq":1.11,"d":4029},{"pi":"422380","pc":"Промышленные товары","ss":500,"td":"Спальный район","dc":1,"n":238.31,"vc":"более 200","sl":"Очень высокий","sv":"менее 50","p":1321.74,"q":7.56,"b":0.5,"ms":0.01,"wi":7.36,"ei":4.12,"as":161.41,"mi":"E","mv":13389,"sc":3,"lpe":77.58,"lpr":552.99,"lq":1.11,"d":4029},{"pi":"422380","pc":"Промышленные товары","ss":100000,"td":"Пригород","dc":10,"n":490.88,"vc":"около 100 000","sl":"Очень высокий","sv":"менее 50","p":971.85,"q":1.5,"b":0.0,"ms":0.01,"wi":7.36,"ei":4.12,"as":161.41,"mi":"E","mv":13389,"sc":3,"lpe":77.58,"lpr":552.99,"lq":1.11,"d":4029},{"pi":"422380","pc":"Промышленные товары","ss":100000,"td":"Спальный район","dc":10,"n":668.34,"vc":"более 1 000 000","sl":"Очень низкий","sv":"около 50 000","p":7342.35,"q":22.52,"b":2.78,"ms":33.21,"wi":41.76,"ei":8.78,"as":296.55,"mi":"E","mv":96554,"sc":1,"lpe":66.79,"lpr":3208.94,"lq":2.73,"d":4441},{"pi":"422380","pc":"Промышленные товары","ss":100000,"td":"Фешенебельный район","dc":5,"n":700.0,"vc":"более 100 000","sl":"Очень высокий","sv":"около 500","p":3793.36,"q":22.85,"b":3.56,"ms":9.06,"wi":35.04,"ei":5.0,"as":551.0,"mi":"E","mv":5520,"sc":1,"lpe":90.94,"lpr":2152.85,"lq":1.0,"d":265},{"pi":"422380","pc":"Промышленные товары","ss":100000,"td":"Центр города","dc":1,"n":605.67,"vc":"около 500 000","sl":"Элитный","sv":"около 1 000","p":10000.0,"q":25.08,"b":5.93,"ms":13.52,"wi":74.46,"ei":10.04,"as":1361.71,"mi":"E","mv":7396,"sc":1,"lpe":86.48,"lpr":7301.58,"lq":6.05,"d":541},{"pi":"422380","pc":"Промышленные товары","ss":100000,"td":"Центр города","dc":1,"n":695.0,"vc":"более 1 000 000","sl":"Высокий","sv":"около 1 000","p":30000.0,"q":30.82,"b":0.0,"ms":8.29,"wi":60.58,"ei":10.27,"as":1004.55,"mi":"E","mv":10734,"sc":1,"lpe":91.71,"lpr":8992.26,"lq":1.0,"d":950},{"pi":"422380","pc":"Промышленные товары","ss":100000,"td":"Центр города","dc":4,"n":409.16,"vc":"более 100 000","sl":"Очень высокий","sv":"более 2 000","p":22800.0,"q":17.53,"b":0.0,"ms":3.53,"wi":57.77,"ei":9.84,"as":399.03,"mi":"E","mv":68040,"sc":1,"lpe":96.47,"lpr":23059.66,"lq":1.0,"d":3316},{"pi":"422380","pc":"Промышленные товары","ss":10000,"td":"Окраина","dc":1,"n":447.48,"vc":"более 10 000","sl":"Элитный","sv":"около 5 000","p":15000.0,"q":11.68,"b":0.0,"ms":21.37,"wi":37.38,"ei":4.52,"as":259.04,"mi":"E","mv":18714,"sc":1,"lpe":78.63,"lpr":6873.01,"lq":1.32,"d":1657},{"pi":"422380","pc":"Промышленные товары","ss":1000,"td":"Фешенебельный район","dc":1,"n":692.01,"vc":"более 1 000","sl":"Элитный","sv":"около 300","p":2000.0,"q":25.08,"b":7.47,"ms":35.93,"wi":34.04,"ei":8.95,"as":849.54,"mi":"E","mv":835,"sc":2,"lpe":62.04,"lpr":953.48,"lq":1.0,"d":222},{"pi":"422380","pc":"Промышленные товары","ss":1000,"td":"Пригород","dc":10,"n":179.68,"vc":"более 100","sl":"Элитный","sv":"менее 50","p":1110.0,"q":8.23,"b":0.0,"ms":2.04,"wi":34.04,"ei":8.95,"as":849.54,"mi":"E","mv":835,"sc":2,"lpe":62.04,"lpr":953.48,"lq":1.0,"d":222},{"pi":"422380","pc":"Промышленные товары","ss":100000,"td":"Пригород","dc":10,"n":0.0,"vc":"около 1 000","sl":"Элитный","sv":"менее 50","p":2826.6,"q":8.23,"b":0.0,"ms":0.0,"wi":73.51,"ei":5.78,"as":394.18,"mi":"E","mv":54613,"sc":1,"lpe":100.0,"lpr":7739.2,"lq":1.0,"d":1203},{"pi":"422380","pc":"Промышленные товары","ss":100000,"td":"Центр города","dc":3,"n":467.38,"vc":"более 200 000","sl":"Низкий","sv":"около 5 000","p":31339.63,"q":17.5,"b":0.0,"ms":10.11,"wi":101.91,"ei":5.55,"as":756.37,"mi":"E","mv":63126,"sc":3,"lpe":89.71,"lpr":17898.48,"lq":2.97,"d":2460},{"pi":"422380","pc":"Промышленные товары","ss":1000,"td":"Центр города","dc":1,"n":201.61,"vc":"более 1 000","sl":"Элитный","sv":"более 100","p":10000.0,"q":13.54,"b":2.69,"ms":0.19,"wi":101.91,"ei":5.55,"as":756.37,"mi":"E","mv":63126,"sc":3,"lpe":89.71,"lpr":17898.48,"lq":2.97,"d":2460},{"pi":"422380","pc":"Промышленные товары","ss":100000,"td":"Пригород","dc":10,"n":0.0,"vc":"более 1 000","sl":"Элитный","sv":"менее 50","p":6966.89,"q":8.23,"b":0.0,"ms":0.0,"wi":101.91,"ei":5.55,"as":756.37,"mi":"E","mv":63126,"sc":3,"lpe":89.71,"lpr":17898.48,"lq":2.97,"d":2460},{"pi":"422380","pc":"Промышленные товары","ss":1000,"td":"Центр города","dc":1,"n":57.06,"vc":"около 500","sl":"Элитный","sv":"менее 50","p":29761.49,"q":11.29,"b":0.61,"ms":0.0,"wi":63.62,"ei":6.37,"as":335.74,"mi":"E","mv":63366,"sc":1,"lpe":100.0,"lpr":12008.19,"lq":1.0,"d":2140},{"pi":"422380","pc":"Промышленные товары","ss":1000,"td":"Центр города","dc":1,"n":569.59,"vc":"около 10 000","sl":"Низкий","sv":"около 1 000","p":3000.0,"q":25.08,"b":5.52,"ms":2.03,"wi":24.66,"ei":8.47,"as":192.56,"mi":"E","mv":49154,"sc":1,"lpe":97.97,"lpr":1783.44,"lq":1.0,"d":5338},{"pi":"422380","pc":"Промышленные товары","ss":100000,"td":"Пригород","dc":10,"n":0.0,"vc":"более 1 000","sl":"Элитный","sv":"менее 50","p":6804.53,"q":8.23,"b":0.0,"ms":0.0,"wi":80.2,"ei":6.07,"as":814.94,"mi":"E","mv":52194,"sc":1,"lpe":100.0,"lpr":11917.21,"lq":1.0,"d":1730},{"pi":"422380","pc":"Промышленные товары","ss":100000,"td":"Центр города","dc":1,"n":599.44,"vc":"более 1 000 000","sl":"Нормальный","sv":"около 50 000","p":8000.0,"q":24.69,"b":4.67,"ms":20.06,"wi":105.21,"ei":13.87,"as":803.35,"mi":"E","mv":249239,"sc":2,"lpe":79.54,"lpr":11837.45,"lq":5.94,"d":9315},{"pi":"422380","pc":"Промышленные товары","ss":100000,"td":"Спальный район","dc":1,"n":305.5,"vc":"около 50 000","sl":"Элитный","sv":"около 1 000","p":20000.0,"q":25.08,"b":4.5,"ms":0.4,"wi":105.21,"ei":13.87,"as":803.35,"mi":"E","mv":249239,"sc":2,"lpe":79.54,"lpr":11837.45,"lq":5.94,"d":9315},{"pi":"422380","pc":"Промышленные товары","ss":10000,"td":"Центр города","dc":2,"n":293.64,"vc":"более 10 000","sl":"Элитный","sv":"около 5 000","p":4999.94,"q":22.59,"b":0.0,"ms":1.98,"wi":57.42,"ei":5.96,"as":448.87,"mi":"E","mv":163968,"sc":3,"lpe":97.71,"lpr":9728.45,"lq":1.0,"d":5974},{"pi":"422380","pc":"Промышленные товары","ss":100000,"td":"Центр города","dc":1,"n":505.38,"vc":"около 500 000","sl":"Высокий","sv":"около 500","p":31000.0,"q":17.53,"b":0.0,"ms":0.3,"wi":57.42,"ei":5.96,"as":448.87,"mi":"E","mv":163968,"sc":3,"lpe":97.71,"lpr":9728.45,"lq":1.0,"d":5974},{"pi":"422380","pc":"Промышленные товары","ss":500,"td":"Спальный район","dc":1,"n":102.82,"vc":"около 500","sl":"Очень высокий","sv":"менее 50","p":18485.03,"q":7.56,"b":0.5,"ms":0.0,"wi":57.42,"ei":5.96,"as":448.87,"mi":"E","mv":163968,"sc":3,"lpe":97.71,"lpr":9728.45,"lq":1.0,"d":5974},{"pi":"422380","pc":"Промышленные товары","ss":100000,"td":"Фешенебельный район","dc":1,"n":434.86,"vc":"более 20 000","sl":"Элитный","sv":"около 300","p":17000.0,"q":17.53,"b":0.0,"ms":0.61,"wi":30.3,"ei":4.22,"as":201.79,"mi":"E","mv":49069,"sc":2,"lpe":99.39,"lpr":3707.65,"lq":1.0,"d":1919},{"pi":"422380","pc":"Промышленные товары","ss":500,"td":"Спальный район","dc":1,"n":169.27,"vc":"более 300","sl":"Очень высокий","sv":"менее 50","p":7662.22,"q":7.56,"b":0.5,"ms":0.0,"wi":30.3,"ei":4.22,"as":201.79,"mi":"E","mv":49069,"sc":2,"lpe":99.39,"lpr":3707.65,"lq":1.0,"d":1919},{"pi":"422380","pc":"Промышленные товары","ss":10000,"td":"Центр города","dc":1,"n":96.97,"vc":"около 5 000","sl":"Элитный","sv":"менее 50","p":25474.29,"q":11.29,"b":0.5,"ms":0.0,"wi":89.8,"ei":6.71,"as":470.88,"mi":"E","mv":167379,"sc":2,"lpe":100.0,"lpr":13623.09,"lq":1.0,"d":4994},{"pi":"422380","pc":"Промышленные товары","ss":100000,"td":"Центр города","dc":1,"n":493.78,"vc":"около 500 000","sl":"Элитный","sv":"менее 50","p":100000.0,"q":28.61,"b":4.22,"ms":0.0,"wi":89.8,"ei":6.71,"as":470.88,"mi":"E","mv":167379,"sc":2,"lpe":100.0,"lpr":13623.09,"lq":1.0,"d":4994},{"pi":"422380","pc":"Промышленные товары","ss":500,"td":"Спальный район","dc":1,"n":141.82,"vc":"более 200","sl":"Элитный","sv":"менее 50","p":9638.23,"q":7.56,"b":0.5,"ms":0.0,"wi":28.96,"ei":5.25,"as":307.54,"mi":"E","mv":60097,"sc":1,"lpe":100.0,"lpr":4787.72,"lq":1.0,"d":2906},{"pi":"422380","pc":"Промышленные товары","ss":1000,"td":"Фешенебельный район","dc":1,"n":685.77,"vc":"более 1 000","sl":"Элитный","sv":"около 200","p":2000.0,"q":25.08,"b":7.47,"ms":15.67,"wi":30.77,"ei":9.26,"as":896.34,"mi":"E","mv":1276,"sc":2,"lpe":82.29,"lpr":851.14,"lq":1.02,"d":104},{"pi":"422380","pc":"Промышленные товары","ss":1000,"td":"Пригород","dc":10,"n":160.74,"vc":"около 100","sl":"Элитный","sv":"менее 50","p":682.0,"q":8.23,"b":0.0,"ms":2.04,"wi":30.77,"ei":9.26,"as":896.34,"mi":"E","mv":1276,"sc":2,"lpe":82.29,"lpr":851.14,"lq":1.02,"d":104},{"pi":"422380","pc":"Промышленные товары","ss":500,"td":"Центр города","dc":1,"n":680.75,"vc":"более 1 000","sl":"Низкий","sv":"около 500","p":4000.0,"q":25.08,"b":7.47,"ms":31.08,"wi":57.24,"ei":8.33,"as":1106.11,"mi":"E","mv":1609,"sc":2,"lpe":66.87,"lpr":3096.01,"lq":2.55,"d":892},{"pi":"422380","pc":"Промышленные товары","ss":1000,"td":"Пригород","dc":10,"n":234.3,"vc":"более 100","sl":"Очень высокий","sv":"около 50","p":2970.0,"q":8.23,"b":0.0,"ms":2.05,"wi":57.24,"ei":8.33,"as":1106.11,"mi":"E","mv":1609,"sc":2,"lpe":66.87,"lpr":3096.01,"lq":2.55,"d":892},{"pi":"422380","pc":"Промышленные товары","ss":1000,"td":"Центр города","dc":1,"n":597.3,"vc":"около 5 000","sl":"Нормальный","sv":"около 1 000","p":5000.0,"q":25.08,"b":7.47,"ms":17.99,"wi":64.91,"ei":10.23,"as":1395.94,"mi":"E","mv":5560,"sc":3,"lpe":70.85,"lpr":4198.43,"lq":3.38,"d":185},{"pi":"422380","pc":"Промышленные товары","ss":500,"td":"Фешенебельный район","dc":1,"n":695.09,"vc":"около 500","sl":"Очень высокий","sv":"около 500","p":6257.89,"q":23.68,"b":2.08,"ms":10.79,"wi":64.91,"ei":10.23,"as":1395.94,"mi":"E","mv":5560,"sc":3,"lpe":70.85,"lpr":4198.43,"lq":3.38,"d":185},{"pi":"422380","pc":"Промышленные товары","ss":1000,"td":"Пригород","dc":10,"n":186.18,"vc":"более 200","sl":"Очень высокий","sv":"менее 50","p":3050.0,"q":7.98,"b":0.0,"ms":0.38,"wi":64.91,"ei":10.23,"as":1395.94,"mi":"E","mv":5560,"sc":3,"lpe":70.85,"lpr":4198.43,"lq":3.38,"d":185},{"pi":"422380","pc":"Промышленные товары","ss":100000,"td":"Центр города","dc":1,"n":607.37,"vc":"более 1 000 000","sl":"Нормальный","sv":"около 50 000","p":9200.0,"q":25.38,"b":5.41,"ms":37.85,"wi":61.93,"ei":9.19,"as":614.3,"mi":"E","mv":116409,"sc":3,"lpe":50.98,"lpr":4026.79,"lq":3.36,"d":4618},{"pi":"422380","pc":"Промышленные товары","ss":100000,"td":"Фешенебельный район","dc":8,"n":510.45,"vc":"около 100 000","sl":"Очень высокий","sv":"более 10 000","p":7100.96,"q":23.05,"b":1.79,"ms":11.17,"wi":61.93,"ei":9.19,"as":614.3,"mi":"E","mv":116409,"sc":3,"lpe":50.98,"lpr":4026.79,"lq":3.36,"d":4618},{"pi":"422380","pc":"Промышленные товары","ss":100000,"td":"Пригород","dc":10,"n":0.0,"vc":"более 1 000","sl":"Элитный","sv":"менее 50","p":5176.81,"q":8.23,"b":0.0,"ms":0.0,"wi":61.93,"ei":9.19,"as":614.3,"mi":"E","mv":116409,"sc":3,"lpe":50.98,"lpr":4026.79,"lq":3.36,"d":4618},{"pi":"422380","pc":"Промышленные товары","ss":100000,"td":"Фешенебельный район","dc":8,"n":537.62,"vc":"около 50 000","sl":"Очень высокий","sv":"около 100","p":7800.0,"q":22.85,"b":1.79,"ms":0.87,"wi":50.57,"ei":6.85,"as":545.07,"mi":"E","mv":11447,"sc":2,"lpe":99.12,"lpr":7259.1,"lq":1.0,"d":676},{"pi":"422380","pc":"Промышленные товары","ss":100000,"td":"Пригород","dc":10,"n":0.0,"vc":"около 500","sl":"Элитный","sv":"менее 50","p":7193.55,"q":8.23,"b":0.0,"ms":0.01,"wi":50.57,"ei":6.85,"as":545.07,"mi":"E","mv":11447,"sc":2,"lpe":99.12,"lpr":7259.1,"lq":1.0,"d":676},{"pi":"422380","pc":"Промышленные товары","ss":100000,"td":"Центр города","dc":10,"n":673.93,"vc":"более 1 000 000","sl":"Очень низкий","sv":"менее 50","p":12000.0,"q":11.49,"b":0.0,"ms":0.05,"wi":25.85,"ei":4.86,"as":167.58,"mi":"E","mv":19445,"sc":1,"lpe":99.95,"lpr":2475.38,"lq":1.0,"d":654},{"pi":"422380","pc":"Промышленные товары","ss":10000,"td":"Фешенебельный район","dc":1,"n":491.91,"vc":"около 5 000","sl":"Элитный","sv":"около 5 000","p":10000.0,"q":11.61,"b":0.65,"ms":19.72,"wi":43.27,"ei":5.67,"as":599.6,"mi":"E","mv":20286,"sc":3,"lpe":79.73,"lpr":6238.49,"lq":1.3,"d":1065},{"pi":"422380","pc":"Промышленные товары","ss":100000,"td":"Центр города","dc":1,"n":499.22,"vc":"более 200 000","sl":"Элитный","sv":"более 100","p":12000.0,"q":12.99,"b":0.0,"ms":0.54,"wi":43.27,"ei":5.67,"as":599.6,"mi":"E","mv":20286,"sc":3,"lpe":79.73,"lpr":6238.49,"lq":1.3,"d":1065},{"pi":"422380","pc":"Промышленные товары","ss":100000,"td":"Пригород","dc":10,"n":0.0,"vc":"около 500","sl":"Элитный","sv":"менее 50","p":6996.83,"q":8.23,"b":0.0,"ms":0.0,"wi":43.27,"ei":5.67,"as":599.6,"mi":"E","mv":20286,"sc":3,"lpe":79.73,"lpr":6238.49,"lq":1.3,"d":1065},{"pi":"422380","pc":"Промышленные товары","ss":100000,"td":"Пригород","dc":10,"n":0.0,"vc":"более 1 000","sl":"Элитный","sv":"менее 50","p":4660.62,"q":8.23,"b":0.0,"ms":0.0,"wi":44.76,"ei":6.11,"as":449.66,"mi":"E","mv":30518,"sc":1,"lpe":100.0,"lpr":4811.91,"lq":1.0,"d":1549},{"pi":"422380","pc":"Промышленные товары","ss":100000,"td":"Центр города","dc":1,"n":415.89,"vc":"более 100 000","sl":"Элитный","sv":"около 10 000","p":15000.0,"q":25.08,"b":5.29,"ms":8.06,"wi":82.96,"ei":5.2,"as":388.24,"mi":"E","mv":124029,"sc":1,"lpe":91.94,"lpr":6046.57,"lq":1.0,"d":2728},{"pi":"422380","pc":"Промышленные товары","ss":10000,"td":"Фешенебельный район","dc":1,"n":659.94,"vc":"около 5 000","sl":"Элитный","sv":"около 1 000","p":40000.0,"q":12.83,"b":0.19,"ms":86.81,"wi":65.16,"ei":6.07,"as":504.13,"mi":"D","mv":1152,"sc":2,"lpe":13.11,"lpr":14788.56,"lq":1.0,"d":206},{"pi":"422380","pc":"Промышленные товары","ss":100000,"td":"Пригород","dc":10,"n":139.34,"vc":"более 1 000","sl":"Элитный","sv":"менее 50","p":11365.0,"q":8.23,"b":0.0,"ms":0.09,"wi":65.16,"ei":6.07,"as":504.13,"mi":"D","mv":1152,"sc":2,"lpe":13.11,"lpr":14788.56,"lq":1.0,"d":206},{"pi":"422380","pc":"Промышленные товары","ss":100000,"td":"Центр города","dc":1,"n":514.16,"vc":"около 500 000","sl":"Элитный","sv":"менее 50","p":100000.0,"q":28.61,"b":5.03,"ms":0.0,"wi":109.75,"ei":5.99,"as":977.93,"mi":"E","mv":31502,"sc":1,"lpe":100.0,"lpr":15861.59,"lq":1.0,"d":1102},{"pi":"422380","pc":"Промышленные товары","ss":100000,"td":"Окраина","dc":7,"n":68.77,"vc":"около 5 000","sl":"Элитный","sv":"около 50","p":19300.0,"q":17.11,"b":0.0,"ms":0.16,"wi":21.66,"ei":13.94,"as":274.27,"mi":"E","mv":35702,"sc":1,"lpe":99.84,"lpr":7198.75,"lq":1.0,"d":6021},{"pi":"422380","pc":"Промышленные товары","ss":100000,"td":"Центр города","dc":1,"n":501.24,"vc":"более 100 000","sl":"Элитный","sv":"около 1 000","p":15000.0,"q":25.08,"b":4.21,"ms":6.83,"wi":153.98,"ei":9.67,"as":1800.45,"mi":"E","mv":14643,"sc":1,"lpe":93.17,"lpr":28054.68,"lq":1.0,"d":853},{"pi":"422380","pc":"Промышленные товары","ss":100000,"td":"Центр города","dc":2,"n":547.86,"vc":"более 200 000","sl":"Очень высокий","sv":"более 100","p":17000.0,"q":12.99,"b":0.0,"ms":1.9,"wi":65.41,"ei":7.32,"as":547.31,"mi":"E","mv":7901,"sc":1,"lpe":98.1,"lpr":6694.52,"lq":1.0,"d":2424},{"pi":"422380","pc":"Промышленные товары","ss":100000,"td":"Спальный район","dc":3,"n":80.09,"vc":"более 2 000","sl":"Элитный","sv":"более 100","p":35500.0,"q":16.95,"b":0.0,"ms":0.74,"wi":48.69,"ei":4.23,"as":345.6,"mi":"E","mv":14185,"sc":1,"lpe":99.26,"lpr":10942.62,"lq":1.0,"d":846},{"pi":"422380","pc":"Промышленные товары","ss":100000,"td":"Фешенебельный район","dc":3,"n":431.87,"vc":"более 10 000","sl":"Элитный","sv":"около 200","p":27600.0,"q":17.53,"b":0.0,"ms":3.51,"wi":42.83,"ei":9.89,"as":347.85,"mi":"E","mv":5696,"sc":1,"lpe":96.49,"lpr":6862.14,"lq":1.0,"d":849},{"pi":"422380","pc":"Промышленные товары","ss":100000,"td":"Центр города","dc":2,"n":388.07,"vc":"более 100 000","sl":"Нормальный","sv":"менее 50","p":19999.0,"q":12.99,"b":0.0,"ms":0.0,"wi":50.92,"ei":6.29,"as":646.18,"mi":"E","mv":49776,"sc":1,"lpe":100.0,"lpr":5544.14,"lq":1.0,"d":1917},{"pi":"422380","pc":"Промышленные товары","ss":100000,"td":"Центр города","dc":1,"n":473.61,"vc":"более 200 000","sl":"Элитный","sv":"более 2 000","p":23750.0,"q":11.76,"b":0.0,"ms":4.06,"wi":63.61,"ei":6.03,"as":429.32,"mi":"E","mv":57201,"sc":1,"lpe":95.94,"lpr":6969.22,"lq":1.0,"d":1331},{"pi":"422380","pc":"Промышленные товары","ss":1000,"td":"Центр города","dc":1,"n":426.59,"vc":"около 5 000","sl":"Высокий","sv":"около 1 000","p":20000.0,"q":25.08,"b":4.61,"ms":1.58,"wi":128.78,"ei":11.53,"as":708.9,"mi":"E","mv":63127,"sc":1,"lpe":98.42,"lpr":17550.12,"lq":1.0,"d":1430},{"pi":"422380","pc":"Промышленные товары","ss":100000,"td":"Центр города","dc":2,"n":545.57,"vc":"около 500 000","sl":"Нормальный","sv":"более 10 000","p":19100.0,"q":19.05,"b":0.0,"ms":12.69,"wi":60.17,"ei":10.56,"as":378.1,"mi":"E","mv":102422,"sc":5,"lpe":85.65,"lpr":6746.53,"lq":4.46,"d":6232},{"pi":"422380","pc":"Промышленные товары","ss":100000,"td":"Фешенебельный район","dc":1,"n":411.03,"vc":"более 20 000","sl":"Элитный","sv":"около 1 000","p":10000.0,"q":25.08,"b":5.59,"ms":0.98,"wi":60.17,"ei":10.56,"as":378.1,"mi":"E","mv":102422,"sc":5,"lpe":85.65,"lpr":6746.53,"lq":4.46,"d":6232},{"pi":"422380","pc":"Промышленные товары","ss":100000,"td":"Центр города","dc":1,"n":283.94,"vc":"около 50 000","sl":"Элитный","sv":"около 500","p":20000.0,"q":11.35,"b":0.0,"ms":0.65,"wi":60.17,"ei":10.56,"as":378.1,"mi":"E","mv":102422,"sc":5,"lpe":85.65,"lpr":6746.53,"lq":4.46,"d":6232},{"pi":"422380","pc":"Промышленные товары","ss":100000,"td":"Центр города","dc":5,"n":525.05,"vc":"около 500 000","sl":"Низкий","sv":"менее 50","p":15000.0,"q":4.18,"b":0.47,"ms":0.03,"wi":60.17,"ei":10.56,"as":378.1,"mi":"E","mv":102422,"sc":5,"lpe":85.65,"lpr":6746.53,"lq":4.46,"d":6232},{"pi":"422380","pc":"Промышленные товары","ss":10000,"td":"Центр города","dc":1,"n":21.36,"vc":"более 1 000","sl":"Элитный","sv":"менее 50","p":21422.0,"q":11.29,"b":0.62,"ms":0.0,"wi":60.17,"ei":10.56,"as":378.1,"mi":"E","mv":102422,"sc":5,"lpe":85.65,"lpr":6746.53,"lq":4.46,"d":6232},{"pi":"422380","pc":"Промышленные товары","ss":100000,"td":"Фешенебельный район","dc":2,"n":541.25,"vc":"более 20 000","sl":"Элитный","sv":"более 200","p":20800.0,"q":16.96,"b":0.0,"ms":4.33,"wi":51.07,"ei":5.68,"as":788.75,"mi":"E","mv":6192,"sc":2,"lpe":92.44,"lpr":5973.1,"lq":1.0,"d":370},{"pi":"422380","pc":"Промышленные товары","ss":100000,"td":"Фешенебельный район","dc":3,"n":687.7,"vc":"более 100 000","sl":"Элитный","sv":"около 200","p":9390.08,"q":25.31,"b":3.56,"ms":3.23,"wi":51.07,"ei":5.68,"as":788.75,"mi":"E","mv":6192,"sc":2,"lpe":92.44,"lpr":5973.1,"lq":1.0,"d":370},{"pi":"422380","pc":"Промышленные товары","ss":100000,"td":"Центр города","dc":1,"n":509.53,"vc":"более 200 000","sl":"Элитный","sv":"около 1 000","p":10000.0,"q":25.08,"b":6.46,"ms":11.56,"wi":48.24,"ei":14.26,"as":399.87,"mi":"E","mv":8651,"sc":3,"lpe":77.59,"lpr":5803.66,"lq":4.17,"d":1446},{"pi":"422380","pc":"Промышленные товары","ss":100000,"td":"Центр города","dc":3,"n":32.04,"vc":"более 2 000","sl":"Элитный","sv":"около 500","p":8000.0,"q":9.98,"b":0.31,"ms":7.04,"wi":48.24,"ei":14.26,"as":399.87,"mi":"E","mv":8651,"sc":3,"lpe":77.59,"lpr":5803.66,"lq":4.17,"d":1446},{"pi":"422380","pc":"Промышленные товары","ss":100000,"td":"Центр города","dc":2,"n":508.89,"vc":"более 200 000","sl":"Низкий","sv":"около 500","p":10000.0,"q":14.1,"b":0.21,"ms":3.81,"wi":48.24,"ei":14.26,"as":399.87,"mi":"E","mv":8651,"sc":3,"lpe":77.59,"lpr":5803.66,"lq":4.17,"d":1446},{"pi":"422380","pc":"Промышленные товары","ss":100000,"td":"Фешенебельный район","dc":3,"n":684.82,"vc":"более 200 000","sl":"Очень высокий","sv":"около 2 000","p":8289.64,"q":24.09,"b":3.56,"ms":6.01,"wi":42.97,"ei":7.04,"as":689.17,"mi":"E","mv":33281,"sc":2,"lpe":92.36,"lpr":4837.51,"lq":3.24,"d":1215},{"pi":"422380","pc":"Промышленные товары","ss":100000,"td":"Центр города","dc":2,"n":459.84,"vc":"более 200 000","sl":"Элитный","sv":"около 500","p":7500.0,"q":14.1,"b":0.0,"ms":1.63,"wi":42.97,"ei":7.04,"as":689.17,"mi":"E","mv":33281,"sc":2,"lpe":92.36,"lpr":4837.51,"lq":3.24,"d":1215},{"pi":"422380","pc":"Промышленные товары","ss":100000,"td":"Центр города","dc":2,"n":436.02,"vc":"более 100 000","sl":"Очень высокий","sv":"более 100","p":33000.0,"q":16.64,"b":0.0,"ms":0.68,"wi":25.78,"ei":5.86,"as":525.34,"mi":"E","mv":17868,"sc":1,"lpe":99.32,"lpr":7424.27,"lq":1.0,"d":2664},{"pi":"422380","pc":"Промышленные товары","ss":100000,"td":"Центр города","dc":1,"n":475.17,"vc":"более 100 000","sl":"Элитный","sv":"около 1 000","p":20000.0,"q":25.08,"b":6.46,"ms":5.79,"wi":78.29,"ei":8.28,"as":555.07,"mi":"E","mv":17264,"sc":1,"lpe":94.21,"lpr":14439.67,"lq":1.0,"d":847},{"pi":"422380","pc":"Промышленные товары","ss":100000,"td":"Фешенебельный район","dc":3,"n":418.98,"vc":"более 20 000","sl":"Элитный","sv":"более 1 000","p":28000.0,"q":17.53,"b":0.0,"ms":3.77,"wi":66.49,"ei":11.25,"as":422.13,"mi":"E","mv":39839,"sc":2,"lpe":93.72,"lpr":14543.12,"lq":1.0,"d":1852},{"pi":"422380","pc":"Промышленные товары","ss":100000,"td":"Центр города","dc":1,"n":580.79,"vc":"около 500 000","sl":"Очень высокий","sv":"около 1 000","p":24000.0,"q":19.05,"b":0.0,"ms":2.51,"wi":66.49,"ei":11.25,"as":422.13,"mi":"E","mv":39839,"sc":2,"lpe":93.72,"lpr":14543.12,"lq":1.0,"d":1852},{"pi":"422380","pc":"Промышленные товары","ss":100000,"td":"Фешенебельный район","dc":3,"n":476.08,"vc":"около 50 000","sl":"Элитный","sv":"более 2 000","p":39333.33,"q":17.73,"b":0.0,"ms":9.03,"wi":79.93,"ei":8.4,"as":865.82,"mi":"E","mv":25338,"sc":1,"lpe":90.97,"lpr":11922.37,"lq":1.64,"d":1983},{"pi":"422380","pc":"Промышленные товары","ss":100000,"td":"Центр города","dc":1,"n":548.49,"vc":"более 200 000","sl":"Элитный","sv":"более 2 000","p":8000.0,"q":25.12,"b":6.46,"ms":45.86,"wi":52.72,"ei":6.41,"as":269.05,"mi":"E","mv":6304,"sc":1,"lpe":54.14,"lpr":1665.75,"lq":3.18,"d":616},{"pi":"422380","pc":"Промышленные товары","ss":100000,"td":"Фешенебельный район","dc":2,"n":556.16,"vc":"около 50 000","sl":"Элитный","sv":"около 1 000","p":33000.0,"q":11.2,"b":0.0,"ms":9.78,"wi":73.23,"ei":8.34,"as":986.88,"mi":"E","mv":8517,"sc":1,"lpe":90.22,"lpr":11201.29,"lq":1.0,"d":469},{"pi":"422380","pc":"Промышленные товары","ss":500,"td":"Спальный район","dc":1,"n":265.44,"vc":"более 200","sl":"Очень высокий","sv":"менее 50","p":1881.02,"q":7.56,"b":1.26,"ms":0.01,"wi":24.88,"ei":4.68,"as":294.82,"mi":"E","mv":12485,"sc":1,"lpe":99.99,"lpr":935.83,"lq":1.0,"d":350},{"pi":"422380","pc":"Промышленные товары","ss":1000,"td":"Центр города","dc":1,"n":540.33,"vc":"около 5 000","sl":"Нормальный","sv":"около 1 000","p":20000.0,"q":25.08,"b":4.61,"ms":4.37,"wi":93.23,"ei":6.87,"as":630.83,"mi":"E","mv":22898,"sc":2,"lpe":93.34,"lpr":8552.44,"lq":1.58,"d":757},{"pi":"422380","pc":"Промышленные товары","ss":1000,"td":"Центр города","dc":1,"n":523.08,"vc":"около 5 000","sl":"Нормальный","sv":"около 500","p":22111.25,"q":11.76,"b":0.27,"ms":2.29,"wi":93.23,"ei":6.87,"as":630.83,"mi":"E","mv":22898,"sc":2,"lpe":93.34,"lpr":8552.44,"lq":1.58,"d":757},{"pi":"422380","pc":"Промышленные товары","ss":10000,"td":"Центр города","dc":1,"n":439.15,"vc":"более 20 000","sl":"Очень высокий","sv":"около 1 000","p":20000.0,"q":25.08,"b":5.11,"ms":0.77,"wi":84.34,"ei":6.6,"as":536.85,"mi":"E","mv":129265,"sc":1,"lpe":99.23,"lpr":13276.16,"lq":1.0,"d":3367},{"pi":"422380","pc":"Промышленные товары","ss":1000,"td":"Фешенебельный район","dc":6,"n":47.21,"vc":"около 50","sl":"Элитный","sv":"менее 50","p":8000.0,"q":2.46,"b":0.0,"ms":0.01,"wi":64.2,"ei":11.8,"as":404.3,"mi":"E","mv":16997,"sc":1,"lpe":99.99,"lpr":8330.25,"lq":1.0,"d":11826},{"pi":"422380","pc":"Промышленные товары","ss":100000,"td":"Центр города","dc":1,"n":566.08,"vc":"около 500 000","sl":"Элитный","sv":"около 1 000","p":30000.0,"q":25.08,"b":5.93,"ms":12.87,"wi":170.37,"ei":9.3,"as":3947.5,"mi":"E","mv":7770,"sc":1,"lpe":87.13,"lpr":10423.1,"lq":8.28,"d":319},{"pi":"422380","pc":"Промышленные товары","ss":100000,"td":"Центр города","dc":1,"n":673.76,"vc":"более 1 000 000","sl":"Высокий","sv":"около 5 000","p":16000.0,"q":24.69,"b":5.67,"ms":14.21,"wi":133.29,"ei":12.92,"as":4489.32,"mi":"E","mv":26685,"sc":2,"lpe":82.04,"lpr":12087.42,"lq":7.48,"d":940},{"pi":"422380","pc":"Промышленные товары","ss":100000,"td":"Центр города","dc":1,"n":466.27,"vc":"более 100 000","sl":"Элитный","sv":"около 1 000","p":10000.0,"q":25.08,"b":5.93,"ms":3.75,"wi":133.29,"ei":12.92,"as":4489.32,"mi":"E","mv":26685,"sc":2,"lpe":82.04,"lpr":12087.42,"lq":7.48,"d":940},{"pi":"422380","pc":"Промышленные товары","ss":100000,"td":"Центр города","dc":1,"n":466.54,"vc":"более 100 000","sl":"Элитный","sv":"около 5 000","p":30000.0,"q":25.08,"b":5.93,"ms":18.12,"wi":150.0,"ei":13.64,"as":4851.15,"mi":"E","mv":27591,"sc":1,"lpe":81.88,"lpr":20970.36,"lq":13.53,"d":890},{"pi":"422380","pc":"Промышленные товары","ss":100000,"td":"Центр города","dc":1,"n":597.42,"vc":"более 200 000","sl":"Элитный","sv":"около 1 000","p":20000.0,"q":25.08,"b":5.93,"ms":20.81,"wi":177.29,"ei":8.68,"as":4301.71,"mi":"E","mv":4806,"sc":1,"lpe":79.19,"lpr":11360.07,"lq":8.94,"d":181},{"pi":"422380","pc":"Промышленные товары","ss":100000,"td":"Центр города","dc":1,"n":605.68,"vc":"около 500 000","sl":"Элитный","sv":"около 1 000","p":20000.0,"q":25.22,"b":5.93,"ms":19.04,"wi":122.87,"ei":8.87,"as":3799.76,"mi":"E","mv":4586,"sc":1,"lpe":80.96,"lpr":5467.61,"lq":4.31,"d":209},{"pi":"422380","pc":"Промышленные товары","ss":100000,"td":"Центр города","dc":1,"n":572.72,"vc":"около 500 000","sl":"Элитный","sv":"около 1 000","p":20000.0,"q":25.08,"b":5.93,"ms":15.34,"wi":139.78,"ei":8.77,"as":4114.09,"mi":"E","mv":6520,"sc":1,"lpe":84.66,"lpr":15600.34,"lq":11.78,"d":285},{"pi":"422380","pc":"Промышленные товары","ss":100000,"td":"Центр города","dc":1,"n":604.92,"vc":"около 500 000","sl":"Элитный","sv":"около 1 000","p":20000.0,"q":25.08,"b":5.93,"ms":23.38,"wi":150.93,"ei":9.01,"as":3939.88,"mi":"E","mv":4278,"sc":1,"lpe":76.62,"lpr":5131.74,"lq":4.24,"d":169},{"pi":"422380","pc":"Промышленные товары","ss":500,"td":"Фешенебельный район","dc":9,"n":117.33,"vc":"менее 50","sl":"Элитный","sv":"более 100","p":1678.03,"q":22.52,"b":3.29,"ms":1.95,"wi":17.85,"ei":5.4,"as":282.66,"mi":"E","mv":9491,"sc":1,"lpe":98.05,"lpr":913.71,"lq":1.0,"d":242},{"pi":"422380","pc":"Промышленные товары","ss":100000,"td":"Центр города","dc":2,"n":229.78,"vc":"более 10 000","sl":"Элитный","sv":"около 1 000","p":9000.0,"q":10.37,"b":0.31,"ms":8.93,"wi":32.49,"ei":7.79,"as":564.88,"mi":"E","mv":10843,"sc":1,"lpe":91.07,"lpr":3212.13,"lq":1.0,"d":2529},{"pi":"422380","pc":"Промышленные товары","ss":100000,"td":"Фешенебельный район","dc":3,"n":694.99,"vc":"более 100 000","sl":"Элитный","sv":"около 100","p":5647.65,"q":25.31,"b":2.04,"ms":6.46,"wi":12.05,"ei":5.59,"as":307.09,"mi":"E","mv":1549,"sc":2,"lpe":91.54,"lpr":2678.08,"lq":1.0,"d":625},{"pi":"422380","pc":"Промышленные товары","ss":100000,"td":"Пригород","dc":10,"n":129.94,"vc":"более 1 000","sl":"Элитный","sv":"менее 50","p":3340.0,"q":8.23,"b":0.0,"ms":2.0,"wi":12.05,"ei":5.59,"as":307.09,"mi":"E","mv":1549,"sc":2,"lpe":91.54,"lpr":2678.08,"lq":1.0,"d":625},{"pi":"422380","pc":"Промышленные товары","ss":500,"td":"Спальный район","dc":1,"n":273.49,"vc":"более 200","sl":"Очень высокий","sv":"менее 50","p":8792.54,"q":7.56,"b":0.5,"ms":0.01,"wi":38.92,"ei":5.51,"as":395.99,"mi":"E","mv":9062,"sc":1,"lpe":99.99,"lpr":4583.26,"lq":1.0,"d":402},{"pi":"422380","pc":"Промышленные товары","ss":500,"td":"Спальный район","dc":1,"n":314.03,"vc":"более 200","sl":"Элитный","sv":"менее 50","p":2159.3,"q":7.56,"b":0.5,"ms":0.02,"wi":17.89,"ei":4.73,"as":293.99,"mi":"E","mv":4879,"sc":1,"lpe":99.98,"lpr":1127.99,"lq":1.0,"d":205},{"pi":"422380","pc":"Промышленные товары","ss":10000,"td":"Центр города","dc":1,"n":403.0,"vc":"более 10 000","sl":"Элитный","sv":"более 1 000","p":4999.94,"q":22.59,"b":1.21,"ms":17.56,"wi":103.68,"ei":7.68,"as":1568.05,"mi":"E","mv":10779,"sc":1,"lpe":82.44,"lpr":8416.32,"lq":6.33,"d":634},{"pi":"422380","pc":"Промышленные товары","ss":100000,"td":"Центр города","dc":1,"n":463.43,"vc":"около 500 000","sl":"Очень высокий","sv":"более 10 000","p":40000.0,"q":17.53,"b":0.0,"ms":4.28,"wi":60.74,"ei":5.73,"as":513.33,"mi":"E","mv":235864,"sc":4,"lpe":90.81,"lpr":15944.95,"lq":1.08,"d":9704},{"pi":"422380","pc":"Промышленные товары","ss":100000,"td":"Центр города","dc":1,"n":352.77,"vc":"более 100 000","sl":"Очень высокий","sv":"около 10 000","p":14000.0,"q":19.05,"b":0.0,"ms":4.24,"wi":60.74,"ei":5.73,"as":513.33,"mi":"E","mv":235864,"sc":4,"lpe":90.81,"lpr":15944.95,"lq":1.08,"d":9704},{"pi":"422380","pc":"Промышленные товары","ss":100000,"td":"Центр города","dc":2,"n":444.37,"vc":"около 500 000","sl":"Очень высокий","sv":"более 1 000","p":22000.0,"q":19.05,"b":0.0,"ms":0.66,"wi":60.74,"ei":5.73,"as":513.33,"mi":"E","mv":235864,"sc":4,"lpe":90.81,"lpr":15944.95,"lq":1.08,"d":9704},{"pi":"422380","pc":"Промышленные товары","ss":100000,"td":"Центр города","dc":1,"n":443.26,"vc":"более 200 000","sl":"Элитный","sv":"менее 50","p":100000.0,"q":28.61,"b":4.28,"ms":0.01,"wi":60.74,"ei":5.73,"as":513.33,"mi":"E","mv":235864,"sc":4,"lpe":90.81,"lpr":15944.95,"lq":1.08,"d":9704},{"pi":"422380","pc":"Промышленные товары","ss":10000,"td":"Центр города","dc":1,"n":35.12,"vc":"более 1 000","sl":"Элитный","sv":"менее 50","p":28254.44,"q":11.28,"b":0.64,"ms":0.0,"wi":66.62,"ei":7.76,"as":564.62,"mi":"E","mv":87762,"sc":1,"lpe":100.0,"lpr":11356.78,"lq":1.0,"d":3493},{"pi":"422380","pc":"Промышленные товары","ss":500,"td":"Спальный район","dc":1,"n":328.0,"vc":"более 200","sl":"Очень высокий","sv":"менее 50","p":1719.72,"q":7.56,"b":1.26,"ms":0.02,"wi":16.79,"ei":3.78,"as":224.87,"mi":"E","mv":5240,"sc":1,"lpe":99.98,"lpr":855.58,"lq":1.0,"d":225},{"pi":"422380","pc":"Промышленные товары","ss":100000,"td":"Центр города","dc":1,"n":685.42,"vc":"около 500 000","sl":"Очень высокий","sv":"более 100","p":14500.0,"q":16.69,"b":0.0,"ms":11.32,"wi":109.47,"ei":8.16,"as":2833.35,"mi":"E","mv":1325,"sc":2,"lpe":87.25,"lpr":10195.76,"lq":5.88,"d":521},{"pi":"422380","pc":"Промышленные товары","ss":1000,"td":"Фешенебельный район","dc":1,"n":685.29,"vc":"около 1 000","sl":"Элитный","sv":"менее 50","p":28500.0,"q":13.64,"b":0.0,"ms":1.43,"wi":109.47,"ei":8.16,"as":2833.35,"mi":"E","mv":1325,"sc":2,"lpe":87.25,"lpr":10195.76,"lq":5.88,"d":521},{"pi":"422380","pc":"Промышленные товары","ss":500,"td":"Фешенебельный район","dc":1,"n":699.26,"vc":"более 200","sl":"Элитный","sv":"около 500","p":3295.13,"q":25.31,"b":3.56,"ms":5.19,"wi":22.05,"ei":8.2,"as":543.77,"mi":"E","mv":9626,"sc":1,"lpe":94.81,"lpr":1363.17,"lq":1.0,"d":414},{"pi":"422380","pc":"Промышленные товары","ss":500,"td":"Фешенебельный район","dc":1,"n":664.05,"vc":"около 500","sl":"Очень высокий","sv":"более 1 000","p":7593.99,"q":24.09,"b":3.56,"ms":5.82,"wi":34.3,"ei":9.54,"as":519.17,"mi":"E","mv":24069,"sc":3,"lpe":93.75,"lpr":2989.78,"lq":1.0,"d":929},{"pi":"422380","pc":"Промышленные товары","ss":1000,"td":"Фешенебельный район","dc":1,"n":680.92,"vc":"более 1 000","sl":"Очень высокий","sv":"около 100","p":5000.0,"q":25.08,"b":0.0,"ms":0.42,"wi":34.3,"ei":9.54,"as":519.17,"mi":"E","mv":24069,"sc":3,"lpe":93.75,"lpr":2989.78,"lq":1.0,"d":929},{"pi":"422380","pc":"Промышленные товары","ss":1000,"td":"Фешенебельный район","dc":1,"n":610.04,"vc":"более 1 000","sl":"Элитный","sv":"менее 50","p":21300.0,"q":14.53,"b":0.05,"ms":0.0,"wi":34.3,"ei":9.54,"as":519.17,"mi":"E","mv":24069,"sc":3,"lpe":93.75,"lpr":2989.78,"lq":1.0,"d":929},{"pi":"422380","pc":"Промышленные товары","ss":100000,"td":"Фешенебельный район","dc":4,"n":537.99,"vc":"около 100 000","sl":"Элитный","sv":"около 5 000","p":25224.61,"q":22.88,"b":1.84,"ms":4.64,"wi":75.37,"ei":9.56,"as":419.1,"mi":"E","mv":107670,"sc":5,"lpe":93.46,"lpr":11961.04,"lq":1.0,"d":3663},{"pi":"422380","pc":"Промышленные товары","ss":100000,"td":"Центр города","dc":4,"n":537.89,"vc":"около 500 000","sl":"Низкий","sv":"более 1 000","p":27000.0,"q":4.18,"b":0.67,"ms":0.96,"wi":75.37,"ei":9.56,"as":419.1,"mi":"E","mv":107670,"sc":5,"lpe":93.46,"lpr":11961.04,"lq":1.0,"d":3663},{"pi":"422380","pc":"Промышленные товары","ss":100000,"td":"Центр города","dc":1,"n":516.74,"vc":"около 500 000","sl":"Элитный","sv":"около 1 000","p":15000.0,"q":25.08,"b":4.21,"ms":0.93,"wi":75.37,"ei":9.56,"as":419.1,"mi":"E","mv":107670,"sc":5,"lpe":93.46,"lpr":11961.04,"lq":1.0,"d":3663},{"pi":"422380","pc":"Промышленные товары","ss":100000,"td":"Центр города","dc":1,"n":523.75,"vc":"около 500 000","sl":"Очень высокий","sv":"менее 50","p":100000.0,"q":28.61,"b":4.23,"ms":0.0,"wi":75.37,"ei":9.56,"as":419.1,"mi":"E","mv":107670,"sc":5,"lpe":93.46,"lpr":11961.04,"lq":1.0,"d":3663},{"pi":"422380","pc":"Промышленные товары","ss":100000,"td":"Центр города","dc":1,"n":523.75,"vc":"около 500 000","sl":"Элитный","sv":"менее 50","p":100000.0,"q":28.61,"b":4.23,"ms":0.0,"wi":75.37,"ei":9.56,"as":419.1,"mi":"E","mv":107670,"sc":5,"lpe":93.46,"lpr":11961.04,"lq":1.0,"d":3663},{"pi":"422380","pc":"Промышленные товары","ss":100000,"td":"Центр города","dc":1,"n":487.76,"vc":"около 500 000","sl":"Низкий","sv":"более 20 000","p":17000.0,"q":31.69,"b":0.0,"ms":20.46,"wi":100.43,"ei":12.79,"as":804.73,"mi":"E","mv":136192,"sc":3,"lpe":75.23,"lpr":12262.23,"lq":8.14,"d":4137},{"pi":"422380","pc":"Промышленные товары","ss":100000,"td":"Центр города","dc":3,"n":515.66,"vc":"около 500 000","sl":"Нормальный","sv":"около 5 000","p":37000.0,"q":17.53,"b":0.0,"ms":3.58,"wi":100.43,"ei":12.79,"as":804.73,"mi":"E","mv":136192,"sc":3,"lpe":75.23,"lpr":12262.23,"lq":8.14,"d":4137},{"pi":"422380","pc":"Промышленные товары","ss":100000,"td":"Центр города","dc":1,"n":454.76,"vc":"около 500 000","sl":"Элитный","sv":"около 1 000","p":30000.0,"q":25.08,"b":4.21,"ms":0.73,"wi":100.43,"ei":12.79,"as":804.73,"mi":"E","mv":136192,"sc":3,"lpe":75.23,"lpr":12262.23,"lq":8.14,"d":4137},{"pi":"422380","pc":"Промышленные товары","ss":100000,"td":"Центр города","dc":1,"n":475.7,"vc":"более 300 000","sl":"Элитный","sv":"около 1 000","p":30000.0,"q":25.08,"b":4.21,"ms":1.75,"wi":146.31,"ei":15.52,"as":2307.77,"mi":"E","mv":57012,"sc":1,"lpe":98.25,"lpr":59035.5,"lq":1.0,"d":2095},{"pi":"422380","pc":"Промышленные товары","ss":500,"td":"Фешенебельный район","dc":1,"n":696.88,"vc":"около 500","sl":"Очень высокий","sv":"около 1 000","p":4532.63,"q":24.09,"b":2.77,"ms":17.57,"wi":36.78,"ei":7.4,"as":274.72,"mi":"E","mv":4554,"sc":1,"lpe":82.43,"lpr":2428.39,"lq":2.05,"d":399},{"pi":"422380","pc":"Промышленные товары","ss":100000,"td":"Центр города","dc":1,"n":465.49,"vc":"около 500 000","sl":"Очень высокий","sv":"более 20 000","p":48000.0,"q":22.74,"b":2.99,"ms":12.79,"wi":132.97,"ei":9.27,"as":1723.67,"mi":"E","mv":212573,"sc":6,"lpe":85.79,"lpr":18638.2,"lq":1.24,"d":8477},{"pi":"422380","pc":"Промышленные товары","ss":100000,"td":"Фешенебельный район","dc":1,"n":598.86,"vc":"более 200 000","sl":"Элитный","sv":"около 2 000","p":38000.0,"q":24.18,"b":0.0,"ms":0.94,"wi":132.97,"ei":9.27,"as":1723.67,"mi":"E","mv":212573,"sc":6,"lpe":85.79,"lpr":18638.2,"lq":1.24,"d":8477},{"pi":"422380","pc":"Промышленные товары","ss":100000,"td":"Фешенебельный район","dc":1,"n":448.95,"vc":"около 50 000","sl":"Элитный","sv":"около 1 000","p":15000.0,"q":25.08,"b":4.21,"ms":0.47,"wi":132.97,"ei":9.27,"as":1723.67,"mi":"E","mv":212573,"sc":6,"lpe":85.79,"lpr":18638.2,"lq":1.24,"d":8477},{"pi":"422380","pc":"Промышленные товары","ss":100000,"td":"Центр города","dc":1,"n":461.82,"vc":"около 500 000","sl":"Элитный","sv":"менее 50","p":100000.0,"q":28.61,"b":4.23,"ms":0.0,"wi":132.97,"ei":9.27,"as":1723.67,"mi":"E","mv":212573,"sc":6,"lpe":85.79,"lpr":18638.2,"lq":1.24,"d":8477},{"pi":"422380","pc":"Промышленные товары","ss":10000,"td":"Центр города","dc":1,"n":94.38,"vc":"около 5 000","sl":"Элитный","sv":"менее 50","p":31586.45,"q":11.29,"b":0.64,"ms":0.0,"wi":132.97,"ei":9.27,"as":1723.67,"mi":"E","mv":212573,"sc":6,"lpe":85.79,"lpr":18638.2,"lq":1.24,"d":8477},{"pi":"422380","pc":"Промышленные товары","ss":100000,"td":"Центр города","dc":1,"n":461.82,"vc":"около 500 000","sl":"Элитный","sv":"менее 50","p":100000.0,"q":28.61,"b":4.23,"ms":0.0,"wi":132.97,"ei":9.27,"as":1723.67,"mi":"E","mv":212573,"sc":6,"lpe":85.79,"lpr":18638.2,"lq":1.24,"d":8477},{"pi":"422380","pc":"Промышленные товары","ss":100000,"td":"Центр города","dc":1,"n":396.51,"vc":"более 100 000","sl":"Элитный","sv":"около 1 000","p":30000.0,"q":25.08,"b":4.49,"ms":1.31,"wi":93.64,"ei":6.95,"as":590.98,"mi":"E","mv":76498,"sc":1,"lpe":98.69,"lpr":19841.7,"lq":1.0,"d":2212},{"pi":"422380","pc":"Промышленные товары","ss":100000,"td":"Центр города","dc":1,"n":577.93,"vc":"более 1 000 000","sl":"Нормальный","sv":"более 10 000","p":20000.0,"q":24.81,"b":4.47,"ms":5.11,"wi":108.19,"ei":6.67,"as":874.7,"mi":"E","mv":376418,"sc":2,"lpe":94.63,"lpr":23468.82,"lq":1.0,"d":12114},{"pi":"422380","pc":"Промышленные товары","ss":100000,"td":"Центр города","dc":1,"n":350.76,"vc":"более 100 000","sl":"Элитный","sv":"около 1 000","p":30000.0,"q":25.08,"b":4.49,"ms":0.27,"wi":108.19,"ei":6.67,"as":874.7,"mi":"E","mv":376418,"sc":2,"lpe":94.63,"lpr":23468.82,"lq":1.0,"d":12114},{"pi":"422380","pc":"Промышленные товары","ss":100000,"td":"Центр города","dc":8,"n":296.35,"vc":"около 100 000","sl":"Очень высокий","sv":"менее 50","p":32000.0,"q":16.95,"b":0.0,"ms":0.0,"wi":33.37,"ei":5.09,"as":182.41,"mi":"E","mv":579418,"sc":2,"lpe":99.93,"lpr":5049.97,"lq":1.0,"d":22072},{"pi":"422380","pc":"Промышленные товары","ss":100000,"td":"Центр города","dc":1,"n":609.08,"vc":"около 500 000","sl":"Элитный","sv":"около 500","p":25000.0,"q":13.05,"b":0.02,"ms":7.55,"wi":75.97,"ei":9.64,"as":709.18,"mi":"E","mv":6957,"sc":1,"lpe":92.45,"lpr":7410.39,"lq":2.67,"d":316},{"pi":"422380","pc":"Промышленные товары","ss":100000,"td":"Центр города","dc":1,"n":682.41,"vc":"около 5 000 000","sl":"Низкий","sv":"более 10 000","p":15000.0,"q":30.81,"b":4.88,"ms":5.94,"wi":57.22,"ei":5.1,"as":348.24,"mi":"E","mv":295409,"sc":1,"lpe":94.06,"lpr":3960.51,"lq":1.0,"d":6499},{"pi":"422380","pc":"Промышленные товары","ss":100000,"td":"Центр города","dc":3,"n":528.57,"vc":"около 500 000","sl":"Нормальный","sv":"более 1 000","p":35000.0,"q":12.83,"b":0.19,"ms":7.67,"wi":52.72,"ei":6.99,"as":429.77,"mi":"E","mv":16093,"sc":1,"lpe":92.33,"lpr":9210.43,"lq":1.31,"d":930},{"pi":"422380","pc":"Промышленные товары","ss":100000,"td":"Центр города","dc":1,"n":544.06,"vc":"около 500 000","sl":"Элитный","sv":"менее 50","p":100000.0,"q":28.61,"b":4.23,"ms":0.0,"wi":70.58,"ei":6.82,"as":357.76,"mi":"E","mv":41644,"sc":1,"lpe":100.0,"lpr":13719.4,"lq":1.0,"d":1780},{"pi":"422380","pc":"Промышленные товары","ss":100000,"td":"Фешенебельный район","dc":1,"n":623.96,"vc":"более 100 000","sl":"Элитный","sv":"около 1 000","p":15000.0,"q":25.08,"b":4.21,"ms":6.35,"wi":128.02,"ei":8.73,"as":1034.79,"mi":"E","mv":15750,"sc":2,"lpe":93.64,"lpr":18623.35,"lq":1.0,"d":811},{"pi":"422380","pc":"Промышленные товары","ss":100000,"td":"Центр города","dc":1,"n":554.08,"vc":"около 500 000","sl":"Элитный","sv":"менее 50","p":100000.0,"q":28.61,"b":4.23,"ms":0.01,"wi":128.02,"ei":8.73,"as":1034.79,"mi":"E","mv":15750,"sc":2,"lpe":93.64,"lpr":18623.35,"lq":1.0,"d":811},{"pi":"422380","pc":"Промышленные товары","ss":10000,"td":"Центр города","dc":1,"n":22.88,"vc":"около 1 000","sl":"Элитный","sv":"менее 50","p":25461.9,"q":11.29,"b":0.73,"ms":0.0,"wi":50.17,"ei":6.4,"as":344.62,"mi":"E","mv":30842,"sc":1,"lpe":100.0,"lpr":7512.08,"lq":1.0,"d":788},{"pi":"422380","pc":"Промышленные товары","ss":100000,"td":"Центр города","dc":2,"n":500.75,"vc":"более 200 000","sl":"Нормальный","sv":"около 50","p":4350.0,"q":5.12,"b":0.0,"ms":0.22,"wi":12.76,"ei":4.53,"as":440.07,"mi":"E","mv":16373,"sc":2,"lpe":99.77,"lpr":1202.9,"lq":1.0,"d":1206},{"pi":"422380","pc":"Промышленные товары","ss":500,"td":"Спальный район","dc":1,"n":202.84,"vc":"более 200","sl":"Очень высокий","sv":"менее 50","p":2431.74,"q":7.56,"b":0.6,"ms":0.01,"wi":12.76,"ei":4.53,"as":440.07,"mi":"E","mv":16373,"sc":2,"lpe":99.77,"lpr":1202.9,"lq":1.0,"d":1206},{"pi":"422380","pc":"Промышленные товары","ss":100000,"td":"Фешенебельный район","dc":5,"n":612.39,"vc":"около 100 000","sl":"Элитный","sv":"около 1 000","p":1485.43,"q":22.85,"b":3.22,"ms":10.12,"wi":10.97,"ei":4.17,"as":176.33,"mi":"E","mv":9879,"sc":2,"lpe":89.87,"lpr":554.23,"lq":1.02,"d":1246},{"pi":"422380","pc":"Промышленные товары","ss":500,"td":"Спальный район","dc":1,"n":249.8,"vc":"более 300","sl":"Высокий","sv":"менее 50","p":1257.8,"q":7.56,"b":0.6,"ms":0.01,"wi":10.97,"ei":4.17,"as":176.33,"mi":"E","mv":9879,"sc":2,"lpe":89.87,"lpr":554.23,"lq":1.02,"d":1246},{"pi":"422380","pc":"Промышленные товары","ss":100000,"td":"Центр города","dc":1,"n":527.53,"vc":"около 500 000","sl":"Элитный","sv":"менее 50","p":100000.0,"q":28.61,"b":4.23,"ms":0.01,"wi":95.22,"ei":7.84,"as":648.74,"mi":"E","mv":31572,"sc":1,"lpe":99.99,"lpr":13437.48,"lq":1.0,"d":1471},{"pi":"422380","pc":"Промышленные товары","ss":10000,"td":"Спальный район","dc":1,"n":232.02,"vc":"около 5 000","sl":"Элитный","sv":"более 200","p":22500.0,"q":16.62,"b":0.0,"ms":1.29,"wi":43.02,"ei":4.91,"as":235.89,"mi":"E","mv":22513,"sc":1,"lpe":98.71,"lpr":9071.78,"lq":1.0,"d":2085},{"pi":"422380","pc":"Промышленные товары","ss":100000,"td":"Фешенебельный район","dc":1,"n":686.48,"vc":"более 200 000","sl":"Очень высокий","sv":"около 1 000","p":30000.0,"q":17.36,"b":0.0,"ms":4.83,"wi":105.35,"ei":7.18,"as":506.56,"mi":"E","mv":20692,"sc":1,"lpe":95.17,"lpr":36620.81,"lq":1.0,"d":1026},{"pi":"422380","pc":"Промышленные товары","ss":10000,"td":"Фешенебельный район","dc":1,"n":554.78,"vc":"около 5 000","sl":"Элитный","sv":"более 1 000","p":20000.0,"q":11.12,"b":0.73,"ms":14.95,"wi":43.39,"ei":4.17,"as":254.56,"mi":"E","mv":10491,"sc":1,"lpe":85.05,"lpr":6547.06,"lq":2.22,"d":592},{"pi":"422380","pc":"Промышленные товары","ss":100000,"td":"Фешенебельный район","dc":3,"n":401.26,"vc":"более 10 000","sl":"Элитный","sv":"более 2 000","p":16000.0,"q":16.93,"b":0.0,"ms":3.23,"wi":47.55,"ei":12.32,"as":481.26,"mi":"E","mv":68510,"sc":3,"lpe":96.74,"lpr":6337.99,"lq":1.0,"d":2667},{"pi":"422380","pc":"Промышленные товары","ss":1000,"td":"Спальный район","dc":1,"n":95.01,"vc":"около 500","sl":"Элитный","sv":"менее 50","p":20000.0,"q":16.61,"b":0.0,"ms":0.03,"wi":47.55,"ei":12.32,"as":481.26,"mi":"E","mv":68510,"sc":3,"lpe":96.74,"lpr":6337.99,"lq":1.0,"d":2667},{"pi":"422380","pc":"Промышленные товары","ss":500,"td":"Спальный район","dc":1,"n":142.97,"vc":"более 200","sl":"Элитный","sv":"менее 50","p":13273.86,"q":7.56,"b":0.6,"ms":0.0,"wi":47.55,"ei":12.32,"as":481.26,"mi":"E","mv":68510,"sc":3,"lpe":96.74,"lpr":6337.99,"lq":1.0,"d":2667},{"pi":"422380","pc":"Промышленные товары","ss":100000,"td":"Фешенебельный район","dc":1,"n":615.63,"vc":"около 500 000","sl":"Элитный","sv":"около 5 000","p":27000.0,"q":24.69,"b":4.64,"ms":1.13,"wi":91.03,"ei":12.41,"as":652.46,"mi":"E","mv":532554,"sc":2,"lpe":98.68,"lpr":9096.69,"lq":1.78,"d":15986},{"pi":"422380","pc":"Промышленные товары","ss":100000,"td":"Фешенебельный район","dc":1,"n":474.34,"vc":"около 100 000","sl":"Элитный","sv":"около 1 000","p":30000.0,"q":25.08,"b":4.61,"ms":0.19,"wi":91.03,"ei":12.41,"as":652.46,"mi":"E","mv":532554,"sc":2,"lpe":98.68,"lpr":9096.69,"lq":1.78,"d":15986},{"pi":"422380","pc":"Промышленные товары","ss":100000,"td":"Фешенебельный район","dc":3,"n":582.04,"vc":"около 50 000","sl":"Элитный","sv":"около 3 000","p":921.74,"q":24.49,"b":2.72,"ms":35.07,"wi":12.38,"ei":4.1,"as":136.56,"mi":"E","mv":8555,"sc":1,"lpe":64.93,"lpr":340.51,"lq":1.05,"d":777},{"pi":"422380","pc":"Промышленные товары","ss":100000,"td":"Центр города","dc":1,"n":369.31,"vc":"более 100 000","sl":"Элитный","sv":"около 50 000","p":22562.5,"q":11.77,"b":0.02,"ms":31.38,"wi":117.9,"ei":6.83,"as":721.28,"mi":"E","mv":193274,"sc":3,"lpe":62.93,"lpr":10689.33,"lq":2.67,"d":4698},{"pi":"422380","pc":"Промышленные товары","ss":100000,"td":"Фешенебельный район","dc":1,"n":699.11,"vc":"около 500 000","sl":"Элитный","sv":"около 10 000","p":23000.0,"q":26.2,"b":4.64,"ms":5.17,"wi":117.9,"ei":6.83,"as":721.28,"mi":"E","mv":193274,"sc":3,"lpe":62.93,"lpr":10689.33,"lq":2.67,"d":4698},{"pi":"422380","pc":"Промышленные товары","ss":100000,"td":"Фешенебельный район","dc":1,"n":603.61,"vc":"более 200 000","sl":"Элитный","sv":"около 1 000","p":20000.0,"q":25.08,"b":4.61,"ms":0.52,"wi":117.9,"ei":6.83,"as":721.28,"mi":"E","mv":193274,"sc":3,"lpe":62.93,"lpr":10689.33,"lq":2.67,"d":4698},{"pi":"422380","pc":"Промышленные товары","ss":500,"td":"Спальный район","dc":1,"n":215.4,"vc":"более 200","sl":"Элитный","sv":"менее 50","p":6678.99,"q":7.56,"b":0.6,"ms":0.01,"wi":28.41,"ei":9.96,"as":295.66,"mi":"E","mv":17837,"sc":1,"lpe":99.99,"lpr":3489.02,"lq":1.0,"d":898},{"pi":"422380","pc":"Промышленные товары","ss":500,"td":"Спальный район","dc":1,"n":182.23,"vc":"более 200","sl":"Элитный","sv":"менее 50","p":7393.38,"q":7.56,"b":0.6,"ms":0.0,"wi":29.1,"ei":9.68,"as":218.57,"mi":"E","mv":29725,"sc":1,"lpe":100.0,"lpr":3433.97,"lq":1.0,"d":1619},{"pi":"422380","pc":"Промышленные товары","ss":100000,"td":"Спальный район","dc":1,"n":422.48,"vc":"более 100 000","sl":"Элитный","sv":"около 1 000","p":4000.0,"q":25.08,"b":4.5,"ms":2.0,"wi":60.97,"ei":7.92,"as":423.5,"mi":"E","mv":49901,"sc":1,"lpe":98.0,"lpr":9931.9,"lq":1.0,"d":1657},{"pi":"422380","pc":"Промышленные товары","ss":10000,"td":"Центр города","dc":1,"n":353.72,"vc":"более 10 000","sl":"Очень высокий","sv":"около 5 000","p":5000.0,"q":11.01,"b":0.0,"ms":3.68,"wi":33.11,"ei":4.7,"as":383.56,"mi":"E","mv":107546,"sc":1,"lpe":96.32,"lpr":2662.57,"lq":1.0,"d":2769},{"pi":"422380","pc":"Промышленные товары","ss":500,"td":"Фешенебельный район","dc":1,"n":612.22,"vc":"около 50","sl":"Элитный","sv":"около 50","p":9045.1,"q":12.83,"b":0.0,"ms":24.57,"wi":44.58,"ei":9.3,"as":3618.26,"mi":"D","mv":175,"sc":3,"lpe":46.86,"lpr":8338.07,"lq":6.52,"d":68},{"pi":"422380","pc":"Промышленные товары","ss":500,"td":"Фешенебельный район","dc":1,"n":694.76,"vc":"около 100","sl":"Элитный","sv":"около 50","p":12603.43,"q":25.31,"b":4.86,"ms":22.86,"wi":44.58,"ei":9.3,"as":3618.26,"mi":"D","mv":175,"sc":3,"lpe":46.86,"lpr":8338.07,"lq":6.52,"d":68},{"pi":"422380","pc":"Промышленные товары","ss":500,"td":"Центр города","dc":1,"n":713.13,"vc":"около 500","sl":"Очень высокий","sv":"менее 50","p":12789.96,"q":16.92,"b":0.0,"ms":5.71,"wi":44.58,"ei":9.3,"as":3618.26,"mi":"D","mv":175,"sc":3,"lpe":46.86,"lpr":8338.07,"lq":6.52,"d":68},{"pi":"422380","pc":"Промышленные товары","ss":100000,"td":"Фешенебельный район","dc":2,"n":609.52,"vc":"около 50 000","sl":"Элитный","sv":"менее 50","p":37000.0,"q":16.95,"b":0.0,"ms":0.55,"wi":26.64,"ei":9.14,"as":737.07,"mi":"E","mv":5127,"sc":1,"lpe":99.45,"lpr":7678.3,"lq":1.0,"d":1182},{"pi":"422380","pc":"Промышленные товары","ss":10000,"td":"Центр города","dc":1,"n":23.39,"vc":"около 500","sl":"Элитный","sv":"менее 50","p":30955.46,"q":11.29,"b":0.61,"ms":0.02,"wi":30.6,"ei":3.23,"as":225.59,"mi":"E","mv":9723,"sc":1,"lpe":99.98,"lpr":6243.54,"lq":1.0,"d":653},{"pi":"422380","pc":"Промышленные товары","ss":100000,"td":"Фешенебельный район","dc":1,"n":611.1,"vc":"около 100 000","sl":"Элитный","sv":"около 1 000","p":15000.0,"q":25.08,"b":0.83,"ms":4.46,"wi":87.23,"ei":6.01,"as":483.13,"mi":"E","mv":22427,"sc":2,"lpe":93.74,"lpr":5734.58,"lq":1.0,"d":1376},{"pi":"422380","pc":"Промышленные товары","ss":100000,"td":"Центр города","dc":1,"n":503.09,"vc":"более 100 000","sl":"Элитный","sv":"около 500","p":21660.0,"q":11.75,"b":0.0,"ms":1.81,"wi":87.23,"ei":6.01,"as":483.13,"mi":"E","mv":22427,"sc":2,"lpe":93.74,"lpr":5734.58,"lq":1.0,"d":1376},{"pi":"422380","pc":"Промышленные товары","ss":100000,"td":"Центр города","dc":1,"n":461.44,"vc":"более 200 000","sl":"Элитный","sv":"около 1 000","p":10000.0,"q":25.08,"b":5.3,"ms":1.21,"wi":70.43,"ei":7.02,"as":523.89,"mi":"E","mv":82395,"sc":1,"lpe":98.79,"lpr":7822.9,"lq":1.0,"d":1885},{"pi":"422380","pc":"Промышленные товары","ss":100000,"td":"Фешенебельный район","dc":10,"n":677.87,"vc":"около 100 000","sl":"Высокий","sv":"около 500","p":24136.11,"q":21.49,"b":1.6,"ms":8.27,"wi":53.55,"ei":3.26,"as":255.26,"mi":"E","mv":5444,"sc":1,"lpe":91.73,"lpr":5389.46,"lq":1.0,"d":197},{"pi":"422380","pc":"Промышленные товары","ss":100000,"td":"Центр города","dc":1,"n":526.2,"vc":"около 500 000","sl":"Элитный","sv":"около 500","p":21434.37,"q":11.75,"b":0.0,"ms":3.08,"wi":53.0,"ei":5.3,"as":524.72,"mi":"E","mv":19733,"sc":1,"lpe":96.92,"lpr":5620.2,"lq":1.0,"d":858},{"pi":"422380","pc":"Промышленные товары","ss":100000,"td":"Центр города","dc":1,"n":423.8,"vc":"более 200 000","sl":"Элитный","sv":"около 5 000","p":20577.0,"q":11.76,"b":0.0,"ms":3.54,"wi":64.5,"ei":14.69,"as":1178.45,"mi":"E","mv":129344,"sc":3,"lpe":94.68,"lpr":7782.38,"lq":1.0,"d":4918},{"pi":"422380","pc":"Промышленные товары","ss":100000,"td":"Фешенебельный район","dc":1,"n":640.57,"vc":"более 300 000","sl":"Элитный","sv":"более 1 000","p":30000.0,"q":24.18,"b":3.32,"ms":1.01,"wi":64.5,"ei":14.69,"as":1178.45,"mi":"E","mv":129344,"sc":3,"lpe":94.68,"lpr":7782.38,"lq":1.0,"d":4918},{"pi":"422380","pc":"Промышленные товары","ss":100000,"td":"Центр города","dc":1,"n":468.31,"vc":"более 300 000","sl":"Элитный","sv":"около 1 000","p":15000.0,"q":25.08,"b":0.83,"ms":0.77,"wi":64.5,"ei":14.69,"as":1178.45,"mi":"E","mv":129344,"sc":3,"lpe":94.68,"lpr":7782.38,"lq":1.0,"d":4918},{"pi":"422380","pc":"Промышленные товары","ss":100000,"td":"Фешенебельный район","dc":1,"n":684.73,"vc":"более 100 000","sl":"Элитный","sv":"более 200","p":18000.0,"q":12.92,"b":0.0,"ms":14.9,"wi":17.75,"ei":3.78,"as":238.56,"mi":"E","mv":1523,"sc":1,"lpe":85.1,"lpr":3749.77,"lq":2.25,"d":2346},{"pi":"422380","pc":"Промышленные товары","ss":100000,"td":"Центр города","dc":1,"n":417.24,"vc":"более 100 000","sl":"Элитный","sv":"около 5 000","p":22800.0,"q":11.77,"b":0.0,"ms":9.02,"wi":60.82,"ei":10.27,"as":909.2,"mi":"E","mv":50842,"sc":2,"lpe":89.01,"lpr":7972.81,"lq":2.96,"d":2215},{"pi":"422380","pc":"Промышленные товары","ss":100000,"td":"Фешенебельный район","dc":1,"n":480.63,"vc":"около 50 000","sl":"Элитный","sv":"около 1 000","p":15000.0,"q":25.08,"b":2.65,"ms":1.97,"wi":60.82,"ei":10.27,"as":909.2,"mi":"E","mv":50842,"sc":2,"lpe":89.01,"lpr":7972.81,"lq":2.96,"d":2215},{"pi":"422380","pc":"Промышленные товары","ss":100000,"td":"Центр города","dc":1,"n":503.7,"vc":"более 200 000","sl":"Элитный","sv":"около 5 000","p":11135.25,"q":11.77,"b":0.0,"ms":29.49,"wi":68.54,"ei":16.36,"as":1196.71,"mi":"E","mv":13719,"sc":2,"lpe":63.21,"lpr":4151.73,"lq":2.53,"d":693},{"pi":"422380","pc":"Промышленные товары","ss":100000,"td":"Центр города","dc":1,"n":495.72,"vc":"более 200 000","sl":"Элитный","sv":"около 1 000","p":12000.0,"q":25.08,"b":0.83,"ms":7.29,"wi":68.54,"ei":16.36,"as":1196.71,"mi":"E","mv":13719,"sc":2,"lpe":63.21,"lpr":4151.73,"lq":2.53,"d":693},{"pi":"422380","pc":"Промышленные товары","ss":100000,"td":"Центр города","dc":1,"n":575.47,"vc":"около 500 000","sl":"Элитный","sv":"более 200","p":20577.0,"q":11.69,"b":0.0,"ms":1.95,"wi":71.78,"ei":5.74,"as":632.45,"mi":"E","mv":10505,"sc":1,"lpe":98.05,"lpr":5204.79,"lq":1.0,"d":317},{"pi":"422380","pc":"Промышленные товары","ss":100000,"td":"Центр города","dc":1,"n":515.46,"vc":"более 200 000","sl":"Элитный","sv":"менее 50","p":19548.14,"q":7.05,"b":0.0,"ms":0.05,"wi":45.35,"ei":8.31,"as":495.43,"mi":"E","mv":28206,"sc":1,"lpe":99.95,"lpr":4321.42,"lq":1.0,"d":1465},{"pi":"422380","pc":"Промышленные товары","ss":500,"td":"Спальный район","dc":1,"n":168.21,"vc":"более 200","sl":"Элитный","sv":"менее 50","p":8806.84,"q":7.56,"b":1.26,"ms":0.0,"wi":31.02,"ei":6.12,"as":349.08,"mi":"E","mv":40043,"sc":1,"lpe":100.0,"lpr":4802.77,"lq":1.0,"d":2029},{"pi":"422380","pc":"Промышленные товары","ss":100000,"td":"Центр города","dc":1,"n":565.05,"vc":"около 500 000","sl":"Элитный","sv":"около 500","p":19855.0,"q":11.75,"b":0.0,"ms":5.35,"wi":55.45,"ei":5.85,"as":1721.05,"mi":"E","mv":10062,"sc":1,"lpe":94.65,"lpr":6103.78,"lq":1.0,"d":499},{"pi":"422380","pc":"Промышленные товары","ss":100000,"td":"Центр города","dc":1,"n":631.52,"vc":"около 1 000 000","sl":"Очень высокий","sv":"более 3 000","p":18000.0,"q":17.46,"b":0.0,"ms":11.23,"wi":52.69,"ei":7.73,"as":387.02,"mi":"E","mv":27164,"sc":1,"lpe":88.77,"lpr":4988.12,"lq":2.36,"d":1346},{"pi":"422380","pc":"Промышленные товары","ss":100000,"td":"Центр города","dc":2,"n":451.88,"vc":"более 100 000","sl":"Элитный","sv":"около 1 000","p":30000.0,"q":12.99,"b":0.0,"ms":3.0,"wi":75.59,"ei":8.41,"as":636.04,"mi":"E","mv":33305,"sc":2,"lpe":96.7,"lpr":15345.44,"lq":1.0,"d":974},{"pi":"422380","pc":"Промышленные товары","ss":100000,"td":"Центр города","dc":1,"n":338.32,"vc":"около 50 000","sl":"Элитный","sv":"около 100","p":28600.0,"q":12.83,"b":0.0,"ms":0.3,"wi":75.59,"ei":8.41,"as":636.04,"mi":"E","mv":33305,"sc":2,"lpe":96.7,"lpr":15345.44,"lq":1.0,"d":974},{"pi":"422380","pc":"Промышленные товары","ss":10000,"td":"Центр города","dc":2,"n":467.26,"vc":"более 20 000","sl":"Очень низкий","sv":"около 1 000","p":18000.0,"q":13.29,"b":0.0,"ms":5.48,"wi":49.83,"ei":4.32,"as":536.62,"mi":"E","mv":13945,"sc":1,"lpe":94.52,"lpr":8829.81,"lq":1.0,"d":863},{"pi":"422380","pc":"Промышленные товары","ss":1000,"td":"Фешенебельный район","dc":1,"n":685.12,"vc":"более 2 000","sl":"Очень высокий","sv":"около 1 000","p":14500.0,"q":25.08,"b":5.84,"ms":11.66,"wi":80.52,"ei":8.2,"as":766.39,"mi":"E","mv":8574,"sc":1,"lpe":88.34,"lpr":6226.66,"lq":5.09,"d":532},{"pi":"422380","pc":"Промышленные товары","ss":100000,"td":"Спальный район","dc":1,"n":457.35,"vc":"более 100 000","sl":"Элитный","sv":"около 1 000","p":20000.0,"q":25.08,"b":5.3,"ms":0.97,"wi":81.74,"ei":8.69,"as":530.19,"mi":"E","mv":103355,"sc":2,"lpe":99.03,"lpr":17250.36,"lq":1.0,"d":3080},{"pi":"422380","pc":"Промышленные товары","ss":100,"td":"Окраина","dc":1,"n":53.62,"vc":"около 100","sl":"Нормальный","sv":"менее 50","p":20787.4,"q":12.83,"b":0.0,"ms":0.0,"wi":81.74,"ei":8.69,"as":530.19,"mi":"E","mv":103355,"sc":2,"lpe":99.03,"lpr":17250.36,"lq":1.0,"d":3080},{"pi":"422380","pc":"Промышленные товары","ss":1000,"td":"Фешенебельный район","dc":1,"n":374.55,"vc":"около 500","sl":"Элитный","sv":"около 1 000","p":12000.0,"q":25.08,"b":5.84,"ms":7.77,"wi":78.65,"ei":6.93,"as":514.15,"mi":"E","mv":12862,"sc":1,"lpe":92.23,"lpr":6217.56,"lq":1.0,"d":2980},{"pi":"422380","pc":"Промышленные товары","ss":100000,"td":"Центр города","dc":1,"n":423.73,"vc":"более 100 000","sl":"Элитный","sv":"около 1 000","p":15000.0,"q":25.08,"b":5.3,"ms":1.88,"wi":77.97,"ei":7.69,"as":463.52,"mi":"E","mv":53065,"sc":1,"lpe":98.12,"lpr":17801.6,"lq":1.0,"d":1663},{"pi":"422380","pc":"Промышленные товары","ss":1000,"td":"Центр города","dc":1,"n":416.41,"vc":"около 5 000","sl":"Нормальный","sv":"около 1 000","p":15000.0,"q":25.08,"b":5.84,"ms":2.75,"wi":79.27,"ei":12.05,"as":894.85,"mi":"E","mv":36395,"sc":4,"lpe":94.23,"lpr":12852.96,"lq":1.0,"d":6441},{"pi":"422380","pc":"Промышленные товары","ss":500,"td":"Фешенебельный район","dc":1,"n":564.94,"vc":"около 500","sl":"Очень высокий","sv":"около 1 000","p":29725.99,"q":25.31,"b":2.9,"ms":2.75,"wi":79.27,"ei":12.05,"as":894.85,"mi":"E","mv":36395,"sc":4,"lpe":94.23,"lpr":12852.96,"lq":1.0,"d":6441},{"pi":"422380","pc":"Промышленные товары","ss":1000,"td":"Пригород","dc":1,"n":416.27,"vc":"более 1 000","sl":"Очень высокий","sv":"около 100","p":14000.0,"q":12.46,"b":0.0,"ms":0.27,"wi":79.27,"ei":12.05,"as":894.85,"mi":"E","mv":36395,"sc":4,"lpe":94.23,"lpr":12852.96,"lq":1.0,"d":6441},{"pi":"422380","pc":"Промышленные товары","ss":1000,"td":"Фешенебельный район","dc":1,"n":77.82,"vc":"около 100","sl":"Элитный","sv":"менее 50","p":27831.5,"q":11.29,"b":0.65,"ms":0.0,"wi":79.27,"ei":12.05,"as":894.85,"mi":"E","mv":36395,"sc":4,"lpe":94.23,"lpr":12852.96,"lq":1.0,"d":6441},{"pi":"422380","pc":"Промышленные товары","ss":100000,"td":"Центр города","dc":1,"n":585.54,"vc":"около 500 000","sl":"Элитный","sv":"более 100","p":20577.0,"q":11.72,"b":0.0,"ms":1.17,"wi":49.49,"ei":5.7,"as":783.51,"mi":"E","mv":9580,"sc":1,"lpe":98.83,"lpr":5016.5,"lq":1.0,"d":374},{"pi":"422380","pc":"Промышленные товары","ss":100000,"td":"Фешенебельный район","dc":1,"n":663.88,"vc":"более 100 000","sl":"Элитный","sv":"около 1 000","p":10000.0,"q":25.08,"b":0.83,"ms":7.17,"wi":54.35,"ei":5.33,"as":739.34,"mi":"E","mv":13939,"sc":1,"lpe":92.83,"lpr":4165.79,"lq":1.0,"d":396},{"pi":"422380","pc":"Промышленные товары","ss":100000,"td":"Центр города","dc":1,"n":605.76,"vc":"около 1 000 000","sl":"Высокий","sv":"около 5 000","p":30000.0,"q":30.81,"b":5.17,"ms":7.89,"wi":88.06,"ei":7.67,"as":429.01,"mi":"E","mv":74047,"sc":2,"lpe":90.76,"lpr":6865.55,"lq":1.0,"d":2707},{"pi":"422380","pc":"Промышленные товары","ss":100000,"td":"Фешенебельный район","dc":1,"n":552.4,"vc":"более 100 000","sl":"Элитный","sv":"около 1 000","p":20000.0,"q":25.08,"b":4.61,"ms":1.35,"wi":88.06,"ei":7.67,"as":429.01,"mi":"E","mv":74047,"sc":2,"lpe":90.76,"lpr":6865.55,"lq":1.0,"d":2707},{"pi":"422380","pc":"Промышленные товары","ss":500,"td":"Спальный район","dc":1,"n":258.39,"vc":"более 300","sl":"Очень высокий","sv":"менее 50","p":3184.3,"q":7.56,"b":1.26,"ms":0.01,"wi":17.12,"ei":4.95,"as":263.54,"mi":"E","mv":8203,"sc":1,"lpe":99.99,"lpr":1584.23,"lq":1.0,"d":1341},{"pi":"422380","pc":"Промышленные товары","ss":100000,"td":"Центр города","dc":1,"n":551.67,"vc":"около 500 000","sl":"Элитный","sv":"менее 50","p":100000.0,"q":28.61,"b":4.21,"ms":0.0,"wi":92.4,"ei":6.12,"as":343.0,"mi":"E","mv":37819,"sc":1,"lpe":100.0,"lpr":13251.54,"lq":1.0,"d":995},{"pi":"422380","pc":"Промышленные товары","ss":500,"td":"Спальный район","dc":1,"n":216.98,"vc":"более 200","sl":"Очень высокий","sv":"менее 50","p":3798.06,"q":7.56,"b":1.26,"ms":0.01,"wi":11.03,"ei":4.68,"as":265.66,"mi":"E","mv":11140,"sc":1,"lpe":99.99,"lpr":1984.06,"lq":1.0,"d":2348},{"pi":"422380","pc":"Промышленные товары","ss":100000,"td":"Центр города","dc":1,"n":423.21,"vc":"более 100 000","sl":"Элитный","sv":"около 1 000","p":20000.0,"q":25.08,"b":4.49,"ms":1.84,"wi":76.26,"ei":6.13,"as":361.83,"mi":"E","mv":54421,"sc":1,"lpe":98.16,"lpr":19072.22,"lq":1.0,"d":1965},{"pi":"422380","pc":"Промышленные товары","ss":500,"td":"Спальный район","dc":1,"n":224.04,"vc":"более 200","sl":"Элитный","sv":"менее 50","p":3126.66,"q":7.56,"b":1.26,"ms":0.01,"wi":16.91,"ei":5.92,"as":304.29,"mi":"E","mv":13395,"sc":1,"lpe":99.99,"lpr":1555.55,"lq":1.0,"d":1419},{"pi":"422380","pc":"Промышленные товары","ss":100000,"td":"Центр города","dc":1,"n":423.96,"vc":"более 100 000","sl":"Элитный","sv":"около 5 000","p":49378.1,"q":12.89,"b":0.0,"ms":10.92,"wi":108.24,"ei":7.46,"as":1400.18,"mi":"E","mv":56603,"sc":1,"lpe":89.08,"lpr":19303.0,"lq":1.19,"d":1661},{"pi":"422380","pc":"Промышленные товары","ss":100000,"td":"Центр города","dc":1,"n":618.99,"vc":"около 500 000","sl":"Очень высокий","sv":"менее 50","p":22562.5,"q":11.83,"b":0.0,"ms":0.03,"wi":72.56,"ei":7.0,"as":980.73,"mi":"E","mv":11491,"sc":1,"lpe":99.97,"lpr":4154.87,"lq":1.0,"d":612},{"pi":"422380","pc":"Промышленные товары","ss":10000,"td":"Центр города","dc":2,"n":460.18,"vc":"более 10 000","sl":"Очень высокий","sv":"около 3 000","p":3999.93,"q":22.59,"b":0.0,"ms":19.35,"wi":50.37,"ei":3.0,"as":214.48,"mi":"E","mv":15500,"sc":3,"lpe":80.25,"lpr":3142.71,"lq":2.24,"d":491},{"pi":"422380","pc":"Промышленные товары","ss":1000,"td":"Центр города","dc":2,"n":350.07,"vc":"более 2 000","sl":"Нормальный","sv":"около 50","p":10000.0,"q":13.95,"b":0.0,"ms":0.39,"wi":50.37,"ei":3.0,"as":214.48,"mi":"E","mv":15500,"sc":3,"lpe":80.25,"lpr":3142.71,"lq":2.24,"d":491},{"pi":"422380","pc":"Промышленные товары","ss":500,"td":"Спальный район","dc":1,"n":277.2,"vc":"более 200","sl":"Очень высокий","sv":"менее 50","p":6438.59,"q":7.56,"b":0.5,"ms":0.01,"wi":50.37,"ei":3.0,"as":214.48,"mi":"E","mv":15500,"sc":3,"lpe":80.25,"lpr":3142.71,"lq":2.24,"d":491},{"pi":"422380","pc":"Промышленные товары","ss":500,"td":"Центр города","dc":1,"n":518.0,"vc":"около 1 000","sl":"Высокий","sv":"около 1 000","p":10000.0,"q":25.08,"b":4.61,"ms":4.22,"wi":66.16,"ei":6.9,"as":452.74,"mi":"E","mv":23680,"sc":1,"lpe":95.78,"lpr":7217.35,"lq":1.0,"d":1371},{"pi":"422380","pc":"Промышленные товары","ss":500,"td":"Фешенебельный район","dc":1,"n":681.33,"vc":"около 500","sl":"Очень высокий","sv":"около 500","p":12021.6,"q":24.08,"b":1.41,"ms":1.76,"wi":40.77,"ei":6.38,"as":667.28,"mi":"E","mv":22676,"sc":1,"lpe":98.24,"lpr":5276.61,"lq":1.0,"d":899},{"pi":"422380","pc":"Промышленные товары","ss":100000,"td":"Центр города","dc":1,"n":625.74,"vc":"около 500 000","sl":"Элитный","sv":"более 200","p":21660.0,"q":11.76,"b":0.0,"ms":8.61,"wi":77.91,"ei":9.63,"as":1565.9,"mi":"E","mv":3309,"sc":1,"lpe":91.39,"lpr":6253.4,"lq":1.0,"d":169},{"pi":"422380","pc":"Промышленные товары","ss":10000,"td":"Фешенебельный район","dc":1,"n":432.1,"vc":"более 1 000","sl":"Элитный","sv":"менее 50","p":21000.0,"q":17.53,"b":0.0,"ms":0.06,"wi":34.68,"ei":6.16,"as":388.83,"mi":"E","mv":7999,"sc":1,"lpe":99.94,"lpr":3543.26,"lq":1.0,"d":306},{"pi":"422380","pc":"Промышленные товары","ss":10000,"td":"Центр города","dc":1,"n":553.91,"vc":"более 20 000","sl":"Элитный","sv":"около 1 000","p":6000.0,"q":25.08,"b":7.3,"ms":13.62,"wi":53.39,"ei":8.85,"as":536.19,"mi":"E","mv":7342,"sc":1,"lpe":86.38,"lpr":1215.96,"lq":1.04,"d":410}]