[{"pi":"423366","pc":"Электроника","ss":1000,"td":"Фешенебельный район","dc":1,"n":516.89,"vc":"около 500","sl":"Элитный","sv":"более 1 000","p":300000.0,"q":22.8,"b":0.88,"ms":16.39,"wi":112.04,"ei":5.7,"as":525.47,"mi":"E","mv":10133,"sc":2,"lpe":77.69,"lpr":72063.14,"lq":1.18,"d":632},{"pi":"423366","pc":"Электроника","ss":1000,"td":"Фешенебельный район","dc":1,"n":671.62,"vc":"более 3 000","sl":"Высокий","sv":"около 500","p":300000.0,"q":23.74,"b":4.61,"ms":5.92,"wi":112.04,"ei":5.7,"as":525.47,"mi":"E","mv":10133,"sc":2,"lpe":77.69,"lpr":72063.14,"lq":1.18,"d":632},{"pi":"423366","pc":"Электроника","ss":1000,"td":"Фешенебельный район","dc":1,"n":630.75,"vc":"более 1 000","sl":"Элитный","sv":"около 500","p":120000.0,"q":18.29,"b":5.29,"ms":8.11,"wi":41.72,"ei":8.52,"as":366.56,"mi":"E","mv":5290,"sc":2,"lpe":90.0,"lpr":18598.86,"lq":1.0,"d":459},{"pi":"423366","pc":"Электроника","ss":1000,"td":"Центр города","dc":1,"n":625.74,"vc":"более 10 000","sl":"Низкий","sv":"около 100","p":50000.0,"q":23.74,"b":0.0,"ms":1.89,"wi":41.72,"ei":8.52,"as":366.56,"mi":"E","mv":5290,"sc":2,"lpe":90.0,"lpr":18598.86,"lq":1.0,"d":459},{"pi":"423366","pc":"Электроника","ss":1000,"td":"Фешенебельный район","dc":1,"n":557.57,"vc":"более 1 000","sl":"Элитный","sv":"около 500","p":50000.0,"q":18.98,"b":5.29,"ms":1.21,"wi":33.06,"ei":10.02,"as":247.03,"mi":"E","mv":41449,"sc":3,"lpe":97.35,"lpr":14746.05,"lq":1.0,"d":4689},{"pi":"423366","pc":"Электроника","ss":1000,"td":"Фешенебельный район","dc":1,"n":557.57,"vc":"более 1 000","sl":"Элитный","sv":"около 500","p":50000.0,"q":18.98,"b":5.29,"ms":1.21,"wi":33.06,"ei":10.02,"as":247.03,"mi":"E","mv":41449,"sc":3,"lpe":97.35,"lpr":14746.05,"lq":1.0,"d":4689},{"pi":"423366","pc":"Электроника","ss":1000,"td":"Фешенебельный район","dc":1,"n":548.2,"vc":"более 1 000","sl":"Очень высокий","sv":"около 100","p":50000.0,"q":23.74,"b":0.0,"ms":0.24,"wi":33.06,"ei":10.02,"as":247.03,"mi":"E","mv":41449,"sc":3,"lpe":97.35,"lpr":14746.05,"lq":1.0,"d":4689},{"pi":"423366","pc":"Электроника","ss":1000,"td":"Фешенебельный район","dc":1,"n":540.62,"vc":"более 1 000","sl":"Элитный","sv":"около 1 000","p":140000.0,"q":18.98,"b":5.29,"ms":4.94,"wi":75.85,"ei":12.1,"as":729.22,"mi":"E","mv":20105,"sc":4,"lpe":90.15,"lpr":29812.4,"lq":1.93,"d":1235},{"pi":"423366","pc":"Электроника","ss":1000,"td":"Фешенебельный район","dc":1,"n":537.32,"vc":"более 1 000","sl":"Элитный","sv":"около 1 000","p":140000.0,"q":18.87,"b":5.29,"ms":4.4,"wi":75.85,"ei":12.1,"as":729.22,"mi":"E","mv":20105,"sc":4,"lpe":90.15,"lpr":29812.4,"lq":1.93,"d":1235},{"pi":"423366","pc":"Электроника","ss":1000,"td":"Фешенебельный район","dc":1,"n":546.84,"vc":"более 1 000","sl":"Элитный","sv":"менее 50","p":320000.0,"q":18.72,"b":4.22,"ms":0.0,"wi":75.85,"ei":12.1,"as":729.22,"mi":"E","mv":20105,"sc":4,"lpe":90.15,"lpr":29812.4,"lq":1.93,"d":1235},{"pi":"423366","pc":"Электроника","ss":10000,"td":"Центр города","dc":1,"n":522.09,"vc":"около 50 000","sl":"Очень высокий","sv":"около 5 000","p":88000.0,"q":23.03,"b":0.0,"ms":12.47,"wi":60.32,"ei":7.58,"as":403.37,"mi":"E","mv":32075,"sc":3,"lpe":81.14,"lpr":60268.29,"lq":5.32,"d":2108},{"pi":"423366","pc":"Электроника","ss":10000,"td":"Центр города","dc":1,"n":435.15,"vc":"более 20 000","sl":"Элитный","sv":"около 2 000","p":110000.0,"q":22.19,"b":5.92,"ms":6.24,"wi":60.32,"ei":7.58,"as":403.37,"mi":"E","mv":32075,"sc":3,"lpe":81.14,"lpr":60268.29,"lq":5.32,"d":2108},{"pi":"423366","pc":"Электроника","ss":100000,"td":"Фешенебельный район","dc":1,"n":695.69,"vc":"более 200 000","sl":"Элитный","sv":"около 50","p":435000.0,"q":22.6,"b":4.11,"ms":0.15,"wi":60.32,"ei":7.58,"as":403.37,"mi":"E","mv":32075,"sc":3,"lpe":81.14,"lpr":60268.29,"lq":5.32,"d":2108},{"pi":"423366","pc":"Электроника","ss":100000,"td":"Фешенебельный район","dc":1,"n":682.69,"vc":"около 500 000","sl":"Элитный","sv":"около 5 000","p":419000.0,"q":22.54,"b":3.37,"ms":4.02,"wi":82.91,"ei":6.91,"as":1080.49,"mi":"E","mv":88991,"sc":2,"lpe":95.91,"lpr":83040.59,"lq":1.0,"d":5342},{"pi":"423366","pc":"Электроника","ss":10000,"td":"Центр города","dc":1,"n":260.05,"vc":"около 10 000","sl":"Элитный","sv":"около 50","p":320000.0,"q":13.81,"b":0.0,"ms":0.07,"wi":82.91,"ei":6.91,"as":1080.49,"mi":"E","mv":88991,"sc":2,"lpe":95.91,"lpr":83040.59,"lq":1.0,"d":5342},{"pi":"423366","pc":"Электроника","ss":10000,"td":"Центр города","dc":1,"n":526.84,"vc":"около 50 000","sl":"Очень высокий","sv":"около 100","p":250000.0,"q":13.41,"b":0.0,"ms":0.64,"wi":54.27,"ei":6.85,"as":480.12,"mi":"E","mv":13270,"sc":1,"lpe":99.36,"lpr":45187.95,"lq":1.0,"d":927},{"pi":"423366","pc":"Электроника","ss":100000,"td":"Фешенебельный район","dc":1,"n":695.3,"vc":"более 200 000","sl":"Элитный","sv":"около 500","p":320000.0,"q":22.54,"b":3.29,"ms":3.36,"wi":91.16,"ei":12.05,"as":819.44,"mi":"E","mv":18151,"sc":2,"lpe":96.09,"lpr":145645.03,"lq":1.0,"d":1294},{"pi":"423366","pc":"Электроника","ss":100000,"td":"Центр города","dc":1,"n":446.24,"vc":"более 100 000","sl":"Элитный","sv":"около 100","p":200000.0,"q":23.74,"b":5.93,"ms":0.55,"wi":91.16,"ei":12.05,"as":819.44,"mi":"E","mv":18151,"sc":2,"lpe":96.09,"lpr":145645.03,"lq":1.0,"d":1294},{"pi":"423366","pc":"Электроника","ss":100000,"td":"Центр города","dc":1,"n":491.07,"vc":"более 100 000","sl":"Элитный","sv":"около 1 000","p":200000.0,"q":23.74,"b":5.93,"ms":10.86,"wi":100.48,"ei":8.99,"as":853.23,"mi":"E","mv":9208,"sc":2,"lpe":88.48,"lpr":93430.41,"lq":8.53,"d":708},{"pi":"423366","pc":"Электроника","ss":100000,"td":"Фешенебельный район","dc":1,"n":718.26,"vc":"более 300 000","sl":"Элитный","sv":"около 50","p":500000.0,"q":27.69,"b":4.97,"ms":0.66,"wi":100.48,"ei":8.99,"as":853.23,"mi":"E","mv":9208,"sc":2,"lpe":88.48,"lpr":93430.41,"lq":8.53,"d":708},{"pi":"423366","pc":"Электроника","ss":100000,"td":"Фешенебельный район","dc":1,"n":623.51,"vc":"около 100 000","sl":"Элитный","sv":"около 100","p":200000.0,"q":23.74,"b":5.93,"ms":1.56,"wi":78.18,"ei":10.65,"as":989.97,"mi":"E","mv":6419,"sc":2,"lpe":98.32,"lpr":125907.28,"lq":1.0,"d":709},{"pi":"423366","pc":"Электроника","ss":1000,"td":"Спальный район","dc":1,"n":544.33,"vc":"около 5 000","sl":"Высокий","sv":"менее 50","p":230000.0,"q":1.3,"b":0.0,"ms":0.12,"wi":78.18,"ei":10.65,"as":989.97,"mi":"E","mv":6419,"sc":2,"lpe":98.32,"lpr":125907.28,"lq":1.0,"d":709},{"pi":"423366","pc":"Электроника","ss":10000,"td":"Фешенебельный район","dc":1,"n":618.02,"vc":"более 10 000","sl":"Элитный","sv":"более 1 000","p":285000.0,"q":22.49,"b":4.97,"ms":2.9,"wi":59.46,"ei":5.22,"as":274.68,"mi":"E","mv":48324,"sc":2,"lpe":94.86,"lpr":61459.64,"lq":1.0,"d":2794},{"pi":"423366","pc":"Электроника","ss":10000,"td":"Фешенебельный район","dc":1,"n":660.61,"vc":"более 10 000","sl":"Элитный","sv":"более 1 000","p":388000.0,"q":22.58,"b":3.6,"ms":2.24,"wi":59.46,"ei":5.22,"as":274.68,"mi":"E","mv":48324,"sc":2,"lpe":94.86,"lpr":61459.64,"lq":1.0,"d":2794},{"pi":"423366","pc":"Электроника","ss":100000,"td":"Фешенебельный район","dc":1,"n":582.2,"vc":"около 50 000","sl":"Элитный","sv":"около 100","p":50000.0,"q":23.74,"b":3.02,"ms":3.76,"wi":28.29,"ei":6.73,"as":357.0,"mi":"E","mv":2658,"sc":1,"lpe":96.24,"lpr":26772.56,"lq":1.0,"d":214},{"pi":"423366","pc":"Электроника","ss":100000,"td":"Фешенебельный район","dc":1,"n":573.99,"vc":"около 50 000","sl":"Элитный","sv":"около 100","p":50000.0,"q":23.74,"b":3.02,"ms":3.48,"wi":34.77,"ei":7.11,"as":362.72,"mi":"E","mv":2870,"sc":1,"lpe":96.52,"lpr":57914.01,"lq":1.0,"d":651},{"pi":"423366","pc":"Электроника","ss":100000,"td":"Фешенебельный район","dc":1,"n":605.83,"vc":"около 50 000","sl":"Элитный","sv":"около 100","p":50000.0,"q":23.74,"b":3.02,"ms":4.71,"wi":33.42,"ei":5.78,"as":376.52,"mi":"E","mv":2125,"sc":1,"lpe":95.29,"lpr":24053.33,"lq":1.0,"d":130},{"pi":"423366","pc":"Электроника","ss":100000,"td":"Центр города","dc":1,"n":516.34,"vc":"более 200 000","sl":"Элитный","sv":"около 500","p":25000.0,"q":20.42,"b":1.84,"ms":7.4,"wi":8.4,"ei":4.77,"as":178.57,"mi":"E","mv":6633,"sc":1,"lpe":92.6,"lpr":3616.1,"lq":1.0,"d":2751},{"pi":"423366","pc":"Электроника","ss":100000,"td":"Центр города","dc":2,"n":476.6,"vc":"более 200 000","sl":"Очень высокий","sv":"более 2 000","p":80000.0,"q":21.82,"b":1.85,"ms":6.02,"wi":37.55,"ei":6.21,"as":298.77,"mi":"E","mv":40193,"sc":2,"lpe":93.47,"lpr":18827.38,"lq":1.0,"d":3530},{"pi":"423366","pc":"Электроника","ss":100000,"td":"Фешенебельный район","dc":1,"n":549.21,"vc":"около 100 000","sl":"Элитный","sv":"более 200","p":50000.0,"q":21.9,"b":1.84,"ms":0.52,"wi":37.55,"ei":6.21,"as":298.77,"mi":"E","mv":40193,"sc":2,"lpe":93.47,"lpr":18827.38,"lq":1.0,"d":3530},{"pi":"423366","pc":"Электроника","ss":100000,"td":"Фешенебельный район","dc":1,"n":692.0,"vc":"около 500 000","sl":"Элитный","sv":"около 5 000","p":399000.0,"q":22.56,"b":3.37,"ms":9.69,"wi":74.13,"ei":6.14,"as":484.11,"mi":"E","mv":47929,"sc":1,"lpe":90.31,"lpr":67512.45,"lq":1.0,"d":2838},{"pi":"423366","pc":"Электроника","ss":100000,"td":"Центр города","dc":1,"n":488.49,"vc":"около 500 000","sl":"Элитный","sv":"около 1 000","p":250000.0,"q":22.8,"b":0.0,"ms":2.32,"wi":52.19,"ei":7.34,"as":456.45,"mi":"E","mv":32859,"sc":1,"lpe":97.68,"lpr":48522.56,"lq":1.0,"d":1836},{"pi":"423366","pc":"Электроника","ss":100000,"td":"Фешенебельный район","dc":1,"n":598.46,"vc":"более 100 000","sl":"Элитный","sv":"около 5 000","p":200000.0,"q":18.92,"b":0.0,"ms":14.88,"wi":164.51,"ei":10.67,"as":1516.17,"mi":"E","mv":28094,"sc":5,"lpe":74.85,"lpr":73534.1,"lq":7.21,"d":1885},{"pi":"423366","pc":"Электроника","ss":100000,"td":"Фешенебельный район","dc":1,"n":631.58,"vc":"более 200 000","sl":"Элитный","sv":"более 1 000","p":355000.0,"q":22.56,"b":3.29,"ms":4.45,"wi":164.51,"ei":10.67,"as":1516.17,"mi":"E","mv":28094,"sc":5,"lpe":74.85,"lpr":73534.1,"lq":7.21,"d":1885},{"pi":"423366","pc":"Электроника","ss":100000,"td":"Центр города","dc":1,"n":573.91,"vc":"около 1 000 000","sl":"Очень высокий","sv":"около 1 000","p":150000.0,"q":19.8,"b":5.87,"ms":3.56,"wi":164.51,"ei":10.67,"as":1516.17,"mi":"E","mv":28094,"sc":5,"lpe":74.85,"lpr":73534.1,"lq":7.21,"d":1885},{"pi":"423366","pc":"Электроника","ss":100000,"td":"Фешенебельный район","dc":1,"n":700.18,"vc":"около 500 000","sl":"Элитный","sv":"около 500","p":466000.0,"q":22.58,"b":4.02,"ms":1.6,"wi":164.51,"ei":10.67,"as":1516.17,"mi":"E","mv":28094,"sc":5,"lpe":74.85,"lpr":73534.1,"lq":7.21,"d":1885},{"pi":"423366","pc":"Электроника","ss":100000,"td":"Фешенебельный район","dc":1,"n":695.15,"vc":"более 200 000","sl":"Элитный","sv":"более 100","p":489000.0,"q":22.56,"b":4.02,"ms":0.66,"wi":164.51,"ei":10.67,"as":1516.17,"mi":"E","mv":28094,"sc":5,"lpe":74.85,"lpr":73534.1,"lq":7.21,"d":1885},{"pi":"423366","pc":"Электроника","ss":1000,"td":"Центр города","dc":1,"n":118.21,"vc":"более 1 000","sl":"Элитный","sv":"более 2 000","p":80000.0,"q":21.9,"b":4.5,"ms":8.57,"wi":61.55,"ei":11.03,"as":913.67,"mi":"E","mv":29187,"sc":5,"lpe":87.99,"lpr":37342.55,"lq":2.4,"d":12392},{"pi":"423366","pc":"Электроника","ss":1000,"td":"Фешенебельный район","dc":1,"n":520.56,"vc":"более 1 000","sl":"Элитный","sv":"около 500","p":120000.0,"q":18.98,"b":4.84,"ms":2.4,"wi":61.55,"ei":11.03,"as":913.67,"mi":"E","mv":29187,"sc":5,"lpe":87.99,"lpr":37342.55,"lq":2.4,"d":12392},{"pi":"423366","pc":"Электроника","ss":1000,"td":"Центр города","dc":1,"n":514.51,"vc":"около 10 000","sl":"Низкий","sv":"около 200","p":70000.0,"q":23.8,"b":6.36,"ms":0.69,"wi":61.55,"ei":11.03,"as":913.67,"mi":"E","mv":29187,"sc":5,"lpe":87.99,"lpr":37342.55,"lq":2.4,"d":12392},{"pi":"423366","pc":"Электроника","ss":1000,"td":"Фешенебельный район","dc":1,"n":507.2,"vc":"более 1 000","sl":"Элитный","sv":"около 100","p":100000.0,"q":23.74,"b":5.65,"ms":0.34,"wi":61.55,"ei":11.03,"as":913.67,"mi":"E","mv":29187,"sc":5,"lpe":87.99,"lpr":37342.55,"lq":2.4,"d":12392},{"pi":"423366","pc":"Электроника","ss":1000,"td":"Фешенебельный район","dc":1,"n":520.56,"vc":"более 1 000","sl":"Элитный","sv":"менее 50","p":359000.0,"q":22.57,"b":4.01,"ms":0.01,"wi":61.55,"ei":11.03,"as":913.67,"mi":"E","mv":29187,"sc":5,"lpe":87.99,"lpr":37342.55,"lq":2.4,"d":12392},{"pi":"423366","pc":"Электроника","ss":100000,"td":"Спальный район","dc":3,"n":507.61,"vc":"более 100 000","sl":"Высокий","sv":"более 100","p":250000.0,"q":13.52,"b":0.0,"ms":2.06,"wi":93.84,"ei":6.51,"as":603.04,"mi":"E","mv":6078,"sc":1,"lpe":97.94,"lpr":111926.09,"lq":1.0,"d":576},{"pi":"423366","pc":"Электроника","ss":100000,"td":"Спальный район","dc":1,"n":609.53,"vc":"около 500 000","sl":"Очень высокий","sv":"около 1 000","p":420000.0,"q":18.49,"b":0.0,"ms":9.54,"wi":120.4,"ei":7.25,"as":2008.8,"mi":"E","mv":10479,"sc":1,"lpe":90.46,"lpr":126106.32,"lq":1.0,"d":663},{"pi":"423366","pc":"Электроника","ss":1000,"td":"Фешенебельный район","dc":1,"n":646.83,"vc":"более 1 000","sl":"Элитный","sv":"более 1 000","p":70000.0,"q":18.92,"b":4.84,"ms":22.05,"wi":24.94,"ei":11.06,"as":782.89,"mi":"E","mv":4939,"sc":1,"lpe":77.95,"lpr":16048.2,"lq":1.64,"d":5728},{"pi":"423366","pc":"Электроника","ss":100000,"td":"Фешенебельный район","dc":1,"n":703.7,"vc":"более 300 000","sl":"Элитный","sv":"более 1 000","p":418000.0,"q":22.59,"b":4.14,"ms":5.25,"wi":41.97,"ei":4.43,"as":182.26,"mi":"E","mv":24094,"sc":1,"lpe":94.75,"lpr":55283.88,"lq":1.0,"d":1812},{"pi":"423366","pc":"Электроника","ss":100000,"td":"Центр города","dc":3,"n":427.52,"vc":"более 100 000","sl":"Элитный","sv":"около 500","p":1999.91,"q":22.86,"b":0.0,"ms":3.84,"wi":7.36,"ei":4.12,"as":161.41,"mi":"E","mv":9380,"sc":1,"lpe":96.16,"lpr":7172.23,"lq":1.0,"d":4029},{"pi":"423366","pc":"Электроника","ss":100000,"td":"Фешенебельный район","dc":9,"n":380.44,"vc":"более 20 000","sl":"Очень высокий","sv":"около 50","p":105000.0,"q":15.08,"b":2.17,"ms":0.12,"wi":41.76,"ei":8.78,"as":296.55,"mi":"E","mv":51349,"sc":1,"lpe":99.88,"lpr":49673.83,"lq":1.0,"d":4441},{"pi":"423366","pc":"Электроника","ss":100000,"td":"Центр города","dc":1,"n":557.56,"vc":"около 500 000","sl":"Элитный","sv":"около 100","p":200000.0,"q":23.74,"b":5.93,"ms":2.78,"wi":74.46,"ei":10.04,"as":1361.71,"mi":"E","mv":3593,"sc":2,"lpe":94.43,"lpr":136666.88,"lq":1.0,"d":541},{"pi":"423366","pc":"Электроника","ss":100000,"td":"Фешенебельный район","dc":1,"n":739.66,"vc":"более 200 000","sl":"Элитный","sv":"около 100","p":625000.0,"q":27.69,"b":4.97,"ms":2.78,"wi":74.46,"ei":10.04,"as":1361.71,"mi":"E","mv":3593,"sc":2,"lpe":94.43,"lpr":136666.88,"lq":1.0,"d":541},{"pi":"423366","pc":"Электроника","ss":100000,"td":"Центр города","dc":1,"n":578.32,"vc":"около 500 000","sl":"Очень высокий","sv":"менее 50","p":200000.0,"q":23.57,"b":5.93,"ms":0.16,"wi":60.58,"ei":10.27,"as":1004.55,"mi":"E","mv":6353,"sc":1,"lpe":99.84,"lpr":34177.59,"lq":1.0,"d":950},{"pi":"423366","pc":"Электроника","ss":100000,"td":"Центр города","dc":1,"n":550.29,"vc":"более 200 000","sl":"Низкий","sv":"более 100","p":400000.0,"q":14.41,"b":0.0,"ms":2.21,"wi":86.42,"ei":8.91,"as":872.27,"mi":"E","mv":4799,"sc":2,"lpe":95.71,"lpr":132761.5,"lq":1.0,"d":416},{"pi":"423366","pc":"Электроника","ss":100000,"td":"Центр города","dc":1,"n":539.85,"vc":"более 200 000","sl":"Элитный","sv":"около 100","p":300000.0,"q":23.74,"b":5.93,"ms":2.08,"wi":86.42,"ei":8.91,"as":872.27,"mi":"E","mv":4799,"sc":2,"lpe":95.71,"lpr":132761.5,"lq":1.0,"d":416},{"pi":"423366","pc":"Электроника","ss":100000,"td":"Фешенебельный район","dc":1,"n":682.99,"vc":"около 500 000","sl":"Элитный","sv":"более 2 000","p":387000.0,"q":22.6,"b":3.72,"ms":6.93,"wi":57.77,"ei":9.84,"as":399.03,"mi":"E","mv":41205,"sc":2,"lpe":90.2,"lpr":61985.48,"lq":1.09,"d":3316},{"pi":"423366","pc":"Электроника","ss":100000,"td":"Центр города","dc":1,"n":545.49,"vc":"около 500 000","sl":"Очень высокий","sv":"более 1 000","p":200000.0,"q":17.32,"b":0.0,"ms":2.87,"wi":57.77,"ei":9.84,"as":399.03,"mi":"E","mv":41205,"sc":2,"lpe":90.2,"lpr":61985.48,"lq":1.09,"d":3316},{"pi":"423366","pc":"Электроника","ss":100000,"td":"Центр города","dc":1,"n":609.94,"vc":"около 500 000","sl":"Очень высокий","sv":"более 200","p":300000.0,"q":22.82,"b":1.24,"ms":3.25,"wi":93.35,"ei":7.05,"as":574.67,"mi":"E","mv":6491,"sc":2,"lpe":96.73,"lpr":108101.49,"lq":1.0,"d":533},{"pi":"423366","pc":"Электроника","ss":10000,"td":"Центр города","dc":1,"n":221.63,"vc":"более 2 000","sl":"Элитный","sv":"менее 50","p":200000.0,"q":14.97,"b":0.0,"ms":0.02,"wi":93.35,"ei":7.05,"as":574.67,"mi":"E","mv":6491,"sc":2,"lpe":96.73,"lpr":108101.49,"lq":1.0,"d":533},{"pi":"423366","pc":"Электроника","ss":1000,"td":"Пригород","dc":10,"n":179.68,"vc":"более 100","sl":"Элитный","sv":"менее 50","p":9300.0,"q":7.35,"b":0.0,"ms":2.32,"wi":34.04,"ei":8.95,"as":849.54,"mi":"E","mv":345,"sc":1,"lpe":97.68,"lpr":33199.02,"lq":1.0,"d":222},{"pi":"423366","pc":"Электроника","ss":100000,"td":"Фешенебельный район","dc":1,"n":699.16,"vc":"около 500 000","sl":"Элитный","sv":"более 1 000","p":477000.0,"q":21.92,"b":3.94,"ms":3.71,"wi":101.91,"ei":5.55,"as":756.37,"mi":"E","mv":39996,"sc":2,"lpe":93.79,"lpr":102770.33,"lq":1.0,"d":2460},{"pi":"423366","pc":"Электроника","ss":100000,"td":"Центр города","dc":1,"n":500.8,"vc":"около 500 000","sl":"Элитный","sv":"около 1 000","p":200000.0,"q":23.74,"b":5.24,"ms":2.5,"wi":101.91,"ei":5.55,"as":756.37,"mi":"E","mv":39996,"sc":2,"lpe":93.79,"lpr":102770.33,"lq":1.0,"d":2460},{"pi":"423366","pc":"Электроника","ss":1000,"td":"Фешенебельный район","dc":1,"n":503.21,"vc":"более 1 000","sl":"Элитный","sv":"около 500","p":463000.0,"q":22.58,"b":3.85,"ms":1.08,"wi":63.62,"ei":6.37,"as":335.74,"mi":"E","mv":33851,"sc":5,"lpe":96.79,"lpr":77891.02,"lq":1.0,"d":2140},{"pi":"423366","pc":"Электроника","ss":1000,"td":"Фешенебельный район","dc":1,"n":509.06,"vc":"более 1 000","sl":"Элитный","sv":"около 500","p":120000.0,"q":18.81,"b":4.28,"ms":0.94,"wi":63.62,"ei":6.37,"as":335.74,"mi":"E","mv":33851,"sc":5,"lpe":96.79,"lpr":77891.02,"lq":1.0,"d":2140},{"pi":"423366","pc":"Электроника","ss":1000,"td":"Фешенебельный район","dc":1,"n":565.0,"vc":"более 1 000","sl":"Очень высокий","sv":"около 200","p":150000.0,"q":18.16,"b":3.85,"ms":0.59,"wi":63.62,"ei":6.37,"as":335.74,"mi":"E","mv":33851,"sc":5,"lpe":96.79,"lpr":77891.02,"lq":1.0,"d":2140},{"pi":"423366","pc":"Электроника","ss":1000,"td":"Центр города","dc":1,"n":519.54,"vc":"более 10 000","sl":"Низкий","sv":"около 100","p":240000.0,"q":18.49,"b":5.01,"ms":0.3,"wi":63.62,"ei":6.37,"as":335.74,"mi":"E","mv":33851,"sc":5,"lpe":96.79,"lpr":77891.02,"lq":1.0,"d":2140},{"pi":"423366","pc":"Электроника","ss":1000,"td":"Фешенебельный район","dc":1,"n":416.07,"vc":"около 1 000","sl":"Элитный","sv":"около 100","p":100000.0,"q":23.74,"b":0.0,"ms":0.3,"wi":63.62,"ei":6.37,"as":335.74,"mi":"E","mv":33851,"sc":5,"lpe":96.79,"lpr":77891.02,"lq":1.0,"d":2140},{"pi":"423366","pc":"Электроника","ss":1000,"td":"Фешенебельный район","dc":1,"n":552.81,"vc":"более 1 000","sl":"Элитный","sv":"около 100","p":70000.0,"q":23.74,"b":0.0,"ms":1.41,"wi":24.66,"ei":8.47,"as":192.56,"mi":"E","mv":7078,"sc":2,"lpe":97.88,"lpr":49735.81,"lq":1.0,"d":5338},{"pi":"423366","pc":"Электроника","ss":1000,"td":"Центр города","dc":1,"n":610.08,"vc":"более 10 000","sl":"Низкий","sv":"около 50","p":240000.0,"q":18.49,"b":5.01,"ms":0.71,"wi":24.66,"ei":8.47,"as":192.56,"mi":"E","mv":7078,"sc":2,"lpe":97.88,"lpr":49735.81,"lq":1.0,"d":5338},{"pi":"423366","pc":"Электроника","ss":100000,"td":"Центр города","dc":1,"n":394.57,"vc":"более 200 000","sl":"Элитный","sv":"около 10 000","p":350000.0,"q":21.61,"b":3.73,"ms":5.69,"wi":105.21,"ei":13.87,"as":803.35,"mi":"E","mv":152380,"sc":3,"lpe":91.5,"lpr":107592.32,"lq":1.0,"d":9315},{"pi":"423366","pc":"Электроника","ss":100000,"td":"Фешенебельный район","dc":1,"n":662.32,"vc":"около 500 000","sl":"Очень высокий","sv":"более 2 000","p":448000.0,"q":22.54,"b":3.02,"ms":1.46,"wi":105.21,"ei":13.87,"as":803.35,"mi":"E","mv":152380,"sc":3,"lpe":91.5,"lpr":107592.32,"lq":1.0,"d":9315},{"pi":"423366","pc":"Электроника","ss":100000,"td":"Фешенебельный район","dc":1,"n":662.32,"vc":"около 500 000","sl":"Очень высокий","sv":"более 2 000","p":448000.0,"q":22.43,"b":3.02,"ms":1.35,"wi":105.21,"ei":13.87,"as":803.35,"mi":"E","mv":152380,"sc":3,"lpe":91.5,"lpr":107592.32,"lq":1.0,"d":9315},{"pi":"423366","pc":"Электроника","ss":10000,"td":"Центр города","dc":2,"n":293.64,"vc":"более 10 000","sl":"Элитный","sv":"около 500","p":19999.91,"q":22.86,"b":0.0,"ms":0.37,"wi":57.42,"ei":5.96,"as":448.87,"mi":"E","mv":97493,"sc":1,"lpe":99.63,"lpr":64044.13,"lq":1.0,"d":5974},{"pi":"423366","pc":"Электроника","ss":100000,"td":"Фешенебельный район","dc":1,"n":685.72,"vc":"около 500 000","sl":"Очень высокий","sv":"более 20 000","p":448000.0,"q":22.58,"b":2.93,"ms":30.62,"wi":89.8,"ei":6.71,"as":470.88,"mi":"E","mv":86374,"sc":1,"lpe":69.38,"lpr":111772.25,"lq":3.14,"d":4994},{"pi":"423366","pc":"Электроника","ss":100000,"td":"Центр города","dc":1,"n":378.54,"vc":"около 50 000","sl":"Очень высокий","sv":"менее 50","p":500000.0,"q":14.76,"b":0.0,"ms":0.13,"wi":108.54,"ei":6.2,"as":659.98,"mi":"E","mv":9509,"sc":2,"lpe":99.85,"lpr":118669.67,"lq":1.0,"d":628},{"pi":"423366","pc":"Электроника","ss":10000,"td":"Центр города","dc":1,"n":226.91,"vc":"более 3 000","sl":"Элитный","sv":"менее 50","p":400000.0,"q":18.49,"b":0.0,"ms":0.02,"wi":108.54,"ei":6.2,"as":659.98,"mi":"E","mv":9509,"sc":2,"lpe":99.85,"lpr":118669.67,"lq":1.0,"d":628},{"pi":"423366","pc":"Электроника","ss":1000,"td":"Пригород","dc":10,"n":160.74,"vc":"около 100","sl":"Элитный","sv":"менее 50","p":6290.0,"q":7.35,"b":0.0,"ms":1.55,"wi":30.77,"ei":9.26,"as":896.34,"mi":"E","mv":580,"sc":1,"lpe":98.45,"lpr":19705.84,"lq":1.0,"d":104},{"pi":"423366","pc":"Электроника","ss":1000,"td":"Пригород","dc":10,"n":234.3,"vc":"более 100","sl":"Очень высокий","sv":"менее 50","p":24400.0,"q":7.35,"b":0.0,"ms":2.07,"wi":57.24,"ei":8.33,"as":1106.11,"mi":"E","mv":723,"sc":1,"lpe":97.93,"lpr":70615.11,"lq":1.0,"d":892},{"pi":"423366","pc":"Электроника","ss":1000,"td":"Центр города","dc":1,"n":718.51,"vc":"более 10 000","sl":"Низкий","sv":"около 500","p":80000.0,"q":23.8,"b":7.39,"ms":21.51,"wi":64.91,"ei":10.23,"as":1395.94,"mi":"E","mv":2324,"sc":2,"lpe":78.23,"lpr":106854.44,"lq":1.54,"d":185},{"pi":"423366","pc":"Электроника","ss":1000,"td":"Пригород","dc":10,"n":186.18,"vc":"более 200","sl":"Очень высокий","sv":"менее 50","p":23200.0,"q":6.58,"b":0.0,"ms":0.26,"wi":64.91,"ei":10.23,"as":1395.94,"mi":"E","mv":2324,"sc":2,"lpe":78.23,"lpr":106854.44,"lq":1.54,"d":185},{"pi":"423366","pc":"Электроника","ss":100000,"td":"Центр города","dc":1,"n":541.75,"vc":"около 1 000 000","sl":"Очень высокий","sv":"около 5 000","p":100000.0,"q":21.57,"b":4.14,"ms":5.8,"wi":61.93,"ei":9.19,"as":614.3,"mi":"E","mv":70256,"sc":3,"lpe":89.86,"lpr":49061.7,"lq":3.41,"d":4618},{"pi":"423366","pc":"Электроника","ss":100000,"td":"Фешенебельный район","dc":1,"n":516.83,"vc":"около 100 000","sl":"Элитный","sv":"около 3 000","p":100000.0,"q":18.98,"b":3.38,"ms":4.27,"wi":61.93,"ei":9.19,"as":614.3,"mi":"E","mv":70256,"sc":3,"lpe":89.86,"lpr":49061.7,"lq":3.41,"d":4618},{"pi":"423366","pc":"Электроника","ss":100000,"td":"Фешенебельный район","dc":1,"n":675.75,"vc":"около 500 000","sl":"Элитный","sv":"около 50","p":366000.0,"q":22.6,"b":3.38,"ms":0.08,"wi":61.93,"ei":9.19,"as":614.3,"mi":"E","mv":70256,"sc":3,"lpe":89.86,"lpr":49061.7,"lq":3.41,"d":4618},{"pi":"423366","pc":"Электроника","ss":100000,"td":"Фешенебельный район","dc":1,"n":688.24,"vc":"около 500 000","sl":"Элитный","sv":"более 200","p":500000.0,"q":23.58,"b":0.0,"ms":0.42,"wi":82.96,"ei":5.2,"as":388.24,"mi":"E","mv":49619,"sc":1,"lpe":99.58,"lpr":85783.84,"lq":1.0,"d":2728},{"pi":"423366","pc":"Электроника","ss":100000,"td":"Центр города","dc":10,"n":72.15,"vc":"около 5 000","sl":"Очень высокий","sv":"менее 50","p":130000.0,"q":14.97,"b":0.0,"ms":0.0,"wi":21.66,"ei":13.94,"as":274.27,"mi":"E","mv":47699,"sc":1,"lpe":100.0,"lpr":22722.62,"lq":1.0,"d":6021},{"pi":"423366","pc":"Электроника","ss":100000,"td":"Центр города","dc":1,"n":552.43,"vc":"около 500 000","sl":"Элитный","sv":"около 2 000","p":200000.0,"q":23.74,"b":4.21,"ms":18.19,"wi":153.98,"ei":9.67,"as":1800.45,"mi":"E","mv":10997,"sc":4,"lpe":65.01,"lpr":142825.95,"lq":14.72,"d":853},{"pi":"423366","pc":"Электроника","ss":100000,"td":"Центр города","dc":1,"n":489.46,"vc":"более 100 000","sl":"Элитный","sv":"около 1 000","p":450000.0,"q":22.81,"b":1.24,"ms":7.88,"wi":153.98,"ei":9.67,"as":1800.45,"mi":"E","mv":10997,"sc":4,"lpe":65.01,"lpr":142825.95,"lq":14.72,"d":853},{"pi":"423366","pc":"Электроника","ss":100000,"td":"Фешенебельный район","dc":1,"n":705.86,"vc":"более 100 000","sl":"Элитный","sv":"около 500","p":502000.0,"q":22.51,"b":3.73,"ms":4.66,"wi":153.98,"ei":9.67,"as":1800.45,"mi":"E","mv":10997,"sc":4,"lpe":65.01,"lpr":142825.95,"lq":14.72,"d":853},{"pi":"423366","pc":"Электроника","ss":100000,"td":"Фешенебельный район","dc":1,"n":714.12,"vc":"более 100 000","sl":"Элитный","sv":"около 500","p":502000.0,"q":22.36,"b":3.73,"ms":4.26,"wi":153.98,"ei":9.67,"as":1800.45,"mi":"E","mv":10997,"sc":4,"lpe":65.01,"lpr":142825.95,"lq":14.72,"d":853},{"pi":"423366","pc":"Электроника","ss":500,"td":"Центр города","dc":1,"n":703.57,"vc":"около 500","sl":"Очень высокий","sv":"около 100","p":300000.0,"q":22.85,"b":1.25,"ms":26.25,"wi":82.3,"ei":7.0,"as":786.76,"mi":"E","mv":301,"sc":1,"lpe":73.75,"lpr":71431.67,"lq":1.65,"d":142},{"pi":"423366","pc":"Электроника","ss":1000,"td":"Фешенебельный район","dc":1,"n":521.26,"vc":"более 1 000","sl":"Элитный","sv":"более 1 000","p":260000.0,"q":13.38,"b":4.06,"ms":7.15,"wi":128.78,"ei":11.53,"as":708.9,"mi":"E","mv":22697,"sc":4,"lpe":85.95,"lpr":82155.7,"lq":3.27,"d":1430},{"pi":"423366","pc":"Электроника","ss":1000,"td":"Фешенебельный район","dc":1,"n":501.74,"vc":"более 1 000","sl":"Элитный","sv":"около 1 000","p":300000.0,"q":14.93,"b":4.5,"ms":4.41,"wi":128.78,"ei":11.53,"as":708.9,"mi":"E","mv":22697,"sc":4,"lpe":85.95,"lpr":82155.7,"lq":3.27,"d":1430},{"pi":"423366","pc":"Электроника","ss":1000,"td":"Центр города","dc":1,"n":453.15,"vc":"около 5 000","sl":"Нормальный","sv":"около 500","p":300000.0,"q":22.82,"b":0.88,"ms":2.06,"wi":128.78,"ei":11.53,"as":708.9,"mi":"E","mv":22697,"sc":4,"lpe":85.95,"lpr":82155.7,"lq":3.27,"d":1430},{"pi":"423366","pc":"Электроника","ss":1000,"td":"Фешенебельный район","dc":1,"n":590.02,"vc":"более 1 000","sl":"Элитный","sv":"около 100","p":300000.0,"q":23.74,"b":4.61,"ms":0.44,"wi":128.78,"ei":11.53,"as":708.9,"mi":"E","mv":22697,"sc":4,"lpe":85.95,"lpr":82155.7,"lq":3.27,"d":1430},{"pi":"423366","pc":"Электроника","ss":100000,"td":"Спальный район","dc":1,"n":548.57,"vc":"около 500 000","sl":"Элитный","sv":"около 5 000","p":240000.0,"q":16.82,"b":0.0,"ms":6.19,"wi":60.17,"ei":10.56,"as":378.1,"mi":"E","mv":62477,"sc":3,"lpe":91.87,"lpr":66610.45,"lq":1.0,"d":6232},{"pi":"423366","pc":"Электроника","ss":100000,"td":"Фешенебельный район","dc":1,"n":676.69,"vc":"более 300 000","sl":"Элитный","sv":"более 1 000","p":427000.0,"q":22.55,"b":3.45,"ms":1.84,"wi":60.17,"ei":10.56,"as":378.1,"mi":"E","mv":62477,"sc":3,"lpe":91.87,"lpr":66610.45,"lq":1.0,"d":6232},{"pi":"423366","pc":"Электроника","ss":100000,"td":"Центр города","dc":9,"n":365.85,"vc":"более 100 000","sl":"Нормальный","sv":"около 50","p":160000.0,"q":15.08,"b":2.02,"ms":0.1,"wi":60.17,"ei":10.56,"as":378.1,"mi":"E","mv":62477,"sc":3,"lpe":91.87,"lpr":66610.45,"lq":1.0,"d":6232},{"pi":"423366","pc":"Электроника","ss":100000,"td":"Фешенебельный район","dc":1,"n":693.23,"vc":"около 500 000","sl":"Элитный","sv":"более 1 000","p":465000.0,"q":22.49,"b":3.68,"ms":4.42,"wi":103.3,"ei":6.86,"as":986.71,"mi":"E","mv":42686,"sc":2,"lpe":93.24,"lpr":94552.56,"lq":1.0,"d":2516},{"pi":"423366","pc":"Электроника","ss":100000,"td":"Центр города","dc":1,"n":380.18,"vc":"более 100 000","sl":"Элитный","sv":"около 1 000","p":200000.0,"q":23.74,"b":5.63,"ms":2.34,"wi":103.3,"ei":6.86,"as":986.71,"mi":"E","mv":42686,"sc":2,"lpe":93.24,"lpr":94552.56,"lq":1.0,"d":2516},{"pi":"423366","pc":"Электроника","ss":100000,"td":"Центр города","dc":1,"n":639.74,"vc":"около 500 000","sl":"Очень высокий","sv":"около 500","p":55000.0,"q":20.56,"b":2.05,"ms":26.01,"wi":51.07,"ei":5.68,"as":788.75,"mi":"E","mv":2599,"sc":1,"lpe":73.99,"lpr":11351.09,"lq":1.33,"d":370},{"pi":"423366","pc":"Электроника","ss":10000,"td":"Центр города","dc":1,"n":475.1,"vc":"более 20 000","sl":"Элитный","sv":"около 1 000","p":110000.0,"q":18.14,"b":5.83,"ms":4.08,"wi":25.78,"ei":5.86,"as":525.34,"mi":"E","mv":20243,"sc":2,"lpe":95.86,"lpr":24265.16,"lq":1.0,"d":2664},{"pi":"423366","pc":"Электроника","ss":100000,"td":"Спальный район","dc":1,"n":611.92,"vc":"около 1 000 000","sl":"Очень высокий","sv":"менее 50","p":130000.0,"q":9.41,"b":0.0,"ms":0.06,"wi":25.78,"ei":5.86,"as":525.34,"mi":"E","mv":20243,"sc":2,"lpe":95.86,"lpr":24265.16,"lq":1.0,"d":2664},{"pi":"423366","pc":"Электроника","ss":100000,"td":"Центр города","dc":2,"n":532.27,"vc":"около 500 000","sl":"Очень высокий","sv":"около 500","p":180000.0,"q":17.32,"b":0.0,"ms":1.43,"wi":66.49,"ei":11.25,"as":422.13,"mi":"E","mv":24612,"sc":2,"lpe":98.32,"lpr":170217.3,"lq":1.0,"d":1852},{"pi":"423366","pc":"Электроника","ss":100000,"td":"Фешенебельный район","dc":9,"n":428.47,"vc":"более 20 000","sl":"Очень высокий","sv":"около 50","p":200000.0,"q":15.08,"b":2.64,"ms":0.26,"wi":66.49,"ei":11.25,"as":422.13,"mi":"E","mv":24612,"sc":2,"lpe":98.32,"lpr":170217.3,"lq":1.0,"d":1852},{"pi":"423366","pc":"Электроника","ss":100000,"td":"Фешенебельный район","dc":2,"n":580.36,"vc":"около 100 000","sl":"Элитный","sv":"около 10 000","p":200000.0,"q":23.74,"b":7.73,"ms":47.93,"wi":79.93,"ei":8.4,"as":865.82,"mi":"C","mv":16416,"sc":6,"lpe":0.0,"lpr":185777.36,"lq":1.0,"d":1983},{"pi":"423366","pc":"Электроника","ss":100000,"td":"Фешенебельный район","dc":2,"n":580.36,"vc":"около 100 000","sl":"Элитный","sv":"около 10 000","p":200000.0,"q":23.74,"b":7.73,"ms":47.69,"wi":79.93,"ei":8.4,"as":865.82,"mi":"C","mv":16416,"sc":6,"lpe":0.0,"lpr":185777.36,"lq":1.0,"d":1983},{"pi":"423366","pc":"Электроника","ss":100000,"td":"Центр города","dc":2,"n":456.96,"vc":"более 100 000","sl":"Элитный","sv":"около 500","p":300000.0,"q":17.32,"b":0.0,"ms":3.65,"wi":79.93,"ei":8.4,"as":865.82,"mi":"C","mv":16416,"sc":6,"lpe":0.0,"lpr":185777.36,"lq":1.0,"d":1983},{"pi":"423366","pc":"Электроника","ss":100000,"td":"Центр города","dc":9,"n":456.81,"vc":"более 100 000","sl":"Нормальный","sv":"около 50","p":220000.0,"q":15.08,"b":3.12,"ms":0.38,"wi":79.93,"ei":8.4,"as":865.82,"mi":"C","mv":16416,"sc":6,"lpe":0.0,"lpr":185777.36,"lq":1.0,"d":1983},{"pi":"423366","pc":"Электроника","ss":100000,"td":"Центр города","dc":1,"n":452.44,"vc":"более 100 000","sl":"Элитный","sv":"менее 50","p":220750.0,"q":14.97,"b":3.12,"ms":0.03,"wi":79.93,"ei":8.4,"as":865.82,"mi":"C","mv":16416,"sc":6,"lpe":0.0,"lpr":185777.36,"lq":1.0,"d":1983},{"pi":"423366","pc":"Электроника","ss":100000,"td":"Центр города","dc":9,"n":532.33,"vc":"более 300 000","sl":"Низкий","sv":"около 50","p":200000.0,"q":15.08,"b":3.12,"ms":1.09,"wi":73.23,"ei":8.34,"as":986.88,"mi":"E","mv":5788,"sc":1,"lpe":98.91,"lpr":108693.4,"lq":1.0,"d":469},{"pi":"423366","pc":"Электроника","ss":100000,"td":"Фешенебельный район","dc":10,"n":677.8,"vc":"более 100 000","sl":"Нормальный","sv":"менее 50","p":236108.45,"q":17.74,"b":0.0,"ms":0.01,"wi":9.71,"ei":7.58,"as":218.01,"mi":"E","mv":6681,"sc":1,"lpe":99.99,"lpr":25616.41,"lq":1.0,"d":9798},{"pi":"423366","pc":"Электроника","ss":1000,"td":"Центр города","dc":1,"n":523.08,"vc":"около 5 000","sl":"Нормальный","sv":"около 1 000","p":300000.0,"q":22.8,"b":0.88,"ms":7.93,"wi":93.23,"ei":6.87,"as":630.83,"mi":"E","mv":10847,"sc":2,"lpe":91.16,"lpr":97328.28,"lq":1.0,"d":757},{"pi":"423366","pc":"Электроника","ss":10000,"td":"Центр города","dc":1,"n":463.29,"vc":"более 20 000","sl":"Элитный","sv":"около 1 000","p":160000.0,"q":21.9,"b":0.0,"ms":3.94,"wi":62.99,"ei":8.75,"as":542.06,"mi":"E","mv":25353,"sc":1,"lpe":96.06,"lpr":60994.11,"lq":1.0,"d":2349},{"pi":"423366","pc":"Электроника","ss":10000,"td":"Фешенебельный район","dc":1,"n":647.08,"vc":"более 20 000","sl":"Элитный","sv":"более 2 000","p":386000.0,"q":22.6,"b":3.48,"ms":5.15,"wi":84.34,"ei":6.6,"as":536.85,"mi":"E","mv":56031,"sc":5,"lpe":90.78,"lpr":79651.02,"lq":1.0,"d":3367},{"pi":"423366","pc":"Электроника","ss":10000,"td":"Центр города","dc":1,"n":566.83,"vc":"около 50 000","sl":"Высокий","sv":"около 1 000","p":120000.0,"q":23.74,"b":0.0,"ms":1.78,"wi":84.34,"ei":6.6,"as":536.85,"mi":"E","mv":56031,"sc":5,"lpe":90.78,"lpr":79651.02,"lq":1.0,"d":3367},{"pi":"423366","pc":"Электроника","ss":10000,"td":"Центр города","dc":1,"n":428.36,"vc":"более 20 000","sl":"Очень высокий","sv":"около 500","p":270000.0,"q":21.9,"b":0.0,"ms":1.25,"wi":84.34,"ei":6.6,"as":536.85,"mi":"E","mv":56031,"sc":5,"lpe":90.78,"lpr":79651.02,"lq":1.0,"d":3367},{"pi":"423366","pc":"Электроника","ss":10000,"td":"Центр города","dc":1,"n":235.17,"vc":"около 5 000","sl":"Элитный","sv":"около 500","p":39999.93,"q":22.86,"b":0.0,"ms":0.64,"wi":84.34,"ei":6.6,"as":536.85,"mi":"E","mv":56031,"sc":5,"lpe":90.78,"lpr":79651.02,"lq":1.0,"d":3367},{"pi":"423366","pc":"Электроника","ss":10000,"td":"Спальный район","dc":1,"n":387.75,"vc":"более 10 000","sl":"Элитный","sv":"более 200","p":310000.0,"q":18.48,"b":0.0,"ms":0.39,"wi":84.34,"ei":6.6,"as":536.85,"mi":"E","mv":56031,"sc":5,"lpe":90.78,"lpr":79651.02,"lq":1.0,"d":3367},{"pi":"423366","pc":"Электроника","ss":100000,"td":"Центр города","dc":1,"n":566.08,"vc":"около 500 000","sl":"Элитный","sv":"около 100","p":200000.0,"q":23.74,"b":5.93,"ms":2.85,"wi":170.37,"ei":9.3,"as":3947.5,"mi":"E","mv":3505,"sc":1,"lpe":97.15,"lpr":252095.05,"lq":1.0,"d":319},{"pi":"423366","pc":"Электроника","ss":100000,"td":"Фешенебельный район","dc":1,"n":633.36,"vc":"более 100 000","sl":"Элитный","sv":"около 5 000","p":200000.0,"q":22.47,"b":5.06,"ms":23.66,"wi":133.29,"ei":12.92,"as":4489.32,"mi":"E","mv":14434,"sc":2,"lpe":75.65,"lpr":61311.41,"lq":7.13,"d":940},{"pi":"423366","pc":"Электроника","ss":100000,"td":"Центр города","dc":1,"n":466.27,"vc":"более 100 000","sl":"Элитный","sv":"около 100","p":150000.0,"q":23.74,"b":5.93,"ms":0.69,"wi":133.29,"ei":12.92,"as":4489.32,"mi":"E","mv":14434,"sc":2,"lpe":75.65,"lpr":61311.41,"lq":7.13,"d":940},{"pi":"423366","pc":"Электроника","ss":100000,"td":"Фешенебельный район","dc":1,"n":619.55,"vc":"около 100 000","sl":"Элитный","sv":"более 1 000","p":210000.0,"q":22.47,"b":5.06,"ms":12.08,"wi":150.0,"ei":13.64,"as":4851.15,"mi":"E","mv":14017,"sc":3,"lpe":72.95,"lpr":59515.66,"lq":10.49,"d":890},{"pi":"423366","pc":"Электроника","ss":10000,"td":"Спальный район","dc":1,"n":620.65,"vc":"около 50 000","sl":"Очень высокий","sv":"более 1 000","p":165000.0,"q":22.83,"b":4.01,"ms":11.4,"wi":150.0,"ei":13.64,"as":4851.15,"mi":"E","mv":14017,"sc":3,"lpe":72.95,"lpr":59515.66,"lq":10.49,"d":890},{"pi":"423366","pc":"Электроника","ss":100000,"td":"Центр города","dc":1,"n":466.54,"vc":"более 100 000","sl":"Элитный","sv":"около 500","p":150000.0,"q":23.74,"b":5.93,"ms":3.57,"wi":150.0,"ei":13.64,"as":4851.15,"mi":"E","mv":14017,"sc":3,"lpe":72.95,"lpr":59515.66,"lq":10.49,"d":890},{"pi":"423366","pc":"Электроника","ss":100000,"td":"Центр города","dc":1,"n":597.42,"vc":"около 500 000","sl":"Элитный","sv":"около 100","p":200000.0,"q":23.74,"b":5.93,"ms":4.71,"wi":177.29,"ei":8.68,"as":4301.71,"mi":"E","mv":2123,"sc":1,"lpe":95.29,"lpr":152395.03,"lq":1.0,"d":181},{"pi":"423366","pc":"Электроника","ss":100000,"td":"Центр города","dc":1,"n":605.68,"vc":"около 500 000","sl":"Элитный","sv":"около 100","p":100000.0,"q":23.74,"b":5.93,"ms":5.24,"wi":122.87,"ei":8.87,"as":3799.76,"mi":"E","mv":1907,"sc":1,"lpe":94.76,"lpr":177379.48,"lq":1.0,"d":209},{"pi":"423366","pc":"Электроника","ss":100000,"td":"Центр города","dc":1,"n":572.72,"vc":"более 300 000","sl":"Элитный","sv":"около 100","p":100000.0,"q":23.74,"b":5.93,"ms":3.47,"wi":139.78,"ei":8.77,"as":4114.09,"mi":"E","mv":2882,"sc":1,"lpe":96.53,"lpr":174168.84,"lq":1.0,"d":285},{"pi":"423366","pc":"Электроника","ss":100000,"td":"Центр города","dc":1,"n":604.92,"vc":"около 500 000","sl":"Элитный","sv":"около 100","p":200000.0,"q":23.74,"b":5.93,"ms":5.19,"wi":150.93,"ei":9.01,"as":3939.88,"mi":"E","mv":1926,"sc":1,"lpe":94.81,"lpr":165718.16,"lq":1.0,"d":169},{"pi":"423366","pc":"Электроника","ss":100000,"td":"Фешенебельный район","dc":1,"n":679.14,"vc":"более 100 000","sl":"Элитный","sv":"более 1 000","p":60000.0,"q":18.06,"b":4.86,"ms":16.55,"wi":42.51,"ei":10.5,"as":816.76,"mi":"E","mv":6942,"sc":1,"lpe":83.45,"lpr":13806.55,"lq":1.44,"d":2532},{"pi":"423366","pc":"Электроника","ss":100000,"td":"Центр города","dc":1,"n":547.28,"vc":"около 500 000","sl":"Элитный","sv":"более 200","p":450000.0,"q":22.82,"b":1.24,"ms":3.07,"wi":103.68,"ei":7.68,"as":1568.05,"mi":"E","mv":8400,"sc":1,"lpe":96.93,"lpr":108034.81,"lq":1.0,"d":634},{"pi":"423366","pc":"Электроника","ss":10000,"td":"Центр города","dc":1,"n":370.61,"vc":"более 10 000","sl":"Элитный","sv":"около 500","p":29999.92,"q":22.86,"b":0.0,"ms":4.2,"wi":66.92,"ei":7.09,"as":492.29,"mi":"E","mv":8578,"sc":1,"lpe":95.8,"lpr":57602.57,"lq":1.0,"d":722},{"pi":"423366","pc":"Электроника","ss":100000,"td":"Центр города","dc":1,"n":315.79,"vc":"около 100 000","sl":"Элитный","sv":"около 50 000","p":110000.0,"q":22.19,"b":4.65,"ms":28.8,"wi":60.74,"ei":5.73,"as":513.33,"mi":"E","mv":140744,"sc":4,"lpe":70.17,"lpr":44423.6,"lq":5.57,"d":9704},{"pi":"423366","pc":"Электроника","ss":100000,"td":"Центр города","dc":2,"n":432.52,"vc":"около 500 000","sl":"Очень высокий","sv":"более 1 000","p":185000.0,"q":20.86,"b":1.27,"ms":0.97,"wi":60.74,"ei":5.73,"as":513.33,"mi":"E","mv":140744,"sc":4,"lpe":70.17,"lpr":44423.6,"lq":5.57,"d":9704},{"pi":"423366","pc":"Электроника","ss":100000,"td":"Центр города","dc":9,"n":315.84,"vc":"более 100 000","sl":"Низкий","sv":"около 50","p":105000.0,"q":15.08,"b":1.5,"ms":0.04,"wi":60.74,"ei":5.73,"as":513.33,"mi":"E","mv":140744,"sc":4,"lpe":70.17,"lpr":44423.6,"lq":5.57,"d":9704},{"pi":"423366","pc":"Электроника","ss":100000,"td":"Центр города","dc":2,"n":296.51,"vc":"около 100 000","sl":"Высокий","sv":"менее 50","p":127000.0,"q":14.97,"b":1.5,"ms":0.0,"wi":60.74,"ei":5.73,"as":513.33,"mi":"E","mv":140744,"sc":4,"lpe":70.17,"lpr":44423.6,"lq":5.57,"d":9704},{"pi":"423366","pc":"Электроника","ss":100000,"td":"Фешенебельный район","dc":1,"n":681.56,"vc":"около 500 000","sl":"Элитный","sv":"более 1 000","p":440000.0,"q":22.55,"b":3.69,"ms":3.83,"wi":66.62,"ei":7.76,"as":564.62,"mi":"E","mv":44719,"sc":3,"lpe":95.81,"lpr":78144.09,"lq":1.0,"d":3493},{"pi":"423366","pc":"Электроника","ss":100000,"td":"Центр города","dc":1,"n":411.36,"vc":"более 100 000","sl":"Элитный","sv":"около 100","p":300000.0,"q":23.74,"b":5.52,"ms":0.22,"wi":66.62,"ei":7.76,"as":564.62,"mi":"E","mv":44719,"sc":3,"lpe":95.81,"lpr":78144.09,"lq":1.0,"d":3493},{"pi":"423366","pc":"Электроника","ss":100000,"td":"Центр города","dc":9,"n":388.67,"vc":"более 100 000","sl":"Нормальный","sv":"около 50","p":160000.0,"q":15.08,"b":2.26,"ms":0.14,"wi":66.62,"ei":7.76,"as":564.62,"mi":"E","mv":44719,"sc":3,"lpe":95.81,"lpr":78144.09,"lq":1.0,"d":3493},{"pi":"423366","pc":"Электроника","ss":100000,"td":"Центр города","dc":1,"n":691.32,"vc":"около 500 000","sl":"Очень высокий","sv":"около 50","p":750000.0,"q":18.22,"b":0.0,"ms":3.74,"wi":167.37,"ei":8.38,"as":3356.62,"mi":"E","mv":1738,"sc":1,"lpe":96.26,"lpr":186561.14,"lq":1.0,"d":140},{"pi":"423366","pc":"Электроника","ss":1000,"td":"Центр города","dc":1,"n":687.96,"vc":"более 10 000","sl":"Низкий","sv":"около 100","p":15000.0,"q":23.74,"b":7.17,"ms":4.83,"wi":22.05,"ei":8.2,"as":543.77,"mi":"E","mv":2070,"sc":1,"lpe":95.17,"lpr":24832.29,"lq":1.0,"d":414},{"pi":"423366","pc":"Электроника","ss":100000,"td":"Центр города","dc":2,"n":688.27,"vc":"около 1 000 000","sl":"Нормальный","sv":"около 500","p":158546.85,"q":18.21,"b":0.0,"ms":9.95,"wi":113.22,"ei":8.72,"as":3458.72,"mi":"E","mv":3347,"sc":2,"lpe":87.06,"lpr":75827.34,"lq":3.75,"d":346},{"pi":"423366","pc":"Электроника","ss":100000,"td":"Центр города","dc":1,"n":597.11,"vc":"около 500 000","sl":"Элитный","sv":"около 100","p":200000.0,"q":23.74,"b":6.99,"ms":2.99,"wi":113.22,"ei":8.72,"as":3458.72,"mi":"E","mv":3347,"sc":2,"lpe":87.06,"lpr":75827.34,"lq":3.75,"d":346},{"pi":"423366","pc":"Электроника","ss":1000,"td":"Фешенебельный район","dc":1,"n":633.05,"vc":"около 1 000","sl":"Элитный","sv":"около 100","p":10000.0,"q":23.74,"b":7.17,"ms":5.09,"wi":29.61,"ei":12.72,"as":467.01,"mi":"E","mv":1964,"sc":2,"lpe":93.89,"lpr":12506.22,"lq":1.0,"d":745},{"pi":"423366","pc":"Электроника","ss":1000,"td":"Центр города","dc":1,"n":639.8,"vc":"около 10 000","sl":"Низкий","sv":"менее 50","p":14000.0,"q":23.8,"b":6.46,"ms":1.02,"wi":29.61,"ei":12.72,"as":467.01,"mi":"E","mv":1964,"sc":2,"lpe":93.89,"lpr":12506.22,"lq":1.0,"d":745},{"pi":"423366","pc":"Электроника","ss":1000,"td":"Центр города","dc":1,"n":510.44,"vc":"около 10 000","sl":"Низкий","sv":"около 300","p":30000.0,"q":23.03,"b":0.0,"ms":4.27,"wi":34.3,"ei":9.54,"as":519.17,"mi":"E","mv":7031,"sc":4,"lpe":93.06,"lpr":37915.16,"lq":1.0,"d":929},{"pi":"423366","pc":"Электроника","ss":1000,"td":"Фешенебельный район","dc":1,"n":725.03,"vc":"более 2 000","sl":"Очень высокий","sv":"около 100","p":50000.0,"q":23.74,"b":7.17,"ms":1.42,"wi":34.3,"ei":9.54,"as":519.17,"mi":"E","mv":7031,"sc":4,"lpe":93.06,"lpr":37915.16,"lq":1.0,"d":929},{"pi":"423366","pc":"Электроника","ss":1000,"td":"Центр города","dc":1,"n":510.29,"vc":"около 5 000","sl":"Нормальный","sv":"около 100","p":184216.31,"q":23.3,"b":0.97,"ms":1.22,"wi":34.3,"ei":9.54,"as":519.17,"mi":"E","mv":7031,"sc":4,"lpe":93.06,"lpr":37915.16,"lq":1.0,"d":929},{"pi":"423366","pc":"Электроника","ss":1000,"td":"Фешенебельный район","dc":1,"n":579.98,"vc":"около 1 000","sl":"Элитный","sv":"менее 50","p":324000.0,"q":14.82,"b":4.97,"ms":0.03,"wi":34.3,"ei":9.54,"as":519.17,"mi":"E","mv":7031,"sc":4,"lpe":93.06,"lpr":37915.16,"lq":1.0,"d":929},{"pi":"423366","pc":"Электроника","ss":100000,"td":"Фешенебельный район","dc":1,"n":686.7,"vc":"более 300 000","sl":"Элитный","sv":"более 2 000","p":750000.0,"q":23.82,"b":5.55,"ms":4.64,"wi":75.37,"ei":9.56,"as":419.1,"mi":"E","mv":54063,"sc":4,"lpe":92.49,"lpr":109497.24,"lq":1.68,"d":3663},{"pi":"423366","pc":"Электроника","ss":100000,"td":"Центр города","dc":7,"n":599.2,"vc":"около 1 000 000","sl":"Очень низкий","sv":"около 1 000","p":560000.0,"q":23.77,"b":5.85,"ms":1.51,"wi":75.37,"ei":9.56,"as":419.1,"mi":"E","mv":54063,"sc":4,"lpe":92.49,"lpr":109497.24,"lq":1.68,"d":3663},{"pi":"423366","pc":"Электроника","ss":100000,"td":"Центр города","dc":1,"n":547.79,"vc":"около 500 000","sl":"Очень высокий","sv":"около 500","p":265000.0,"q":23.74,"b":4.21,"ms":0.92,"wi":75.37,"ei":9.56,"as":419.1,"mi":"E","mv":54063,"sc":4,"lpe":92.49,"lpr":109497.24,"lq":1.68,"d":3663},{"pi":"423366","pc":"Электроника","ss":100000,"td":"Центр города","dc":1,"n":426.79,"vc":"более 100 000","sl":"Элитный","sv":"более 200","p":700000.0,"q":22.79,"b":1.29,"ms":0.44,"wi":75.37,"ei":9.56,"as":419.1,"mi":"E","mv":54063,"sc":4,"lpe":92.49,"lpr":109497.24,"lq":1.68,"d":3663},{"pi":"423366","pc":"Электроника","ss":100000,"td":"Фешенебельный район","dc":1,"n":590.25,"vc":"более 100 000","sl":"Элитный","sv":"более 10 000","p":200000.0,"q":26.9,"b":4.55,"ms":26.74,"wi":100.43,"ei":12.79,"as":804.73,"mi":"E","mv":63106,"sc":5,"lpe":52.17,"lpr":36436.6,"lq":7.4,"d":4137},{"pi":"423366","pc":"Электроника","ss":100000,"td":"Фешенебельный район","dc":1,"n":572.24,"vc":"более 100 000","sl":"Элитный","sv":"около 5 000","p":170000.0,"q":26.97,"b":4.55,"ms":10.3,"wi":100.43,"ei":12.79,"as":804.73,"mi":"E","mv":63106,"sc":5,"lpe":52.17,"lpr":36436.6,"lq":7.4,"d":4137},{"pi":"423366","pc":"Электроника","ss":100000,"td":"Центр города","dc":1,"n":361.83,"vc":"более 100 000","sl":"Элитный","sv":"около 5 000","p":180000.0,"q":23.63,"b":4.21,"ms":9.77,"wi":100.43,"ei":12.79,"as":804.73,"mi":"E","mv":63106,"sc":5,"lpe":52.17,"lpr":36436.6,"lq":7.4,"d":4137},{"pi":"423366","pc":"Электроника","ss":100000,"td":"Центр города","dc":1,"n":368.8,"vc":"более 100 000","sl":"Элитный","sv":"около 500","p":200000.0,"q":22.81,"b":1.24,"ms":0.91,"wi":100.43,"ei":12.79,"as":804.73,"mi":"E","mv":63106,"sc":5,"lpe":52.17,"lpr":36436.6,"lq":7.4,"d":4137},{"pi":"423366","pc":"Электроника","ss":100000,"td":"Спальный район","dc":9,"n":370.95,"vc":"около 100 000","sl":"Очень высокий","sv":"около 100","p":145000.0,"q":13.23,"b":1.76,"ms":0.12,"wi":100.43,"ei":12.79,"as":804.73,"mi":"E","mv":63106,"sc":5,"lpe":52.17,"lpr":36436.6,"lq":7.4,"d":4137},{"pi":"423366","pc":"Электроника","ss":100000,"td":"Фешенебельный район","dc":1,"n":699.35,"vc":"около 500 000","sl":"Элитный","sv":"около 5 000","p":502000.0,"q":22.46,"b":3.7,"ms":10.95,"wi":146.31,"ei":15.52,"as":2307.77,"mi":"E","mv":31336,"sc":8,"lpe":73.57,"lpr":142960.1,"lq":7.48,"d":2095},{"pi":"423366","pc":"Электроника","ss":100000,"td":"Центр города","dc":5,"n":533.06,"vc":"около 500 000","sl":"Низкий","sv":"более 2 000","p":300000.0,"q":13.52,"b":3.34,"ms":8.3,"wi":146.31,"ei":15.52,"as":2307.77,"mi":"E","mv":31336,"sc":8,"lpe":73.57,"lpr":142960.1,"lq":7.48,"d":2095},{"pi":"423366","pc":"Электроника","ss":100000,"td":"Спальный район","dc":1,"n":491.75,"vc":"более 200 000","sl":"Элитный","sv":"более 1 000","p":500000.0,"q":22.8,"b":1.59,"ms":3.2,"wi":146.31,"ei":15.52,"as":2307.77,"mi":"E","mv":31336,"sc":8,"lpe":73.57,"lpr":142960.1,"lq":7.48,"d":2095},{"pi":"423366","pc":"Электроника","ss":100000,"td":"Фешенебельный район","dc":1,"n":684.42,"vc":"более 300 000","sl":"Элитный","sv":"около 500","p":600000.0,"q":23.82,"b":5.55,"ms":2.01,"wi":146.31,"ei":15.52,"as":2307.77,"mi":"E","mv":31336,"sc":8,"lpe":73.57,"lpr":142960.1,"lq":7.48,"d":2095},{"pi":"423366","pc":"Электроника","ss":100000,"td":"Центр города","dc":1,"n":594.96,"vc":"около 1 000 000","sl":"Высокий","sv":"около 500","p":500000.0,"q":18.26,"b":0.0,"ms":1.47,"wi":146.31,"ei":15.52,"as":2307.77,"mi":"E","mv":31336,"sc":8,"lpe":73.57,"lpr":142960.1,"lq":7.48,"d":2095},{"pi":"423366","pc":"Электроника","ss":100000,"td":"Фешенебельный район","dc":1,"n":553.28,"vc":"около 100 000","sl":"Элитный","sv":"около 100","p":624720.62,"q":24.0,"b":3.35,"ms":0.28,"wi":146.31,"ei":15.52,"as":2307.77,"mi":"E","mv":31336,"sc":8,"lpe":73.57,"lpr":142960.1,"lq":7.48,"d":2095},{"pi":"423366","pc":"Электроника","ss":100000,"td":"Окраина","dc":10,"n":418.04,"vc":"около 100 000","sl":"Высокий","sv":"около 50","p":225000.0,"q":15.08,"b":1.91,"ms":0.2,"wi":146.31,"ei":15.52,"as":2307.77,"mi":"E","mv":31336,"sc":8,"lpe":73.57,"lpr":142960.1,"lq":7.48,"d":2095},{"pi":"423366","pc":"Электроника","ss":100000,"td":"Фешенебельный район","dc":1,"n":689.19,"vc":"около 500 000","sl":"Элитный","sv":"менее 50","p":800000.0,"q":19.82,"b":5.53,"ms":0.01,"wi":146.31,"ei":15.52,"as":2307.77,"mi":"E","mv":31336,"sc":8,"lpe":73.57,"lpr":142960.1,"lq":7.48,"d":2095},{"pi":"423366","pc":"Электроника","ss":1000,"td":"Фешенебельный район","dc":1,"n":675.36,"vc":"более 1 000","sl":"Элитный","sv":"около 100","p":50000.0,"q":23.74,"b":0.0,"ms":3.78,"wi":36.78,"ei":7.4,"as":274.72,"mi":"E","mv":2647,"sc":1,"lpe":96.22,"lpr":42342.77,"lq":1.0,"d":399},{"pi":"423366","pc":"Электроника","ss":100000,"td":"Фешенебельный район","dc":1,"n":692.0,"vc":"более 200 000","sl":"Элитный","sv":"более 1 000","p":650000.0,"q":23.81,"b":5.55,"ms":7.85,"wi":76.09,"ei":6.5,"as":327.59,"mi":"E","mv":18339,"sc":3,"lpe":86.83,"lpr":88743.09,"lq":3.27,"d":1541},{"pi":"423366","pc":"Электроника","ss":100000,"td":"Центр города","dc":1,"n":506.79,"vc":"более 200 000","sl":"Элитный","sv":"около 1 000","p":550000.0,"q":18.36,"b":5.15,"ms":4.36,"wi":76.09,"ei":6.5,"as":327.59,"mi":"E","mv":18339,"sc":3,"lpe":86.83,"lpr":88743.09,"lq":3.27,"d":1541},{"pi":"423366","pc":"Электроника","ss":100000,"td":"Центр города","dc":1,"n":465.88,"vc":"более 200 000","sl":"Элитный","sv":"более 100","p":610000.0,"q":22.85,"b":1.26,"ms":0.96,"wi":76.09,"ei":6.5,"as":327.59,"mi":"E","mv":18339,"sc":3,"lpe":86.83,"lpr":88743.09,"lq":3.27,"d":1541},{"pi":"423366","pc":"Электроника","ss":100000,"td":"Центр города","dc":1,"n":626.16,"vc":"более 2 000 000","sl":"Низкий","sv":"около 5 000","p":300000.0,"q":23.54,"b":5.24,"ms":3.63,"wi":132.97,"ei":9.27,"as":1723.67,"mi":"E","mv":148675,"sc":9,"lpe":89.33,"lpr":99417.04,"lq":4.14,"d":8477},{"pi":"423366","pc":"Электроника","ss":100000,"td":"Фешенебельный район","dc":1,"n":619.31,"vc":"более 200 000","sl":"Элитный","sv":"около 5 000","p":170000.0,"q":19.88,"b":5.53,"ms":3.36,"wi":132.97,"ei":9.27,"as":1723.67,"mi":"E","mv":148675,"sc":9,"lpe":89.33,"lpr":99417.04,"lq":4.14,"d":8477},{"pi":"423366","pc":"Электроника","ss":100000,"td":"Центр города","dc":1,"n":435.69,"vc":"около 500 000","sl":"Элитный","sv":"более 1 000","p":200000.0,"q":4.2,"b":0.0,"ms":1.14,"wi":132.97,"ei":9.27,"as":1723.67,"mi":"E","mv":148675,"sc":9,"lpe":89.33,"lpr":99417.04,"lq":4.14,"d":8477},{"pi":"423366","pc":"Электроника","ss":100000,"td":"Центр города","dc":1,"n":435.23,"vc":"более 200 000","sl":"Элитный","sv":"более 1 000","p":200000.0,"q":4.4,"b":0.0,"ms":1.0,"wi":132.97,"ei":9.27,"as":1723.67,"mi":"E","mv":148675,"sc":9,"lpe":89.33,"lpr":99417.04,"lq":4.14,"d":8477},{"pi":"423366","pc":"Электроника","ss":100000,"td":"Центр города","dc":1,"n":431.03,"vc":"около 500 000","sl":"Элитный","sv":"около 1 000","p":123000.0,"q":23.74,"b":4.21,"ms":0.67,"wi":132.97,"ei":9.27,"as":1723.67,"mi":"E","mv":148675,"sc":9,"lpe":89.33,"lpr":99417.04,"lq":4.14,"d":8477},{"pi":"423366","pc":"Электроника","ss":100000,"td":"Центр города","dc":2,"n":307.26,"vc":"около 100 000","sl":"Элитный","sv":"около 1 000","p":300000.0,"q":20.36,"b":1.74,"ms":0.54,"wi":132.97,"ei":9.27,"as":1723.67,"mi":"E","mv":148675,"sc":9,"lpe":89.33,"lpr":99417.04,"lq":4.14,"d":8477},{"pi":"423366","pc":"Электроника","ss":100000,"td":"Центр города","dc":4,"n":511.68,"vc":"около 500 000","sl":"Низкий","sv":"около 500","p":300000.0,"q":13.56,"b":3.34,"ms":0.22,"wi":132.97,"ei":9.27,"as":1723.67,"mi":"E","mv":148675,"sc":9,"lpe":89.33,"lpr":99417.04,"lq":4.14,"d":8477},{"pi":"423366","pc":"Электроника","ss":100000,"td":"Фешенебельный район","dc":1,"n":667.43,"vc":"около 500 000","sl":"Очень высокий","sv":"около 100","p":473000.0,"q":22.1,"b":3.72,"ms":0.06,"wi":132.97,"ei":9.27,"as":1723.67,"mi":"E","mv":148675,"sc":9,"lpe":89.33,"lpr":99417.04,"lq":4.14,"d":8477},{"pi":"423366","pc":"Электроника","ss":100000,"td":"Окраина","dc":9,"n":310.03,"vc":"около 50 000","sl":"Очень высокий","sv":"около 50","p":175000.0,"q":15.08,"b":1.91,"ms":0.04,"wi":132.97,"ei":9.27,"as":1723.67,"mi":"E","mv":148675,"sc":9,"lpe":89.33,"lpr":99417.04,"lq":4.14,"d":8477},{"pi":"423366","pc":"Электроника","ss":10000,"td":"Центр города","dc":1,"n":527.93,"vc":"около 50 000","sl":"Очень высокий","sv":"около 500","p":260000.0,"q":13.62,"b":4.06,"ms":4.8,"wi":105.73,"ei":5.2,"as":657.04,"mi":"E","mv":11886,"sc":3,"lpe":93.08,"lpr":60290.41,"lq":1.0,"d":707},{"pi":"423366","pc":"Электроника","ss":10000,"td":"Фешенебельный район","dc":1,"n":555.22,"vc":"около 5 000","sl":"Элитный","sv":"более 100","p":300000.0,"q":14.91,"b":4.5,"ms":1.27,"wi":105.73,"ei":5.2,"as":657.04,"mi":"E","mv":11886,"sc":3,"lpe":93.08,"lpr":60290.41,"lq":1.0,"d":707},{"pi":"423366","pc":"Электроника","ss":10000,"td":"Фешенебельный район","dc":1,"n":650.64,"vc":"более 10 000","sl":"Элитный","sv":"около 100","p":200000.0,"q":23.74,"b":4.61,"ms":0.84,"wi":105.73,"ei":5.2,"as":657.04,"mi":"E","mv":11886,"sc":3,"lpe":93.08,"lpr":60290.41,"lq":1.0,"d":707},{"pi":"423366","pc":"Электроника","ss":100000,"td":"Фешенебельный район","dc":2,"n":716.15,"vc":"более 100 000","sl":"Элитный","sv":"около 200","p":30000.0,"q":23.74,"b":5.65,"ms":21.93,"wi":40.37,"ei":6.73,"as":517.11,"mi":"E","mv":912,"sc":1,"lpe":78.07,"lpr":39081.11,"lq":3.43,"d":1689},{"pi":"423366","pc":"Электроника","ss":100000,"td":"Спальный район","dc":1,"n":411.88,"vc":"более 100 000","sl":"Элитный","sv":"около 1 000","p":200000.0,"q":23.74,"b":4.49,"ms":3.25,"wi":68.47,"ei":6.3,"as":344.56,"mi":"E","mv":30729,"sc":1,"lpe":96.75,"lpr":148752.89,"lq":1.0,"d":4355},{"pi":"423366","pc":"Электроника","ss":100000,"td":"Фешенебельный район","dc":1,"n":701.78,"vc":"около 500 000","sl":"Элитный","sv":"более 2 000","p":495000.0,"q":22.46,"b":2.85,"ms":7.89,"wi":93.64,"ei":6.95,"as":590.98,"mi":"E","mv":37844,"sc":1,"lpe":92.11,"lpr":101608.4,"lq":1.0,"d":2212},{"pi":"423366","pc":"Электроника","ss":100000,"td":"Фешенебельный район","dc":1,"n":627.44,"vc":"около 500 000","sl":"Элитный","sv":"более 10 000","p":496000.0,"q":22.54,"b":2.92,"ms":5.81,"wi":108.19,"ei":6.67,"as":874.7,"mi":"E","mv":198742,"sc":5,"lpe":85.49,"lpr":116344.85,"lq":4.97,"d":12114},{"pi":"423366","pc":"Электроника","ss":100000,"td":"Центр города","dc":2,"n":533.82,"vc":"более 1 000 000","sl":"Низкий","sv":"около 10 000","p":200000.0,"q":23.03,"b":0.0,"ms":4.03,"wi":108.19,"ei":6.67,"as":874.7,"mi":"E","mv":198742,"sc":5,"lpe":85.49,"lpr":116344.85,"lq":4.97,"d":12114},{"pi":"423366","pc":"Электроника","ss":100000,"td":"Центр города","dc":2,"n":300.64,"vc":"более 100 000","sl":"Элитный","sv":"более 1 000","p":350000.0,"q":14.39,"b":0.0,"ms":0.77,"wi":108.19,"ei":6.67,"as":874.7,"mi":"E","mv":198742,"sc":5,"lpe":85.49,"lpr":116344.85,"lq":4.97,"d":12114},{"pi":"423366","pc":"Электроника","ss":100000,"td":"Спальный район","dc":1,"n":411.55,"vc":"более 200 000","sl":"Элитный","sv":"около 1 000","p":250000.0,"q":23.74,"b":4.49,"ms":0.5,"wi":108.19,"ei":6.67,"as":874.7,"mi":"E","mv":198742,"sc":5,"lpe":85.49,"lpr":116344.85,"lq":4.97,"d":12114},{"pi":"423366","pc":"Электроника","ss":10000,"td":"Центр города","dc":1,"n":286.04,"vc":"более 10 000","sl":"Элитный","sv":"около 1 000","p":110000.0,"q":22.19,"b":4.92,"ms":0.41,"wi":33.37,"ei":5.09,"as":182.41,"mi":"E","mv":246099,"sc":3,"lpe":99.59,"lpr":46444.33,"lq":1.0,"d":22072},{"pi":"423366","pc":"Электроника","ss":100000,"td":"Центр города","dc":1,"n":507.31,"vc":"около 1 000 000","sl":"Очень высокий","sv":"менее 50","p":250000.0,"q":14.97,"b":0.0,"ms":0.0,"wi":33.37,"ei":5.09,"as":182.41,"mi":"E","mv":246099,"sc":3,"lpe":99.59,"lpr":46444.33,"lq":1.0,"d":22072},{"pi":"423366","pc":"Электроника","ss":10000,"td":"Центр города","dc":1,"n":182.55,"vc":"около 10 000","sl":"Элитный","sv":"менее 50","p":160000.0,"q":14.97,"b":0.0,"ms":0.0,"wi":33.37,"ei":5.09,"as":182.41,"mi":"E","mv":246099,"sc":3,"lpe":99.59,"lpr":46444.33,"lq":1.0,"d":22072},{"pi":"423366","pc":"Электроника","ss":100000,"td":"Центр города","dc":1,"n":609.08,"vc":"около 500 000","sl":"Элитный","sv":"около 500","p":350000.0,"q":22.81,"b":0.88,"ms":10.55,"wi":75.97,"ei":9.64,"as":709.18,"mi":"E","mv":3649,"sc":1,"lpe":89.45,"lpr":77848.31,"lq":1.15,"d":316},{"pi":"423366","pc":"Электроника","ss":100000,"td":"Центр города","dc":1,"n":606.96,"vc":"более 1 000 000","sl":"Нормальный","sv":"около 50 000","p":45000.0,"q":30.05,"b":4.88,"ms":21.73,"wi":52.01,"ei":4.8,"as":338.83,"mi":"E","mv":216916,"sc":2,"lpe":77.81,"lpr":39318.56,"lq":2.02,"d":11930},{"pi":"423366","pc":"Электроника","ss":10000,"td":"Центр города","dc":1,"n":512.14,"vc":"около 50 000","sl":"Высокий","sv":"около 1 000","p":47000.0,"q":23.8,"b":4.51,"ms":0.46,"wi":52.01,"ei":4.8,"as":338.83,"mi":"E","mv":216916,"sc":2,"lpe":77.81,"lpr":39318.56,"lq":2.02,"d":11930},{"pi":"423366","pc":"Электроника","ss":100000,"td":"Центр города","dc":1,"n":515.53,"vc":"более 300 000","sl":"Элитный","sv":"около 10 000","p":450000.0,"q":22.8,"b":1.24,"ms":78.59,"wi":70.58,"ei":6.82,"as":357.76,"mi":"D","mv":11070,"sc":2,"lpe":21.04,"lpr":154101.64,"lq":1.86,"d":1780},{"pi":"423366","pc":"Электроника","ss":1000,"td":"Спальный район","dc":1,"n":305.14,"vc":"более 1 000","sl":"Элитный","sv":"около 50","p":283376.66,"q":4.45,"b":0.0,"ms":0.37,"wi":70.58,"ei":6.82,"as":357.76,"mi":"D","mv":11070,"sc":2,"lpe":21.04,"lpr":154101.64,"lq":1.86,"d":1780},{"pi":"423366","pc":"Электроника","ss":100000,"td":"Фешенебельный район","dc":1,"n":690.98,"vc":"более 100 000","sl":"Элитный","sv":"около 1 000","p":500000.0,"q":23.54,"b":5.55,"ms":11.81,"wi":94.83,"ei":6.08,"as":329.42,"mi":"E","mv":8466,"sc":3,"lpe":78.01,"lpr":86544.36,"lq":3.67,"d":645},{"pi":"423366","pc":"Электроника","ss":100000,"td":"Центр города","dc":1,"n":655.97,"vc":"более 1 000 000","sl":"Высокий","sv":"около 500","p":491326.62,"q":22.89,"b":3.08,"ms":5.92,"wi":94.83,"ei":6.08,"as":329.42,"mi":"E","mv":8466,"sc":3,"lpe":78.01,"lpr":86544.36,"lq":3.67,"d":645},{"pi":"423366","pc":"Электроника","ss":100000,"td":"Центр города","dc":1,"n":551.9,"vc":"около 500 000","sl":"Элитный","sv":"около 500","p":500000.0,"q":22.79,"b":1.26,"ms":4.26,"wi":94.83,"ei":6.08,"as":329.42,"mi":"E","mv":8466,"sc":3,"lpe":78.01,"lpr":86544.36,"lq":3.67,"d":645},{"pi":"423366","pc":"Электроника","ss":100000,"td":"Фешенебельный район","dc":1,"n":687.19,"vc":"более 200 000","sl":"Элитный","sv":"более 1 000","p":700000.0,"q":23.82,"b":5.55,"ms":11.54,"wi":128.02,"ei":8.73,"as":1034.79,"mi":"E","mv":10442,"sc":4,"lpe":69.92,"lpr":186541.59,"lq":2.25,"d":811},{"pi":"423366","pc":"Электроника","ss":100000,"td":"Центр города","dc":1,"n":491.06,"vc":"более 200 000","sl":"Элитный","sv":"более 1 000","p":660000.0,"q":22.8,"b":1.57,"ms":9.97,"wi":128.02,"ei":8.73,"as":1034.79,"mi":"E","mv":10442,"sc":4,"lpe":69.92,"lpr":186541.59,"lq":2.25,"d":811},{"pi":"423366","pc":"Электроника","ss":100000,"td":"Фешенебельный район","dc":1,"n":635.0,"vc":"более 100 000","sl":"Элитный","sv":"около 1 000","p":666807.98,"q":24.78,"b":3.34,"ms":8.55,"wi":128.02,"ei":8.73,"as":1034.79,"mi":"E","mv":10442,"sc":4,"lpe":69.92,"lpr":186541.59,"lq":2.25,"d":811},{"pi":"423366","pc":"Электроника","ss":1000,"td":"Спальный район","dc":1,"n":301.64,"vc":"более 1 000","sl":"Элитный","sv":"менее 50","p":374098.22,"q":9.72,"b":0.0,"ms":0.02,"wi":128.02,"ei":8.73,"as":1034.79,"mi":"E","mv":10442,"sc":4,"lpe":69.92,"lpr":186541.59,"lq":2.25,"d":811},{"pi":"423366","pc":"Электроника","ss":100000,"td":"Фешенебельный район","dc":1,"n":592.29,"vc":"около 50 000","sl":"Элитный","sv":"около 100","p":100000.0,"q":23.74,"b":0.0,"ms":3.92,"wi":42.04,"ei":5.7,"as":313.6,"mi":"E","mv":2554,"sc":1,"lpe":96.08,"lpr":40440.79,"lq":1.0,"d":253},{"pi":"423366","pc":"Электроника","ss":100000,"td":"Центр города","dc":1,"n":559.62,"vc":"более 300 000","sl":"Элитный","sv":"менее 50","p":200000.0,"q":14.97,"b":0.0,"ms":0.1,"wi":10.82,"ei":8.35,"as":386.44,"mi":"E","mv":3816,"sc":1,"lpe":99.9,"lpr":32905.89,"lq":1.0,"d":6297},{"pi":"423366","pc":"Электроника","ss":100000,"td":"Фешенебельный район","dc":1,"n":709.88,"vc":"около 500 000","sl":"Элитный","sv":"около 5 000","p":534000.0,"q":22.56,"b":3.7,"ms":28.29,"wi":94.66,"ei":5.73,"as":634.32,"mi":"E","mv":17574,"sc":4,"lpe":67.66,"lpr":97069.94,"lq":4.29,"d":1375},{"pi":"423366","pc":"Электроника","ss":100000,"td":"Центр города","dc":1,"n":651.41,"vc":"около 1 000 000","sl":"Высокий","sv":"около 500","p":500000.0,"q":20.89,"b":0.0,"ms":3.03,"wi":94.66,"ei":5.73,"as":634.32,"mi":"E","mv":17574,"sc":4,"lpe":67.66,"lpr":97069.94,"lq":4.29,"d":1375},{"pi":"423366","pc":"Электроника","ss":100000,"td":"Фешенебельный район","dc":1,"n":689.31,"vc":"более 200 000","sl":"Элитный","sv":"более 100","p":720000.0,"q":23.84,"b":5.55,"ms":0.96,"wi":94.66,"ei":5.73,"as":634.32,"mi":"E","mv":17574,"sc":4,"lpe":67.66,"lpr":97069.94,"lq":4.29,"d":1375},{"pi":"423366","pc":"Электроника","ss":100000,"td":"Центр города","dc":1,"n":468.91,"vc":"более 100 000","sl":"Элитный","sv":"менее 50","p":706000.0,"q":22.96,"b":0.56,"ms":0.06,"wi":94.66,"ei":5.73,"as":634.32,"mi":"E","mv":17574,"sc":4,"lpe":67.66,"lpr":97069.94,"lq":4.29,"d":1375},{"pi":"423366","pc":"Электроника","ss":100000,"td":"Фешенебельный район","dc":1,"n":703.12,"vc":"около 500 000","sl":"Элитный","sv":"более 2 000","p":527000.0,"q":22.6,"b":3.72,"ms":8.7,"wi":105.14,"ei":8.27,"as":1023.96,"mi":"E","mv":28129,"sc":3,"lpe":85.2,"lpr":113151.82,"lq":4.27,"d":2847},{"pi":"423366","pc":"Электроника","ss":100000,"td":"Центр города","dc":1,"n":434.55,"vc":"более 100 000","sl":"Элитный","sv":"более 1 000","p":450000.0,"q":22.81,"b":1.24,"ms":4.28,"wi":105.14,"ei":8.27,"as":1023.96,"mi":"E","mv":28129,"sc":3,"lpe":85.2,"lpr":113151.82,"lq":4.27,"d":2847},{"pi":"423366","pc":"Электроника","ss":100000,"td":"Фешенебельный район","dc":1,"n":683.33,"vc":"более 200 000","sl":"Элитный","sv":"около 500","p":600000.0,"q":23.83,"b":5.55,"ms":1.81,"wi":105.14,"ei":8.27,"as":1023.96,"mi":"E","mv":28129,"sc":3,"lpe":85.2,"lpr":113151.82,"lq":4.27,"d":2847},{"pi":"423366","pc":"Электроника","ss":100000,"td":"Центр города","dc":2,"n":685.22,"vc":"более 1 000 000","sl":"Низкий","sv":"более 1 000","p":122113.02,"q":24.96,"b":7.62,"ms":13.05,"wi":50.17,"ei":6.4,"as":344.62,"mi":"E","mv":12794,"sc":3,"lpe":86.13,"lpr":28742.67,"lq":1.87,"d":788},{"pi":"423366","pc":"Электроника","ss":100000,"td":"Фешенебельный район","dc":1,"n":471.74,"vc":"более 20 000","sl":"Элитный","sv":"около 100","p":100000.0,"q":23.74,"b":0.0,"ms":0.78,"wi":50.17,"ei":6.4,"as":344.62,"mi":"E","mv":12794,"sc":3,"lpe":86.13,"lpr":28742.67,"lq":1.87,"d":788},{"pi":"423366","pc":"Электроника","ss":10000,"td":"Центр города","dc":1,"n":293.94,"vc":"около 5 000","sl":"Элитный","sv":"менее 50","p":125000.0,"q":10.61,"b":2.12,"ms":0.03,"wi":50.17,"ei":6.4,"as":344.62,"mi":"E","mv":12794,"sc":3,"lpe":86.13,"lpr":28742.67,"lq":1.87,"d":788},{"pi":"423366","pc":"Электроника","ss":100000,"td":"Фешенебельный район","dc":1,"n":627.34,"vc":"около 100 000","sl":"Элитный","sv":"около 500","p":130000.0,"q":18.54,"b":5.35,"ms":12.31,"wi":54.01,"ei":6.2,"as":316.93,"mi":"E","mv":4353,"sc":2,"lpe":85.39,"lpr":23420.88,"lq":1.95,"d":311},{"pi":"423366","pc":"Электроника","ss":100000,"td":"Фешенебельный район","dc":1,"n":548.2,"vc":"около 50 000","sl":"Элитный","sv":"около 100","p":100000.0,"q":23.74,"b":0.0,"ms":2.3,"wi":54.01,"ei":6.2,"as":316.93,"mi":"E","mv":4353,"sc":2,"lpe":85.39,"lpr":23420.88,"lq":1.95,"d":311},{"pi":"423366","pc":"Электроника","ss":100000,"td":"Фешенебельный район","dc":2,"n":675.5,"vc":"более 100 000","sl":"Элитный","sv":"около 1 000","p":72308.57,"q":20.44,"b":0.0,"ms":22.15,"wi":85.11,"ei":6.1,"as":334.94,"mi":"E","mv":4154,"sc":2,"lpe":77.4,"lpr":15668.54,"lq":1.67,"d":351},{"pi":"423366","pc":"Электроника","ss":100000,"td":"Фешенебельный район","dc":1,"n":555.55,"vc":"около 50 000","sl":"Элитный","sv":"менее 50","p":100000.0,"q":22.7,"b":0.0,"ms":0.46,"wi":85.11,"ei":6.1,"as":334.94,"mi":"E","mv":4154,"sc":2,"lpe":77.4,"lpr":15668.54,"lq":1.67,"d":351},{"pi":"423366","pc":"Электроника","ss":100000,"td":"Фешенебельный район","dc":1,"n":706.08,"vc":"более 200 000","sl":"Элитный","sv":"более 3 000","p":683000.0,"q":22.08,"b":3.7,"ms":14.65,"wi":119.43,"ei":9.92,"as":1514.88,"mi":"E","mv":21474,"sc":3,"lpe":78.29,"lpr":137761.41,"lq":3.47,"d":1420},{"pi":"423366","pc":"Электроника","ss":100000,"td":"Центр города","dc":3,"n":471.76,"vc":"более 200 000","sl":"Высокий","sv":"более 1 000","p":300000.0,"q":13.52,"b":0.0,"ms":5.59,"wi":119.43,"ei":9.92,"as":1514.88,"mi":"E","mv":21474,"sc":3,"lpe":78.29,"lpr":137761.41,"lq":3.47,"d":1420},{"pi":"423366","pc":"Электроника","ss":100000,"td":"Фешенебельный район","dc":1,"n":688.32,"vc":"более 200 000","sl":"Элитный","sv":"около 500","p":850000.0,"q":23.83,"b":5.55,"ms":1.48,"wi":119.43,"ei":9.92,"as":1514.88,"mi":"E","mv":21474,"sc":3,"lpe":78.29,"lpr":137761.41,"lq":3.47,"d":1420},{"pi":"423366","pc":"Электроника","ss":100000,"td":"Фешенебельный район","dc":1,"n":691.57,"vc":"более 200 000","sl":"Элитный","sv":"более 1 000","p":750000.0,"q":23.82,"b":5.55,"ms":8.02,"wi":96.23,"ei":6.22,"as":403.52,"mi":"E","mv":13176,"sc":3,"lpe":87.48,"lpr":110409.33,"lq":2.13,"d":1193},{"pi":"423366","pc":"Электроника","ss":100000,"td":"Фешенебельный район","dc":1,"n":602.75,"vc":"около 100 000","sl":"Элитный","sv":"около 500","p":715116.08,"q":25.06,"b":3.34,"ms":3.49,"wi":96.23,"ei":6.22,"as":403.52,"mi":"E","mv":13176,"sc":3,"lpe":87.48,"lpr":110409.33,"lq":2.13,"d":1193},{"pi":"423366","pc":"Электроника","ss":100000,"td":"Центр города","dc":1,"n":491.71,"vc":"более 200 000","sl":"Элитный","sv":"более 100","p":710000.0,"q":22.86,"b":1.25,"ms":1.01,"wi":96.23,"ei":6.22,"as":403.52,"mi":"E","mv":13176,"sc":3,"lpe":87.48,"lpr":110409.33,"lq":2.13,"d":1193},{"pi":"423366","pc":"Электроника","ss":100000,"td":"Спальный район","dc":1,"n":28.57,"vc":"более 1 000","sl":"Элитный","sv":"около 1 000","p":122000.0,"q":23.74,"b":4.21,"ms":9.68,"wi":97.28,"ei":5.35,"as":374.69,"mi":"E","mv":10335,"sc":1,"lpe":90.32,"lpr":70158.7,"lq":2.43,"d":804},{"pi":"423366","pc":"Электроника","ss":100000,"td":"Центр города","dc":2,"n":482.43,"vc":"более 200 000","sl":"Очень высокий","sv":"более 1 000","p":200000.0,"q":14.13,"b":0.0,"ms":10.39,"wi":95.22,"ei":7.84,"as":648.74,"mi":"E","mv":16554,"sc":4,"lpe":73.66,"lpr":64400.95,"lq":7.25,"d":1471},{"pi":"423366","pc":"Электроника","ss":100000,"td":"Фешенебельный район","dc":1,"n":688.7,"vc":"более 200 000","sl":"Элитный","sv":"более 1 000","p":400000.0,"q":23.84,"b":5.55,"ms":7.71,"wi":95.22,"ei":7.84,"as":648.74,"mi":"E","mv":16554,"sc":4,"lpe":73.66,"lpr":64400.95,"lq":7.25,"d":1471},{"pi":"423366","pc":"Электроника","ss":100000,"td":"Центр города","dc":1,"n":454.97,"vc":"более 200 000","sl":"Элитный","sv":"около 500","p":250000.0,"q":14.57,"b":0.0,"ms":4.36,"wi":95.22,"ei":7.84,"as":648.74,"mi":"E","mv":16554,"sc":4,"lpe":73.66,"lpr":64400.95,"lq":7.25,"d":1471},{"pi":"423366","pc":"Электроника","ss":100000,"td":"Центр города","dc":1,"n":465.49,"vc":"более 200 000","sl":"Элитный","sv":"около 500","p":300000.0,"q":22.82,"b":1.24,"ms":3.88,"wi":95.22,"ei":7.84,"as":648.74,"mi":"E","mv":16554,"sc":4,"lpe":73.66,"lpr":64400.95,"lq":7.25,"d":1471},{"pi":"423366","pc":"Электроника","ss":10000,"td":"Центр города","dc":1,"n":551.2,"vc":"около 50 000","sl":"Очень высокий","sv":"менее 50","p":230000.0,"q":18.49,"b":0.99,"ms":0.01,"wi":43.02,"ei":4.91,"as":235.89,"mi":"E","mv":19091,"sc":1,"lpe":99.99,"lpr":43122.86,"lq":1.0,"d":2085},{"pi":"423366","pc":"Электроника","ss":100000,"td":"Спальный район","dc":1,"n":661.92,"vc":"около 500 000","sl":"Очень высокий","sv":"около 50","p":240000.0,"q":18.49,"b":0.99,"ms":0.94,"wi":35.89,"ei":4.7,"as":190.96,"mi":"E","mv":5328,"sc":1,"lpe":99.06,"lpr":39307.64,"lq":1.0,"d":502},{"pi":"423366","pc":"Электроника","ss":100000,"td":"Фешенебельный район","dc":1,"n":546.39,"vc":"около 50 000","sl":"Очень высокий","sv":"более 1 000","p":250000.0,"q":14.54,"b":3.59,"ms":9.81,"wi":105.35,"ei":7.18,"as":506.56,"mi":"E","mv":16652,"sc":2,"lpe":88.99,"lpr":64099.92,"lq":1.1,"d":1026},{"pi":"423366","pc":"Электроника","ss":100000,"td":"Фешенебельный район","dc":1,"n":690.15,"vc":"более 200 000","sl":"Элитный","sv":"около 200","p":160000.0,"q":26.97,"b":0.0,"ms":1.2,"wi":105.35,"ei":7.18,"as":506.56,"mi":"E","mv":16652,"sc":2,"lpe":88.99,"lpr":64099.92,"lq":1.1,"d":1026},{"pi":"423366","pc":"Электроника","ss":100000,"td":"Центр города","dc":1,"n":569.44,"vc":"более 1 000 000","sl":"Нормальный","sv":"более 10 000","p":450000.0,"q":26.87,"b":4.5,"ms":6.48,"wi":91.03,"ei":12.41,"as":652.46,"mi":"E","mv":263717,"sc":6,"lpe":88.37,"lpr":89694.35,"lq":5.57,"d":15986},{"pi":"423366","pc":"Электроника","ss":100000,"td":"Центр города","dc":1,"n":449.97,"vc":"около 500 000","sl":"Очень высокий","sv":"около 5 000","p":430000.0,"q":14.93,"b":4.5,"ms":2.16,"wi":91.03,"ei":12.41,"as":652.46,"mi":"E","mv":263717,"sc":6,"lpe":88.37,"lpr":89694.35,"lq":5.57,"d":15986},{"pi":"423366","pc":"Электроника","ss":100000,"td":"Центр города","dc":1,"n":562.76,"vc":"более 1 000 000","sl":"Высокий","sv":"около 5 000","p":179000.0,"q":19.8,"b":4.64,"ms":1.9,"wi":91.03,"ei":12.41,"as":652.46,"mi":"E","mv":263717,"sc":6,"lpe":88.37,"lpr":89694.35,"lq":5.57,"d":15986},{"pi":"423366","pc":"Электроника","ss":10000,"td":"Центр города","dc":1,"n":299.92,"vc":"более 10 000","sl":"Элитный","sv":"более 1 000","p":400000.0,"q":19.54,"b":4.6,"ms":0.57,"wi":91.03,"ei":12.41,"as":652.46,"mi":"E","mv":263717,"sc":6,"lpe":88.37,"lpr":89694.35,"lq":5.57,"d":15986},{"pi":"423366","pc":"Электроника","ss":100000,"td":"Центр города","dc":1,"n":277.93,"vc":"около 100 000","sl":"Элитный","sv":"более 1 000","p":450000.0,"q":22.8,"b":0.88,"ms":0.49,"wi":91.03,"ei":12.41,"as":652.46,"mi":"E","mv":263717,"sc":6,"lpe":88.37,"lpr":89694.35,"lq":5.57,"d":15986},{"pi":"423366","pc":"Электроника","ss":100000,"td":"Центр города","dc":2,"n":383.01,"vc":"более 200 000","sl":"Очень высокий","sv":"около 100","p":250000.0,"q":23.74,"b":4.61,"ms":0.04,"wi":91.03,"ei":12.41,"as":652.46,"mi":"E","mv":263717,"sc":6,"lpe":88.37,"lpr":89694.35,"lq":5.57,"d":15986},{"pi":"423366","pc":"Электроника","ss":100000,"td":"Фешенебельный район","dc":1,"n":699.11,"vc":"около 500 000","sl":"Очень высокий","sv":"около 10 000","p":350000.0,"q":19.88,"b":4.64,"ms":12.09,"wi":117.9,"ei":6.83,"as":721.28,"mi":"E","mv":78312,"sc":4,"lpe":81.66,"lpr":85067.11,"lq":5.35,"d":4698},{"pi":"423366","pc":"Электроника","ss":100000,"td":"Центр города","dc":1,"n":369.31,"vc":"более 100 000","sl":"Элитный","sv":"около 5 000","p":350000.0,"q":22.81,"b":0.87,"ms":5.55,"wi":117.9,"ei":6.83,"as":721.28,"mi":"E","mv":78312,"sc":4,"lpe":81.66,"lpr":85067.11,"lq":5.35,"d":4698},{"pi":"423366","pc":"Электроника","ss":100000,"td":"Спальный район","dc":1,"n":554.08,"vc":"около 500 000","sl":"Очень высокий","sv":"около 500","p":79000.0,"q":16.06,"b":0.0,"ms":0.44,"wi":117.9,"ei":6.83,"as":721.28,"mi":"E","mv":78312,"sc":4,"lpe":81.66,"lpr":85067.11,"lq":5.35,"d":4698},{"pi":"423366","pc":"Электроника","ss":100000,"td":"Центр города","dc":1,"n":387.46,"vc":"более 100 000","sl":"Элитный","sv":"около 200","p":300000.0,"q":23.74,"b":4.61,"ms":0.26,"wi":117.9,"ei":6.83,"as":721.28,"mi":"E","mv":78312,"sc":4,"lpe":81.66,"lpr":85067.11,"lq":5.35,"d":4698},{"pi":"423366","pc":"Электроника","ss":100000,"td":"Центр города","dc":1,"n":571.94,"vc":"около 500 000","sl":"Элитный","sv":"около 5 000","p":450000.0,"q":22.8,"b":1.25,"ms":97.69,"wi":135.19,"ei":7.52,"as":745.51,"mi":"A","mv":4327,"sc":2,"lpe":0.0,"lpr":196872.58,"lq":2.37,"d":352},{"pi":"423366","pc":"Электроника","ss":100000,"td":"Фешенебельный район","dc":1,"n":695.96,"vc":"более 100 000","sl":"Элитный","sv":"около 100","p":300000.0,"q":23.74,"b":4.21,"ms":2.31,"wi":135.19,"ei":7.52,"as":745.51,"mi":"A","mv":4327,"sc":2,"lpe":0.0,"lpr":196872.58,"lq":2.37,"d":352},{"pi":"423366","pc":"Электроника","ss":100000,"td":"Центр города","dc":2,"n":621.4,"vc":"около 500 000","sl":"Очень высокий","sv":"около 500","p":39000.0,"q":20.4,"b":4.5,"ms":6.21,"wi":22.85,"ei":8.95,"as":626.98,"mi":"E","mv":5297,"sc":2,"lpe":93.6,"lpr":6446.72,"lq":1.0,"d":1420},{"pi":"423366","pc":"Электроника","ss":500,"td":"Центр города","dc":1,"n":632.44,"vc":"более 1 000","sl":"Нормальный","sv":"менее 50","p":15000.0,"q":23.03,"b":0.0,"ms":0.19,"wi":22.85,"ei":8.95,"as":626.98,"mi":"E","mv":5297,"sc":2,"lpe":93.6,"lpr":6446.72,"lq":1.0,"d":1420},{"pi":"423366","pc":"Электроника","ss":100000,"td":"Фешенебельный район","dc":1,"n":691.61,"vc":"более 200 000","sl":"Элитный","sv":"около 2 000","p":700000.0,"q":23.54,"b":4.95,"ms":14.97,"wi":74.62,"ei":6.62,"as":334.94,"mi":"E","mv":13359,"sc":1,"lpe":85.03,"lpr":127576.6,"lq":1.6,"d":3589},{"pi":"423366","pc":"Электроника","ss":500,"td":"Фешенебельный район","dc":1,"n":433.14,"vc":"более 100","sl":"Элитный","sv":"около 500","p":100000.0,"q":23.74,"b":7.54,"ms":3.27,"wi":77.72,"ei":6.25,"as":754.07,"mi":"E","mv":21511,"sc":3,"lpe":91.93,"lpr":81670.57,"lq":1.0,"d":1415},{"pi":"423366","pc":"Электроника","ss":100000,"td":"Центр города","dc":1,"n":644.71,"vc":"более 1 000 000","sl":"Нормальный","sv":"около 100","p":275000.0,"q":22.53,"b":0.0,"ms":0.35,"wi":77.72,"ei":6.25,"as":754.07,"mi":"E","mv":21511,"sc":3,"lpe":91.93,"lpr":81670.57,"lq":1.0,"d":1415},{"pi":"423366","pc":"Электроника","ss":500,"td":"Центр города","dc":1,"n":715.31,"vc":"около 1 000","sl":"Высокий","sv":"около 50","p":40000.0,"q":18.57,"b":10.77,"ms":52.17,"wi":44.58,"ei":9.3,"as":3618.26,"mi":"D","mv":92,"sc":3,"lpe":15.22,"lpr":16445.03,"lq":4.63,"d":68},{"pi":"423366","pc":"Электроника","ss":500,"td":"Центр города","dc":1,"n":713.13,"vc":"около 500","sl":"Очень высокий","sv":"менее 50","p":30000.0,"q":13.4,"b":0.0,"ms":25.0,"wi":44.58,"ei":9.3,"as":3618.26,"mi":"D","mv":92,"sc":3,"lpe":15.22,"lpr":16445.03,"lq":4.63,"d":68},{"pi":"423366","pc":"Электроника","ss":500,"td":"Центр города","dc":1,"n":707.23,"vc":"около 1 000","sl":"Высокий","sv":"менее 50","p":33500.0,"q":16.06,"b":0.0,"ms":7.61,"wi":44.58,"ei":9.3,"as":3618.26,"mi":"D","mv":92,"sc":3,"lpe":15.22,"lpr":16445.03,"lq":4.63,"d":68},{"pi":"423366","pc":"Электроника","ss":100000,"td":"Центр города","dc":1,"n":515.16,"vc":"более 200 000","sl":"Элитный","sv":"около 1 000","p":300000.0,"q":22.81,"b":1.08,"ms":8.8,"wi":87.23,"ei":6.01,"as":483.13,"mi":"E","mv":8880,"sc":1,"lpe":91.2,"lpr":62988.38,"lq":1.0,"d":1376},{"pi":"423366","pc":"Электроника","ss":100000,"td":"Спальный район","dc":1,"n":699.4,"vc":"около 500 000","sl":"Очень высокий","sv":"менее 50","p":230000.0,"q":18.49,"b":0.99,"ms":0.46,"wi":53.55,"ei":3.26,"as":255.26,"mi":"E","mv":2154,"sc":1,"lpe":99.54,"lpr":82316.78,"lq":1.0,"d":197},{"pi":"423366","pc":"Электроника","ss":100000,"td":"Центр города","dc":2,"n":696.16,"vc":"более 1 000 000","sl":"Низкий","sv":"около 500","p":315787.57,"q":24.71,"b":1.47,"ms":6.32,"wi":53.0,"ei":5.3,"as":524.72,"mi":"E","mv":7893,"sc":1,"lpe":93.67,"lpr":73308.27,"lq":1.0,"d":858},{"pi":"423366","pc":"Электроника","ss":100000,"td":"Фешенебельный район","dc":1,"n":683.05,"vc":"около 500 000","sl":"Элитный","sv":"около 5 000","p":395000.0,"q":22.58,"b":3.57,"ms":4.32,"wi":64.5,"ei":14.69,"as":1178.45,"mi":"E","mv":83404,"sc":2,"lpe":92.78,"lpr":61287.19,"lq":1.0,"d":4918},{"pi":"423366","pc":"Электроника","ss":100000,"td":"Центр города","dc":1,"n":360.23,"vc":"более 100 000","sl":"Элитный","sv":"более 2 000","p":300000.0,"q":22.8,"b":1.08,"ms":2.9,"wi":64.5,"ei":14.69,"as":1178.45,"mi":"E","mv":83404,"sc":2,"lpe":92.78,"lpr":61287.19,"lq":1.0,"d":4918},{"pi":"423366","pc":"Электроника","ss":100000,"td":"Фешенебельный район","dc":1,"n":696.3,"vc":"около 500 000","sl":"Элитный","sv":"около 500","p":415000.0,"q":22.53,"b":3.57,"ms":2.17,"wi":60.82,"ei":10.27,"as":909.2,"mi":"E","mv":28582,"sc":3,"lpe":96.15,"lpr":67671.72,"lq":1.0,"d":2215},{"pi":"423366","pc":"Электроника","ss":100000,"td":"Центр города","dc":1,"n":428.52,"vc":"более 200 000","sl":"Элитный","sv":"около 500","p":350000.0,"q":22.82,"b":1.08,"ms":1.63,"wi":60.82,"ei":10.27,"as":909.2,"mi":"E","mv":28582,"sc":3,"lpe":96.15,"lpr":67671.72,"lq":1.0,"d":2215},{"pi":"423366","pc":"Электроника","ss":100000,"td":"Фешенебельный район","dc":1,"n":682.13,"vc":"около 500 000","sl":"Элитный","sv":"менее 50","p":500000.0,"q":23.58,"b":0.0,"ms":0.06,"wi":60.82,"ei":10.27,"as":909.2,"mi":"E","mv":28582,"sc":3,"lpe":96.15,"lpr":67671.72,"lq":1.0,"d":2215},{"pi":"423366","pc":"Электроника","ss":100000,"td":"Центр города","dc":1,"n":515.79,"vc":"более 300 000","sl":"Элитный","sv":"около 500","p":300000.0,"q":22.8,"b":1.09,"ms":7.94,"wi":68.54,"ei":16.36,"as":1196.71,"mi":"E","mv":8300,"sc":1,"lpe":92.06,"lpr":72431.88,"lq":1.2,"d":693},{"pi":"423366","pc":"Электроника","ss":100000,"td":"Центр города","dc":1,"n":539.44,"vc":"более 200 000","sl":"Элитный","sv":"более 100","p":250000.0,"q":22.86,"b":1.08,"ms":3.29,"wi":71.78,"ei":5.74,"as":632.45,"mi":"E","mv":4220,"sc":1,"lpe":96.71,"lpr":49331.85,"lq":1.0,"d":317},{"pi":"423366","pc":"Электроника","ss":100000,"td":"Центр города","dc":1,"n":527.63,"vc":"более 200 000","sl":"Элитный","sv":"около 500","p":300000.0,"q":22.81,"b":1.09,"ms":5.62,"wi":45.35,"ei":8.31,"as":495.43,"mi":"E","mv":7744,"sc":2,"lpe":93.43,"lpr":52403.79,"lq":1.0,"d":1465},{"pi":"423366","pc":"Электроника","ss":100000,"td":"Центр города","dc":2,"n":694.23,"vc":"более 1 000 000","sl":"Низкий","sv":"около 50","p":316814.59,"q":24.75,"b":1.47,"ms":0.96,"wi":45.35,"ei":8.31,"as":495.43,"mi":"E","mv":7744,"sc":2,"lpe":93.43,"lpr":52403.79,"lq":1.0,"d":1465},{"pi":"423366","pc":"Электроника","ss":100000,"td":"Фешенебельный район","dc":1,"n":659.67,"vc":"более 100 000","sl":"Элитный","sv":"около 500","p":205000.0,"q":17.95,"b":1.46,"ms":6.02,"wi":62.57,"ei":13.98,"as":1863.8,"mi":"E","mv":8924,"sc":2,"lpe":88.54,"lpr":43927.72,"lq":1.11,"d":787},{"pi":"423366","pc":"Электроника","ss":100000,"td":"Центр города","dc":1,"n":514.64,"vc":"более 200 000","sl":"Элитный","sv":"около 500","p":200000.0,"q":22.82,"b":1.08,"ms":5.45,"wi":62.57,"ei":13.98,"as":1863.8,"mi":"E","mv":8924,"sc":2,"lpe":88.54,"lpr":43927.72,"lq":1.11,"d":787},{"pi":"423366","pc":"Электроника","ss":100000,"td":"Фешенебельный район","dc":2,"n":527.25,"vc":"около 50 000","sl":"Элитный","sv":"около 100","p":100000.0,"q":14.44,"b":0.0,"ms":0.33,"wi":31.02,"ei":6.12,"as":349.08,"mi":"E","mv":30198,"sc":1,"lpe":99.67,"lpr":26012.62,"lq":1.0,"d":2029},{"pi":"423366","pc":"Электроника","ss":100000,"td":"Центр города","dc":1,"n":577.6,"vc":"около 500 000","sl":"Элитный","sv":"более 200","p":300000.0,"q":22.81,"b":1.09,"ms":4.9,"wi":55.45,"ei":5.85,"as":1721.05,"mi":"E","mv":4267,"sc":1,"lpe":95.1,"lpr":67009.41,"lq":1.0,"d":499},{"pi":"423366","pc":"Электроника","ss":100000,"td":"Центр города","dc":1,"n":578.26,"vc":"около 500 000","sl":"Очень высокий","sv":"менее 50","p":500000.0,"q":26.03,"b":0.0,"ms":0.1,"wi":52.69,"ei":7.73,"as":387.02,"mi":"E","mv":12734,"sc":1,"lpe":99.9,"lpr":75724.93,"lq":1.0,"d":1346},{"pi":"423366","pc":"Электроника","ss":100000,"td":"Центр города","dc":1,"n":569.55,"vc":"около 500 000","sl":"Элитный","sv":"около 100","p":100000.0,"q":23.74,"b":0.0,"ms":2.91,"wi":119.07,"ei":7.63,"as":955.36,"mi":"E","mv":3432,"sc":1,"lpe":97.09,"lpr":94267.48,"lq":1.0,"d":298},{"pi":"423366","pc":"Электроника","ss":100000,"td":"Центр города","dc":2,"n":451.88,"vc":"более 100 000","sl":"Элитный","sv":"около 100","p":55000.0,"q":23.03,"b":0.0,"ms":0.6,"wi":75.59,"ei":8.41,"as":636.04,"mi":"E","mv":16647,"sc":1,"lpe":99.4,"lpr":118826.14,"lq":1.0,"d":974},{"pi":"423366","pc":"Электроника","ss":100000,"td":"Центр города","dc":2,"n":579.1,"vc":"около 500 000","sl":"Высокий","sv":"более 2 000","p":70000.0,"q":23.03,"b":0.0,"ms":16.01,"wi":80.59,"ei":6.94,"as":418.95,"mi":"E","mv":13116,"sc":2,"lpe":83.94,"lpr":49517.65,"lq":4.5,"d":793},{"pi":"423366","pc":"Электроника","ss":100000,"td":"Фешенебельный район","dc":1,"n":709.48,"vc":"около 500 000","sl":"Элитный","sv":"менее 50","p":398000.0,"q":22.59,"b":4.11,"ms":0.05,"wi":80.59,"ei":6.94,"as":418.95,"mi":"E","mv":13116,"sc":2,"lpe":83.94,"lpr":49517.65,"lq":4.5,"d":793},{"pi":"423366","pc":"Электроника","ss":1000,"td":"Фешенебельный район","dc":1,"n":685.12,"vc":"более 1 000","sl":"Очень высокий","sv":"около 100","p":100000.0,"q":23.74,"b":5.84,"ms":1.7,"wi":80.52,"ei":8.2,"as":766.39,"mi":"E","mv":5874,"sc":1,"lpe":98.3,"lpr":74118.43,"lq":1.0,"d":532},{"pi":"423366","pc":"Электроника","ss":1000,"td":"Фешенебельный район","dc":1,"n":516.71,"vc":"около 500","sl":"Элитный","sv":"около 100","p":65000.0,"q":23.74,"b":5.84,"ms":1.4,"wi":78.65,"ei":6.93,"as":514.15,"mi":"E","mv":7164,"sc":1,"lpe":98.6,"lpr":79396.66,"lq":1.0,"d":2980},{"pi":"423366","pc":"Электроника","ss":100000,"td":"Фешенебельный район","dc":1,"n":655.89,"vc":"более 200 000","sl":"Элитный","sv":"около 1 000","p":485200.0,"q":22.55,"b":5.9,"ms":3.68,"wi":77.97,"ei":7.69,"as":463.52,"mi":"E","mv":25908,"sc":1,"lpe":96.32,"lpr":138795.43,"lq":1.0,"d":1663},{"pi":"423366","pc":"Электроника","ss":1000,"td":"Фешенебельный район","dc":1,"n":654.94,"vc":"более 3 000","sl":"Высокий","sv":"около 500","p":100000.0,"q":23.74,"b":5.84,"ms":5.31,"wi":79.2,"ei":9.12,"as":724.54,"mi":"E","mv":9421,"sc":1,"lpe":94.69,"lpr":76661.7,"lq":1.0,"d":1255},{"pi":"423366","pc":"Электроника","ss":1000,"td":"Фешенебельный район","dc":1,"n":529.29,"vc":"более 1 000","sl":"Элитный","sv":"более 1 000","p":140000.0,"q":18.54,"b":4.84,"ms":4.15,"wi":79.27,"ei":12.05,"as":894.85,"mi":"E","mv":25543,"sc":5,"lpe":91.79,"lpr":56803.64,"lq":1.0,"d":6441},{"pi":"423366","pc":"Электроника","ss":1000,"td":"Фешенебельный район","dc":1,"n":529.29,"vc":"более 1 000","sl":"Элитный","sv":"около 500","p":140000.0,"q":18.03,"b":4.84,"ms":2.09,"wi":79.27,"ei":12.05,"as":894.85,"mi":"E","mv":25543,"sc":5,"lpe":91.79,"lpr":56803.64,"lq":1.0,"d":6441},{"pi":"423366","pc":"Электроника","ss":1000,"td":"Фешенебельный район","dc":1,"n":426.04,"vc":"около 500","sl":"Элитный","sv":"около 500","p":150000.0,"q":23.74,"b":5.84,"ms":1.96,"wi":79.27,"ei":12.05,"as":894.85,"mi":"E","mv":25543,"sc":5,"lpe":91.79,"lpr":56803.64,"lq":1.0,"d":6441},{"pi":"423366","pc":"Электроника","ss":1000,"td":"Фешенебельный район","dc":1,"n":497.18,"vc":"более 1 000","sl":"Элитный","sv":"менее 50","p":487000.0,"q":22.02,"b":4.04,"ms":0.01,"wi":79.27,"ei":12.05,"as":894.85,"mi":"E","mv":25543,"sc":5,"lpe":91.79,"lpr":56803.64,"lq":1.0,"d":6441},{"pi":"423366","pc":"Электроника","ss":1000,"td":"Фешенебельный район","dc":1,"n":519.1,"vc":"более 1 000","sl":"Элитный","sv":"менее 50","p":534000.0,"q":22.14,"b":4.04,"ms":0.0,"wi":79.27,"ei":12.05,"as":894.85,"mi":"E","mv":25543,"sc":5,"lpe":91.79,"lpr":56803.64,"lq":1.0,"d":6441},{"pi":"423366","pc":"Электроника","ss":100000,"td":"Центр города","dc":1,"n":566.51,"vc":"около 500 000","sl":"Элитный","sv":"более 100","p":300000.0,"q":22.86,"b":1.09,"ms":2.48,"wi":54.35,"ei":5.33,"as":739.34,"mi":"E","mv":5564,"sc":1,"lpe":97.52,"lpr":59308.07,"lq":1.0,"d":396},{"pi":"423366","pc":"Электроника","ss":100000,"td":"Фешенебельный район","dc":1,"n":586.75,"vc":"около 100 000","sl":"Элитный","sv":"около 100","p":200000.0,"q":23.74,"b":4.61,"ms":0.77,"wi":80.74,"ei":6.32,"as":440.09,"mi":"E","mv":13014,"sc":1,"lpe":99.23,"lpr":94331.42,"lq":1.0,"d":718},{"pi":"423366","pc":"Электроника","ss":100000,"td":"Фешенебельный район","dc":1,"n":521.29,"vc":"около 50 000","sl":"Элитный","sv":"более 1 000","p":350000.0,"q":22.8,"b":0.88,"ms":4.77,"wi":88.06,"ei":7.67,"as":429.01,"mi":"E","mv":39606,"sc":4,"lpe":89.28,"lpr":76192.47,"lq":1.82,"d":2707},{"pi":"423366","pc":"Электроника","ss":100000,"td":"Фешенебельный район","dc":2,"n":526.52,"vc":"около 50 000","sl":"Элитный","sv":"более 1 000","p":350000.0,"q":14.92,"b":4.5,"ms":3.32,"wi":88.06,"ei":7.67,"as":429.01,"mi":"E","mv":39606,"sc":4,"lpe":89.28,"lpr":76192.47,"lq":1.82,"d":2707},{"pi":"423366","pc":"Электроника","ss":10000,"td":"Фешенебельный район","dc":1,"n":535.72,"vc":"около 5 000","sl":"Элитный","sv":"около 1 000","p":275000.0,"q":13.53,"b":4.06,"ms":2.39,"wi":88.06,"ei":7.67,"as":429.01,"mi":"E","mv":39606,"sc":4,"lpe":89.28,"lpr":76192.47,"lq":1.82,"d":2707},{"pi":"423366","pc":"Электроника","ss":100000,"td":"Фешенебельный район","dc":1,"n":392.7,"vc":"более 20 000","sl":"Элитный","sv":"около 100","p":200000.0,"q":23.74,"b":4.61,"ms":0.25,"wi":88.06,"ei":7.67,"as":429.01,"mi":"E","mv":39606,"sc":4,"lpe":89.28,"lpr":76192.47,"lq":1.82,"d":2707},{"pi":"423366","pc":"Электроника","ss":100000,"td":"Центр города","dc":1,"n":581.61,"vc":"около 500 000","sl":"Элитный","sv":"около 100","p":80000.0,"q":23.74,"b":5.93,"ms":2.9,"wi":67.22,"ei":7.89,"as":773.91,"mi":"E","mv":3446,"sc":1,"lpe":97.1,"lpr":78617.61,"lq":1.0,"d":327},{"pi":"423366","pc":"Электроника","ss":1000,"td":"Фешенебельный район","dc":1,"n":683.7,"vc":"более 1 000","sl":"Элитный","sv":"около 100","p":15000.0,"q":23.74,"b":7.17,"ms":8.24,"wi":29.25,"ei":7.83,"as":649.96,"mi":"E","mv":1213,"sc":1,"lpe":91.76,"lpr":8050.11,"lq":1.0,"d":206},{"pi":"423366","pc":"Электроника","ss":100000,"td":"Центр города","dc":1,"n":453.18,"vc":"более 100 000","sl":"Нормальный","sv":"около 5 000","p":360000.0,"q":18.26,"b":1.76,"ms":36.35,"wi":92.4,"ei":6.12,"as":343.0,"mi":"E","mv":16150,"sc":1,"lpe":63.65,"lpr":120474.16,"lq":1.74,"d":995},{"pi":"423366","pc":"Электроника","ss":100000,"td":"Спальный район","dc":1,"n":467.56,"vc":"более 100 000","sl":"Элитный","sv":"около 1 000","p":200000.0,"q":23.74,"b":4.49,"ms":3.72,"wi":76.26,"ei":6.13,"as":361.83,"mi":"E","mv":26851,"sc":1,"lpe":96.28,"lpr":143798.61,"lq":1.0,"d":1965},{"pi":"423366","pc":"Электроника","ss":100000,"td":"Центр города","dc":2,"n":608.62,"vc":"более 1 000 000","sl":"Нормальный","sv":"более 3 000","p":200000.0,"q":23.03,"b":0.0,"ms":11.43,"wi":108.24,"ei":7.46,"as":1400.18,"mi":"E","mv":27038,"sc":2,"lpe":88.2,"lpr":119612.31,"lq":9.62,"d":1661},{"pi":"423366","pc":"Электроника","ss":100000,"td":"Центр города","dc":1,"n":442.86,"vc":"более 100 000","sl":"Элитный","sv":"около 100","p":200000.0,"q":23.74,"b":0.0,"ms":0.37,"wi":108.24,"ei":7.46,"as":1400.18,"mi":"E","mv":27038,"sc":2,"lpe":88.2,"lpr":119612.31,"lq":9.62,"d":1661},{"pi":"423366","pc":"Электроника","ss":100000,"td":"Центр города","dc":1,"n":541.67,"vc":"более 300 000","sl":"Элитный","sv":"около 100","p":100000.0,"q":23.74,"b":0.0,"ms":2.05,"wi":72.56,"ei":7.0,"as":980.73,"mi":"E","mv":4875,"sc":1,"lpe":97.95,"lpr":93521.74,"lq":1.0,"d":612},{"pi":"423366","pc":"Электроника","ss":500,"td":"Центр города","dc":1,"n":684.44,"vc":"более 1 000","sl":"Низкий","sv":"около 500","p":18377.88,"q":22.87,"b":2.17,"ms":7.42,"wi":66.16,"ei":6.9,"as":452.74,"mi":"E","mv":6484,"sc":4,"lpe":87.54,"lpr":100624.58,"lq":1.47,"d":1371},{"pi":"423366","pc":"Электроника","ss":500,"td":"Центр города","dc":1,"n":684.44,"vc":"более 1 000","sl":"Низкий","sv":"более 200","p":324884.37,"q":22.87,"b":2.17,"ms":3.45,"wi":66.16,"ei":6.9,"as":452.74,"mi":"E","mv":6484,"sc":4,"lpe":87.54,"lpr":100624.58,"lq":1.47,"d":1371},{"pi":"423366","pc":"Электроника","ss":500,"td":"Центр города","dc":1,"n":562.18,"vc":"более 1 000","sl":"Нормальный","sv":"около 100","p":350000.0,"q":22.86,"b":0.87,"ms":1.19,"wi":66.16,"ei":6.9,"as":452.74,"mi":"E","mv":6484,"sc":4,"lpe":87.54,"lpr":100624.58,"lq":1.47,"d":1371},{"pi":"423366","pc":"Электроника","ss":500,"td":"Центр города","dc":1,"n":556.45,"vc":"более 1 000","sl":"Нормальный","sv":"менее 50","p":350000.0,"q":14.27,"b":1.9,"ms":0.4,"wi":66.16,"ei":6.9,"as":452.74,"mi":"E","mv":6484,"sc":4,"lpe":87.54,"lpr":100624.58,"lq":1.47,"d":1371},{"pi":"423366","pc":"Электроника","ss":100000,"td":"Центр города","dc":1,"n":681.28,"vc":"около 500 000","sl":"Очень высокий","sv":"более 100","p":300000.0,"q":22.78,"b":1.09,"ms":6.33,"wi":77.91,"ei":9.63,"as":1565.9,"mi":"E","mv":1976,"sc":1,"lpe":93.62,"lpr":67339.38,"lq":1.41,"d":169}]