[{"pi":"370077","pc":"Автомобильные товары","ss":1000,"td":"Фешенебельный район","dc":1,"n":530.25,"vc":"более 1 000","sl":"Элитный","sv":"менее 50","p":145000.0,"q":34.29,"b":4.22,"ms":0.01,"wi":75.85,"ei":12.1,"as":729.22,"mi":"E","mv":18560,"sc":1,"lpe":99.99,"lpr":15013.63,"lq":1.0,"d":1235},{"pi":"370077","pc":"Автомобильные товары","ss":10000,"td":"Центр города","dc":2,"n":559.09,"vc":"около 50 000","sl":"Высокий","sv":"менее 50","p":9000.0,"q":18.93,"b":0.87,"ms":0.09,"wi":22.87,"ei":7.89,"as":305.92,"mi":"E","mv":14645,"sc":1,"lpe":99.91,"lpr":1575.73,"lq":1.0,"d":1179},{"pi":"370077","pc":"Автомобильные товары","ss":10000,"td":"Фешенебельный район","dc":10,"n":668.34,"vc":"более 10 000","sl":"Нормальный","sv":"более 200","p":36776.9,"q":32.5,"b":0.0,"ms":4.98,"wi":59.58,"ei":5.32,"as":655.26,"mi":"E","mv":5921,"sc":1,"lpe":95.02,"lpr":11893.41,"lq":1.0,"d":422},{"pi":"370077","pc":"Автомобильные товары","ss":100000,"td":"Центр города","dc":1,"n":482.7,"vc":"более 200 000","sl":"Высокий","sv":"менее 50","p":14000.0,"q":22.36,"b":0.21,"ms":0.02,"wi":60.32,"ei":7.58,"as":403.37,"mi":"E","mv":58416,"sc":1,"lpe":99.98,"lpr":2652.45,"lq":1.0,"d":2108},{"pi":"370077","pc":"Автомобильные товары","ss":10000,"td":"Центр города","dc":1,"n":462.88,"vc":"более 10 000","sl":"Элитный","sv":"менее 50","p":70000.0,"q":27.84,"b":0.2,"ms":0.01,"wi":143.39,"ei":7.29,"as":661.55,"mi":"E","mv":15354,"sc":1,"lpe":99.99,"lpr":12015.72,"lq":1.0,"d":1029},{"pi":"370077","pc":"Автомобильные товары","ss":100000,"td":"Центр города","dc":2,"n":313.81,"vc":"около 50 000","sl":"Элитный","sv":"около 50","p":51500.0,"q":20.51,"b":0.0,"ms":0.26,"wi":91.16,"ei":12.05,"as":819.44,"mi":"E","mv":19525,"sc":2,"lpe":99.74,"lpr":12000.92,"lq":1.0,"d":1294},{"pi":"370077","pc":"Автомобильные товары","ss":10000,"td":"Центр города","dc":1,"n":446.1,"vc":"более 20 000","sl":"Элитный","sv":"менее 50","p":70000.0,"q":28.72,"b":0.4,"ms":0.01,"wi":91.16,"ei":12.05,"as":819.44,"mi":"E","mv":19525,"sc":2,"lpe":99.74,"lpr":12000.92,"lq":1.0,"d":1294},{"pi":"370077","pc":"Автомобильные товары","ss":100000,"td":"Спальный район","dc":3,"n":477.46,"vc":"более 100 000","sl":"Низкий","sv":"менее 50","p":60000.0,"q":19.27,"b":0.0,"ms":0.01,"wi":100.48,"ei":8.99,"as":853.23,"mi":"E","mv":14503,"sc":1,"lpe":99.99,"lpr":12872.7,"lq":1.0,"d":708},{"pi":"370077","pc":"Автомобильные товары","ss":10000,"td":"Центр города","dc":1,"n":521.82,"vc":"более 20 000","sl":"Очень высокий","sv":"менее 50","p":70000.0,"q":27.52,"b":0.32,"ms":0.04,"wi":78.18,"ei":10.65,"as":989.97,"mi":"E","mv":6971,"sc":1,"lpe":99.91,"lpr":16898.28,"lq":1.0,"d":709},{"pi":"370077","pc":"Автомобильные товары","ss":10000,"td":"Фешенебельный район","dc":1,"n":462.57,"vc":"около 5 000","sl":"Элитный","sv":"менее 50","p":44000.0,"q":13.58,"b":0.0,"ms":0.0,"wi":59.46,"ei":5.22,"as":274.68,"mi":"E","mv":67726,"sc":1,"lpe":100.0,"lpr":6297.13,"lq":1.0,"d":2794},{"pi":"370077","pc":"Автомобильные товары","ss":100000,"td":"Центр города","dc":2,"n":476.6,"vc":"более 200 000","sl":"Очень высокий","sv":"около 500","p":19000.0,"q":28.99,"b":4.25,"ms":0.73,"wi":37.55,"ei":6.21,"as":298.77,"mi":"E","mv":43625,"sc":2,"lpe":99.27,"lpr":4035.02,"lq":1.0,"d":3530},{"pi":"370077","pc":"Автомобильные товары","ss":1000,"td":"Центр города","dc":7,"n":118.81,"vc":"более 1 000","sl":"Низкий","sv":"менее 50","p":6800.0,"q":11.03,"b":0.0,"ms":0.0,"wi":37.55,"ei":6.21,"as":298.77,"mi":"E","mv":43625,"sc":2,"lpe":99.27,"lpr":4035.02,"lq":1.0,"d":3530},{"pi":"370077","pc":"Автомобильные товары","ss":100000,"td":"Центр города","dc":1,"n":15.36,"vc":"около 5 000","sl":"Нормальный","sv":"менее 50","p":60000.0,"q":29.11,"b":0.3,"ms":0.03,"wi":74.13,"ei":6.14,"as":484.11,"mi":"E","mv":51639,"sc":1,"lpe":99.97,"lpr":14498.51,"lq":1.0,"d":2838},{"pi":"370077","pc":"Автомобильные товары","ss":100000,"td":"Спальный район","dc":10,"n":423.49,"vc":"более 100 000","sl":"Нормальный","sv":"менее 50","p":40000.0,"q":25.25,"b":1.76,"ms":0.0,"wi":164.51,"ei":10.67,"as":1516.17,"mi":"E","mv":50124,"sc":1,"lpe":100.0,"lpr":7448.63,"lq":1.0,"d":1885},{"pi":"370077","pc":"Автомобильные товары","ss":1000,"td":"Центр города","dc":1,"n":134.48,"vc":"более 1 000","sl":"Очень высокий","sv":"около 500","p":14000.0,"q":28.82,"b":1.73,"ms":0.4,"wi":61.55,"ei":11.03,"as":913.67,"mi":"E","mv":86632,"sc":2,"lpe":99.49,"lpr":3648.7,"lq":1.0,"d":12392},{"pi":"370077","pc":"Автомобильные товары","ss":500,"td":"Фешенебельный район","dc":1,"n":601.02,"vc":"около 500","sl":"Очень высокий","sv":"около 100","p":10032.36,"q":32.2,"b":2.02,"ms":0.12,"wi":61.55,"ei":11.03,"as":913.67,"mi":"E","mv":86632,"sc":2,"lpe":99.49,"lpr":3648.7,"lq":1.0,"d":12392},{"pi":"370077","pc":"Автомобильные товары","ss":100000,"td":"Центр города","dc":2,"n":428.67,"vc":"более 100 000","sl":"Низкий","sv":"около 100","p":15000.0,"q":23.64,"b":0.18,"ms":0.33,"wi":46.24,"ei":8.6,"as":391.35,"mi":"E","mv":30710,"sc":1,"lpe":99.67,"lpr":4388.25,"lq":1.0,"d":1658},{"pi":"370077","pc":"Автомобильные товары","ss":10000,"td":"Центр города","dc":1,"n":286.76,"vc":"около 10 000","sl":"Элитный","sv":"менее 50","p":25000.0,"q":15.81,"b":2.01,"ms":0.03,"wi":38.49,"ei":9.05,"as":665.36,"mi":"E","mv":19380,"sc":1,"lpe":99.97,"lpr":7804.47,"lq":1.0,"d":1893},{"pi":"370077","pc":"Автомобильные товары","ss":100000,"td":"Спальный район","dc":5,"n":266.96,"vc":"более 20 000","sl":"Низкий","sv":"менее 50","p":35000.0,"q":5.06,"b":0.31,"ms":0.01,"wi":41.97,"ei":4.43,"as":182.26,"mi":"E","mv":32254,"sc":1,"lpe":99.99,"lpr":11147.14,"lq":1.0,"d":1812},{"pi":"370077","pc":"Автомобильные товары","ss":100000,"td":"Пригород","dc":10,"n":490.88,"vc":"около 100 000","sl":"Очень высокий","sv":"менее 50","p":1913.83,"q":18.34,"b":0.0,"ms":0.02,"wi":7.36,"ei":4.12,"as":161.41,"mi":"E","mv":20634,"sc":1,"lpe":99.98,"lpr":776.33,"lq":1.0,"d":4029},{"pi":"370077","pc":"Автомобильные товары","ss":10000,"td":"Фешенебельный район","dc":1,"n":380.53,"vc":"более 2 000","sl":"Элитный","sv":"менее 50","p":45000.0,"q":25.47,"b":1.46,"ms":0.0,"wi":41.76,"ei":8.78,"as":296.55,"mi":"E","mv":80126,"sc":1,"lpe":100.0,"lpr":6368.72,"lq":1.0,"d":4441},{"pi":"370077","pc":"Автомобильные товары","ss":100000,"td":"Центр города","dc":10,"n":668.34,"vc":"более 1 000 000","sl":"Очень низкий","sv":"менее 50","p":36224.03,"q":22.78,"b":0.93,"ms":0.0,"wi":28.04,"ei":5.17,"as":266.66,"mi":"E","mv":33327,"sc":1,"lpe":99.99,"lpr":4542.84,"lq":1.0,"d":2384},{"pi":"370077","pc":"Автомобильные товары","ss":100000,"td":"Фешенебельный район","dc":1,"n":714.13,"vc":"более 100 000","sl":"Элитный","sv":"около 50","p":40000.0,"q":38.7,"b":0.0,"ms":1.15,"wi":42.38,"ei":5.57,"as":567.91,"mi":"E","mv":4348,"sc":1,"lpe":98.85,"lpr":8577.49,"lq":1.0,"d":452},{"pi":"370077","pc":"Автомобильные товары","ss":100000,"td":"Центр города","dc":10,"n":663.68,"vc":"более 1 000 000","sl":"Очень низкий","sv":"более 1 000","p":21941.19,"q":32.5,"b":2.78,"ms":3.88,"wi":34.67,"ei":6.79,"as":342.3,"mi":"E","mv":40795,"sc":1,"lpe":96.12,"lpr":5510.2,"lq":1.0,"d":1895},{"pi":"370077","pc":"Автомобильные товары","ss":100000,"td":"Фешенебельный район","dc":1,"n":402.69,"vc":"более 20 000","sl":"Элитный","sv":"менее 50","p":94000.0,"q":24.14,"b":3.13,"ms":0.05,"wi":57.77,"ei":9.84,"as":399.03,"mi":"E","mv":45658,"sc":1,"lpe":99.94,"lpr":14003.79,"lq":1.0,"d":3316},{"pi":"370077","pc":"Автомобильные товары","ss":1000,"td":"Фешенебельный район","dc":1,"n":448.55,"vc":"около 500","sl":"Элитный","sv":"менее 50","p":44000.0,"q":26.44,"b":1.87,"ms":0.03,"wi":37.38,"ei":4.52,"as":259.04,"mi":"E","mv":21998,"sc":1,"lpe":99.97,"lpr":6121.53,"lq":1.0,"d":1657},{"pi":"370077","pc":"Автомобильные товары","ss":100000,"td":"Фешенебельный район","dc":1,"n":693.24,"vc":"около 500 000","sl":"Элитный","sv":"менее 50","p":163000.0,"q":34.12,"b":3.75,"ms":0.0,"wi":101.91,"ei":5.55,"as":756.37,"mi":"E","mv":42518,"sc":1,"lpe":100.0,"lpr":26567.38,"lq":1.0,"d":2460},{"pi":"370077","pc":"Автомобильные товары","ss":1000,"td":"Фешенебельный район","dc":2,"n":665.98,"vc":"более 2 000","sl":"Нормальный","sv":"более 1 000","p":24775.96,"q":32.5,"b":3.69,"ms":3.23,"wi":63.62,"ei":6.37,"as":335.74,"mi":"E","mv":51077,"sc":2,"lpe":95.02,"lpr":14081.71,"lq":1.0,"d":2140},{"pi":"370077","pc":"Автомобильные товары","ss":1000,"td":"Фешенебельный район","dc":9,"n":665.98,"vc":"более 3 000","sl":"Очень низкий","sv":"около 1 000","p":24771.17,"q":32.5,"b":3.69,"ms":1.75,"wi":63.62,"ei":6.37,"as":335.74,"mi":"E","mv":51077,"sc":2,"lpe":95.02,"lpr":14081.71,"lq":1.0,"d":2140},{"pi":"370077","pc":"Автомобильные товары","ss":100000,"td":"Фешенебельный район","dc":1,"n":653.29,"vc":"более 200 000","sl":"Элитный","sv":"более 1 000","p":70000.0,"q":40.55,"b":3.92,"ms":4.68,"wi":80.2,"ei":6.07,"as":814.94,"mi":"E","mv":31570,"sc":1,"lpe":95.32,"lpr":16052.84,"lq":1.0,"d":1730},{"pi":"370077","pc":"Автомобильные товары","ss":100000,"td":"Центр города","dc":1,"n":530.39,"vc":"около 1 000 000","sl":"Высокий","sv":"около 500","p":95000.0,"q":53.21,"b":5.21,"ms":0.19,"wi":105.21,"ei":13.87,"as":803.35,"mi":"E","mv":218472,"sc":2,"lpe":99.62,"lpr":24258.91,"lq":1.0,"d":9315},{"pi":"370077","pc":"Автомобильные товары","ss":100000,"td":"Центр города","dc":1,"n":530.39,"vc":"около 500 000","sl":"Очень высокий","sv":"около 500","p":95000.0,"q":53.21,"b":5.21,"ms":0.18,"wi":105.21,"ei":13.87,"as":803.35,"mi":"E","mv":218472,"sc":2,"lpe":99.62,"lpr":24258.91,"lq":1.0,"d":9315},{"pi":"370077","pc":"Автомобильные товары","ss":10000,"td":"Центр города","dc":2,"n":293.64,"vc":"более 10 000","sl":"Элитный","sv":"более 1 000","p":3999.93,"q":33.59,"b":0.0,"ms":1.62,"wi":57.42,"ei":5.96,"as":448.87,"mi":"E","mv":77389,"sc":2,"lpe":98.29,"lpr":12155.38,"lq":1.0,"d":5974},{"pi":"370077","pc":"Автомобильные товары","ss":500,"td":"Центр города","dc":2,"n":93.12,"vc":"около 500","sl":"Высокий","sv":"около 100","p":21791.74,"q":19.28,"b":0.03,"ms":0.1,"wi":57.42,"ei":5.96,"as":448.87,"mi":"E","mv":77389,"sc":2,"lpe":98.29,"lpr":12155.38,"lq":1.0,"d":5974},{"pi":"370077","pc":"Автомобильные товары","ss":100000,"td":"Фешенебельный район","dc":1,"n":687.16,"vc":"около 500 000","sl":"Очень высокий","sv":"менее 50","p":55000.0,"q":53.05,"b":5.21,"ms":0.01,"wi":89.8,"ei":6.71,"as":470.88,"mi":"E","mv":103185,"sc":3,"lpe":99.98,"lpr":8200.09,"lq":1.0,"d":4994},{"pi":"370077","pc":"Автомобильные товары","ss":100000,"td":"Фешенебельный район","dc":1,"n":687.16,"vc":"около 500 000","sl":"Очень высокий","sv":"менее 50","p":55000.0,"q":53.05,"b":5.21,"ms":0.01,"wi":89.8,"ei":6.71,"as":470.88,"mi":"E","mv":103185,"sc":3,"lpe":99.98,"lpr":8200.09,"lq":1.0,"d":4994},{"pi":"370077","pc":"Автомобильные товары","ss":100000,"td":"Центр города","dc":1,"n":335.2,"vc":"около 100 000","sl":"Очень высокий","sv":"менее 50","p":45000.0,"q":18.14,"b":0.0,"ms":0.0,"wi":89.8,"ei":6.71,"as":470.88,"mi":"E","mv":103185,"sc":3,"lpe":99.98,"lpr":8200.09,"lq":1.0,"d":4994},{"pi":"370077","pc":"Автомобильные товары","ss":10000,"td":"Спальный район","dc":1,"n":349.31,"vc":"около 10 000","sl":"Элитный","sv":"более 2 000","p":2999.92,"q":33.79,"b":0.0,"ms":5.09,"wi":28.96,"ei":5.25,"as":307.54,"mi":"E","mv":44175,"sc":1,"lpe":94.91,"lpr":6026.34,"lq":1.0,"d":2906},{"pi":"370077","pc":"Автомобильные товары","ss":100000,"td":"Центр города","dc":1,"n":534.26,"vc":"более 200 000","sl":"Элитный","sv":"около 50","p":60000.0,"q":52.56,"b":5.58,"ms":0.79,"wi":108.54,"ei":6.2,"as":659.98,"mi":"E","mv":8264,"sc":1,"lpe":99.21,"lpr":14839.01,"lq":1.0,"d":628},{"pi":"370077","pc":"Автомобильные товары","ss":1000,"td":"Фешенебельный район","dc":1,"n":597.3,"vc":"около 1 000","sl":"Элитный","sv":"около 50","p":30000.0,"q":24.63,"b":0.0,"ms":1.47,"wi":64.91,"ei":10.23,"as":1395.94,"mi":"E","mv":4294,"sc":3,"lpe":96.2,"lpr":11001.91,"lq":1.0,"d":185},{"pi":"370077","pc":"Автомобильные товары","ss":1000,"td":"Фешенебельный район","dc":1,"n":597.3,"vc":"около 1 000","sl":"Элитный","sv":"около 50","p":30000.0,"q":24.58,"b":0.0,"ms":1.33,"wi":64.91,"ei":10.23,"as":1395.94,"mi":"E","mv":4294,"sc":3,"lpe":96.2,"lpr":11001.91,"lq":1.0,"d":185},{"pi":"370077","pc":"Автомобильные товары","ss":1000,"td":"Фешенебельный район","dc":9,"n":679.43,"vc":"более 1 000","sl":"Низкий","sv":"около 50","p":24813.85,"q":32.5,"b":4.31,"ms":1.0,"wi":64.91,"ei":10.23,"as":1395.94,"mi":"E","mv":4294,"sc":3,"lpe":96.2,"lpr":11001.91,"lq":1.0,"d":185},{"pi":"370077","pc":"Автомобильные товары","ss":10000,"td":"Центр города","dc":1,"n":233.05,"vc":"около 5 000","sl":"Элитный","sv":"менее 50","p":33000.0,"q":19.98,"b":0.0,"ms":0.0,"wi":61.93,"ei":9.19,"as":614.3,"mi":"E","mv":104384,"sc":1,"lpe":100.0,"lpr":6148.38,"lq":1.0,"d":4618},{"pi":"370077","pc":"Автомобильные товары","ss":100000,"td":"Фешенебельный район","dc":10,"n":663.66,"vc":"более 100 000","sl":"Нормальный","sv":"более 100","p":23671.4,"q":32.5,"b":2.25,"ms":1.44,"wi":50.57,"ei":6.85,"as":545.07,"mi":"E","mv":9856,"sc":1,"lpe":98.56,"lpr":8252.96,"lq":1.0,"d":676},{"pi":"370077","pc":"Автомобильные товары","ss":10000,"td":"Центр города","dc":1,"n":237.74,"vc":"около 5 000","sl":"Очень высокий","sv":"менее 50","p":65000.0,"q":23.98,"b":0.0,"ms":0.0,"wi":82.96,"ei":5.2,"as":388.24,"mi":"E","mv":74420,"sc":1,"lpe":100.0,"lpr":13110.49,"lq":1.0,"d":2728},{"pi":"370077","pc":"Автомобильные товары","ss":100000,"td":"Спальный район","dc":1,"n":578.05,"vc":"около 500 000","sl":"Очень высокий","sv":"менее 50","p":80000.0,"q":26.16,"b":0.0,"ms":0.07,"wi":109.75,"ei":5.99,"as":977.93,"mi":"E","mv":20627,"sc":1,"lpe":99.93,"lpr":16893.24,"lq":1.0,"d":1102},{"pi":"370077","pc":"Автомобильные товары","ss":100000,"td":"Центр города","dc":1,"n":492.97,"vc":"около 500 000","sl":"Элитный","sv":"более 2 000","p":21000.0,"q":29.0,"b":3.68,"ms":5.6,"wi":48.55,"ei":13.47,"as":398.49,"mi":"E","mv":39871,"sc":2,"lpe":94.13,"lpr":5369.47,"lq":1.0,"d":2831},{"pi":"370077","pc":"Автомобильные товары","ss":100000,"td":"Фешенебельный район","dc":1,"n":647.57,"vc":"более 200 000","sl":"Элитный","sv":"более 100","p":28000.0,"q":40.6,"b":3.67,"ms":0.27,"wi":48.55,"ei":13.47,"as":398.49,"mi":"E","mv":39871,"sc":2,"lpe":94.13,"lpr":5369.47,"lq":1.0,"d":2831},{"pi":"370077","pc":"Автомобильные товары","ss":100000,"td":"Фешенебельный район","dc":1,"n":643.4,"vc":"более 200 000","sl":"Элитный","sv":"около 50","p":21000.0,"q":39.15,"b":3.67,"ms":0.06,"wi":21.66,"ei":13.94,"as":274.27,"mi":"E","mv":96806,"sc":1,"lpe":99.94,"lpr":2529.55,"lq":1.0,"d":6021},{"pi":"370077","pc":"Автомобильные товары","ss":100000,"td":"Фешенебельный район","dc":1,"n":657.88,"vc":"более 300 000","sl":"Элитный","sv":"около 1 000","p":27000.0,"q":40.67,"b":3.67,"ms":1.85,"wi":30.42,"ei":13.36,"as":350.27,"mi":"E","mv":48635,"sc":1,"lpe":98.15,"lpr":4769.14,"lq":1.0,"d":3072},{"pi":"370077","pc":"Автомобильные товары","ss":100000,"td":"Фешенебельный район","dc":1,"n":717.8,"vc":"более 200 000","sl":"Элитный","sv":"менее 50","p":250000.0,"q":38.32,"b":5.78,"ms":0.08,"wi":153.98,"ei":9.67,"as":1800.45,"mi":"E","mv":7607,"sc":3,"lpe":99.88,"lpr":53761.98,"lq":12.02,"d":853},{"pi":"370077","pc":"Автомобильные товары","ss":10000,"td":"Фешенебельный район","dc":2,"n":412.75,"vc":"более 1 000","sl":"Элитный","sv":"менее 50","p":160000.0,"q":28.26,"b":0.0,"ms":0.01,"wi":153.98,"ei":9.67,"as":1800.45,"mi":"E","mv":7607,"sc":3,"lpe":99.88,"lpr":53761.98,"lq":12.02,"d":853},{"pi":"370077","pc":"Автомобильные товары","ss":100000,"td":"Фешенебельный район","dc":1,"n":712.28,"vc":"более 200 000","sl":"Элитный","sv":"менее 50","p":280000.0,"q":53.2,"b":5.58,"ms":0.01,"wi":153.98,"ei":9.67,"as":1800.45,"mi":"E","mv":7607,"sc":3,"lpe":99.88,"lpr":53761.98,"lq":12.02,"d":853},{"pi":"370077","pc":"Автомобильные товары","ss":10000,"td":"Центр города","dc":1,"n":257.09,"vc":"около 5 000","sl":"Элитный","sv":"около 100","p":16000.0,"q":15.49,"b":0.0,"ms":0.7,"wi":50.35,"ei":8.59,"as":388.78,"mi":"E","mv":14185,"sc":2,"lpe":98.76,"lpr":12495.19,"lq":1.0,"d":1017},{"pi":"370077","pc":"Автомобильные товары","ss":10000,"td":"Центр города","dc":7,"n":24.08,"vc":"около 500","sl":"Высокий","sv":"около 100","p":2560.48,"q":20.29,"b":0.0,"ms":0.54,"wi":50.35,"ei":8.59,"as":388.78,"mi":"E","mv":14185,"sc":2,"lpe":98.76,"lpr":12495.19,"lq":1.0,"d":1017},{"pi":"370077","pc":"Автомобильные товары","ss":1000,"td":"Фешенебельный район","dc":1,"n":470.95,"vc":"около 1 000","sl":"Элитный","sv":"более 100","p":25000.0,"q":26.62,"b":0.82,"ms":0.35,"wi":128.78,"ei":11.53,"as":708.9,"mi":"E","mv":31574,"sc":1,"lpe":99.65,"lpr":11012.34,"lq":1.0,"d":1430},{"pi":"370077","pc":"Автомобильные товары","ss":10000,"td":"Центр города","dc":1,"n":355.93,"vc":"более 10 000","sl":"Очень высокий","sv":"более 100","p":120000.0,"q":16.66,"b":0.0,"ms":0.16,"wi":60.17,"ei":10.56,"as":378.1,"mi":"E","mv":79749,"sc":2,"lpe":99.83,"lpr":32958.05,"lq":1.0,"d":6232},{"pi":"370077","pc":"Автомобильные товары","ss":100000,"td":"Фешенебельный район","dc":1,"n":621.79,"vc":"более 100 000","sl":"Элитный","sv":"около 500","p":31600.0,"q":39.0,"b":3.68,"ms":0.91,"wi":103.3,"ei":6.86,"as":986.71,"mi":"E","mv":41354,"sc":1,"lpe":99.09,"lpr":6818.2,"lq":1.0,"d":2516},{"pi":"370077","pc":"Автомобильные товары","ss":100000,"td":"Центр города","dc":2,"n":173.93,"vc":"более 10 000","sl":"Элитный","sv":"около 100","p":39000.0,"q":29.66,"b":4.48,"ms":0.4,"wi":42.97,"ei":7.04,"as":689.17,"mi":"E","mv":18820,"sc":1,"lpe":99.6,"lpr":9303.83,"lq":1.0,"d":1215},{"pi":"370077","pc":"Автомобильные товары","ss":10000,"td":"Центр города","dc":1,"n":418.57,"vc":"более 10 000","sl":"Элитный","sv":"менее 50","p":19900.0,"q":6.4,"b":0.86,"ms":0.09,"wi":66.49,"ei":11.25,"as":422.13,"mi":"E","mv":31346,"sc":2,"lpe":99.88,"lpr":5551.34,"lq":1.0,"d":1852},{"pi":"370077","pc":"Автомобильные товары","ss":10000,"td":"Фешенебельный район","dc":1,"n":427.3,"vc":"более 2 000","sl":"Элитный","sv":"менее 50","p":33000.0,"q":25.36,"b":1.08,"ms":0.03,"wi":66.49,"ei":11.25,"as":422.13,"mi":"E","mv":31346,"sc":2,"lpe":99.88,"lpr":5551.34,"lq":1.0,"d":1852},{"pi":"370077","pc":"Автомобильные товары","ss":100000,"td":"Фешенебельный район","dc":2,"n":580.36,"vc":"около 100 000","sl":"Элитный","sv":"более 10 000","p":22000.0,"q":33.5,"b":7.73,"ms":49.82,"wi":79.93,"ei":8.4,"as":865.82,"mi":"C","mv":37489,"sc":4,"lpe":0.0,"lpr":16551.85,"lq":1.0,"d":1983},{"pi":"370077","pc":"Автомобильные товары","ss":100000,"td":"Фешенебельный район","dc":2,"n":580.36,"vc":"около 100 000","sl":"Элитный","sv":"более 10 000","p":22000.0,"q":33.5,"b":7.73,"ms":49.75,"wi":79.93,"ei":8.4,"as":865.82,"mi":"C","mv":37489,"sc":4,"lpe":0.0,"lpr":16551.85,"lq":1.0,"d":1983},{"pi":"370077","pc":"Автомобильные товары","ss":100000,"td":"Центр города","dc":1,"n":456.96,"vc":"более 100 000","sl":"Элитный","sv":"более 100","p":75550.0,"q":17.58,"b":0.04,"ms":0.42,"wi":79.93,"ei":8.4,"as":865.82,"mi":"C","mv":37489,"sc":4,"lpe":0.0,"lpr":16551.85,"lq":1.0,"d":1983},{"pi":"370077","pc":"Автомобильные товары","ss":10000,"td":"Центр города","dc":2,"n":403.94,"vc":"более 10 000","sl":"Элитный","sv":"менее 50","p":85000.0,"q":28.2,"b":0.0,"ms":0.0,"wi":79.93,"ei":8.4,"as":865.82,"mi":"C","mv":37489,"sc":4,"lpe":0.0,"lpr":16551.85,"lq":1.0,"d":1983},{"pi":"370077","pc":"Автомобильные товары","ss":100000,"td":"Фешенебельный район","dc":2,"n":556.16,"vc":"около 50 000","sl":"Элитный","sv":"более 200","p":72666.67,"q":24.08,"b":0.0,"ms":3.7,"wi":73.23,"ei":8.34,"as":986.88,"mi":"E","mv":6806,"sc":1,"lpe":96.3,"lpr":21404.34,"lq":1.0,"d":469},{"pi":"370077","pc":"Автомобильные товары","ss":100000,"td":"Фешенебельный район","dc":2,"n":496.94,"vc":"более 20 000","sl":"Элитный","sv":"менее 50","p":7000.0,"q":14.6,"b":0.29,"ms":0.0,"wi":9.71,"ei":7.58,"as":218.01,"mi":"E","mv":181787,"sc":1,"lpe":100.0,"lpr":936.74,"lq":1.0,"d":9798},{"pi":"370077","pc":"Автомобильные товары","ss":1000,"td":"Фешенебельный район","dc":1,"n":691.52,"vc":"более 2 000","sl":"Очень высокий","sv":"менее 50","p":65000.0,"q":26.14,"b":1.81,"ms":0.01,"wi":93.23,"ei":6.87,"as":630.83,"mi":"E","mv":11489,"sc":1,"lpe":99.99,"lpr":20324.89,"lq":1.0,"d":757},{"pi":"370077","pc":"Автомобильные товары","ss":10000,"td":"Фешенебельный район","dc":10,"n":663.68,"vc":"более 20 000","sl":"Низкий","sv":"более 1 000","p":24178.21,"q":32.5,"b":0.0,"ms":5.85,"wi":62.99,"ei":8.75,"as":542.06,"mi":"E","mv":20564,"sc":1,"lpe":94.15,"lpr":18192.19,"lq":1.0,"d":2349},{"pi":"370077","pc":"Автомобильные товары","ss":10000,"td":"Центр города","dc":1,"n":235.17,"vc":"около 5 000","sl":"Элитный","sv":"более 1 000","p":5555.55,"q":33.71,"b":0.0,"ms":1.3,"wi":84.34,"ei":6.6,"as":536.85,"mi":"E","mv":79219,"sc":1,"lpe":98.7,"lpr":13225.22,"lq":1.0,"d":3367},{"pi":"370077","pc":"Автомобильные товары","ss":100000,"td":"Фешенебельный район","dc":1,"n":507.08,"vc":"около 50 000","sl":"Элитный","sv":"около 5 000","p":35000.0,"q":53.23,"b":6.69,"ms":15.49,"wi":133.29,"ei":12.92,"as":4489.32,"mi":"E","mv":21934,"sc":1,"lpe":84.51,"lpr":12847.08,"lq":5.4,"d":940},{"pi":"370077","pc":"Автомобильные товары","ss":100000,"td":"Фешенебельный район","dc":1,"n":704.6,"vc":"более 200 000","sl":"Элитный","sv":"менее 50","p":255000.0,"q":37.15,"b":4.54,"ms":0.01,"wi":150.0,"ei":13.64,"as":4851.15,"mi":"E","mv":22807,"sc":1,"lpe":99.99,"lpr":44628.61,"lq":1.0,"d":890},{"pi":"370077","pc":"Автомобильные товары","ss":100000,"td":"Центр города","dc":1,"n":584.04,"vc":"около 500 000","sl":"Элитный","sv":"более 100","p":175000.0,"q":21.43,"b":0.0,"ms":5.56,"wi":177.29,"ei":8.68,"as":4301.71,"mi":"E","mv":3145,"sc":1,"lpe":94.44,"lpr":46653.39,"lq":1.0,"d":181},{"pi":"370077","pc":"Автомобильные товары","ss":100000,"td":"Центр города","dc":1,"n":605.68,"vc":"около 500 000","sl":"Элитный","sv":"менее 50","p":64500.0,"q":19.91,"b":0.0,"ms":1.17,"wi":122.87,"ei":8.87,"as":3799.76,"mi":"E","mv":2214,"sc":1,"lpe":98.83,"lpr":15491.89,"lq":1.0,"d":209},{"pi":"370077","pc":"Автомобильные товары","ss":10000,"td":"Центр города","dc":1,"n":478.9,"vc":"более 20 000","sl":"Очень высокий","sv":"менее 50","p":57000.0,"q":27.86,"b":0.0,"ms":0.01,"wi":53.78,"ei":7.64,"as":502.33,"mi":"E","mv":14505,"sc":1,"lpe":99.99,"lpr":9828.34,"lq":1.0,"d":934},{"pi":"370077","pc":"Автомобильные товары","ss":10000,"td":"Центр города","dc":1,"n":386.04,"vc":"более 10 000","sl":"Элитный","sv":"более 1 000","p":4444.44,"q":33.59,"b":0.0,"ms":16.56,"wi":42.51,"ei":10.5,"as":816.76,"mi":"E","mv":7550,"sc":1,"lpe":83.44,"lpr":10625.62,"lq":3.55,"d":2532},{"pi":"370077","pc":"Автомобильные товары","ss":10000,"td":"Центр города","dc":1,"n":498.18,"vc":"более 20 000","sl":"Очень высокий","sv":"менее 50","p":200000.0,"q":27.39,"b":0.05,"ms":0.39,"wi":103.68,"ei":7.68,"as":1568.05,"mi":"E","mv":3862,"sc":1,"lpe":99.61,"lpr":66671.72,"lq":1.0,"d":634},{"pi":"370077","pc":"Автомобильные товары","ss":100000,"td":"Фешенебельный район","dc":2,"n":307.14,"vc":"более 10 000","sl":"Элитный","sv":"около 5 000","p":15000.0,"q":15.63,"b":1.78,"ms":1.7,"wi":60.74,"ei":5.73,"as":513.33,"mi":"E","mv":289343,"sc":4,"lpe":98.03,"lpr":5616.94,"lq":1.0,"d":9704},{"pi":"370077","pc":"Автомобильные товары","ss":100000,"td":"Фешенебельный район","dc":10,"n":622.83,"vc":"более 200 000","sl":"Низкий","sv":"около 500","p":21929.59,"q":32.51,"b":1.6,"ms":0.19,"wi":60.74,"ei":5.73,"as":513.33,"mi":"E","mv":289343,"sc":4,"lpe":98.03,"lpr":5616.94,"lq":1.0,"d":9704},{"pi":"370077","pc":"Автомобильные товары","ss":100000,"td":"Центр города","dc":1,"n":170.71,"vc":"более 20 000","sl":"Элитный","sv":"более 100","p":23000.0,"q":26.58,"b":1.12,"ms":0.06,"wi":60.74,"ei":5.73,"as":513.33,"mi":"E","mv":289343,"sc":4,"lpe":98.03,"lpr":5616.94,"lq":1.0,"d":9704},{"pi":"370077","pc":"Автомобильные товары","ss":10000,"td":"Центр города","dc":1,"n":420.11,"vc":"около 50 000","sl":"Очень высокий","sv":"около 50","p":25000.0,"q":21.06,"b":1.23,"ms":0.02,"wi":60.74,"ei":5.73,"as":513.33,"mi":"E","mv":289343,"sc":4,"lpe":98.03,"lpr":5616.94,"lq":1.0,"d":9704},{"pi":"370077","pc":"Автомобильные товары","ss":100000,"td":"Центр города","dc":1,"n":684.76,"vc":"около 500 000","sl":"Очень высокий","sv":"менее 50","p":75000.0,"q":12.66,"b":0.0,"ms":0.26,"wi":109.47,"ei":8.16,"as":2833.35,"mi":"E","mv":772,"sc":1,"lpe":99.35,"lpr":14346.0,"lq":1.0,"d":521},{"pi":"370077","pc":"Автомобильные товары","ss":500,"td":"Фешенебельный район","dc":1,"n":684.16,"vc":"около 500","sl":"Очень высокий","sv":"около 100","p":7000.0,"q":32.2,"b":2.46,"ms":0.39,"wi":34.3,"ei":9.54,"as":519.17,"mi":"E","mv":25687,"sc":1,"lpe":99.61,"lpr":2659.81,"lq":1.0,"d":929},{"pi":"370077","pc":"Автомобильные товары","ss":100000,"td":"Центр города","dc":2,"n":406.49,"vc":"более 100 000","sl":"Элитный","sv":"менее 50","p":15000.0,"q":23.64,"b":0.0,"ms":0.01,"wi":75.37,"ei":9.56,"as":419.1,"mi":"E","mv":97178,"sc":2,"lpe":99.98,"lpr":7732.77,"lq":1.0,"d":3663},{"pi":"370077","pc":"Автомобильные товары","ss":10000,"td":"Центр города","dc":7,"n":131.92,"vc":"более 2 000","sl":"Элитный","sv":"менее 50","p":4500.0,"q":9.44,"b":0.0,"ms":0.01,"wi":75.37,"ei":9.56,"as":419.1,"mi":"E","mv":97178,"sc":2,"lpe":99.98,"lpr":7732.77,"lq":1.0,"d":3663},{"pi":"370077","pc":"Автомобильные товары","ss":100000,"td":"Центр города","dc":4,"n":536.86,"vc":"около 500 000","sl":"Низкий","sv":"менее 50","p":20000.0,"q":28.69,"b":0.41,"ms":0.01,"wi":100.43,"ei":12.79,"as":804.73,"mi":"E","mv":182460,"sc":1,"lpe":99.99,"lpr":3099.49,"lq":1.0,"d":4137},{"pi":"370077","pc":"Автомобильные товары","ss":100000,"td":"Фешенебельный район","dc":1,"n":697.7,"vc":"более 200 000","sl":"Элитный","sv":"около 5 000","p":75000.0,"q":53.22,"b":5.58,"ms":10.22,"wi":146.31,"ei":15.52,"as":2307.77,"mi":"E","mv":55030,"sc":2,"lpe":89.5,"lpr":24649.81,"lq":11.93,"d":2095},{"pi":"370077","pc":"Автомобильные товары","ss":10000,"td":"Центр города","dc":1,"n":408.83,"vc":"более 20 000","sl":"Элитный","sv":"более 100","p":70000.0,"q":28.61,"b":0.24,"ms":0.28,"wi":146.31,"ei":15.52,"as":2307.77,"mi":"E","mv":55030,"sc":2,"lpe":89.5,"lpr":24649.81,"lq":11.93,"d":2095},{"pi":"370077","pc":"Автомобильные товары","ss":100000,"td":"Центр города","dc":10,"n":675.34,"vc":"более 1 000 000","sl":"Очень низкий","sv":"около 5 000","p":30941.16,"q":32.5,"b":1.97,"ms":8.11,"wi":76.09,"ei":6.5,"as":327.59,"mi":"E","mv":39612,"sc":1,"lpe":91.89,"lpr":7180.19,"lq":1.0,"d":1541},{"pi":"370077","pc":"Автомобильные товары","ss":100000,"td":"Центр города","dc":1,"n":528.2,"vc":"около 1 000 000","sl":"Очень высокий","sv":"около 5 000","p":90000.0,"q":53.2,"b":5.58,"ms":3.56,"wi":132.97,"ei":9.27,"as":1723.67,"mi":"E","mv":206564,"sc":2,"lpe":93.02,"lpr":31548.55,"lq":1.0,"d":8477},{"pi":"370077","pc":"Автомобильные товары","ss":100000,"td":"Центр города","dc":1,"n":528.2,"vc":"около 500 000","sl":"Очень высокий","sv":"около 5 000","p":90000.0,"q":53.2,"b":5.58,"ms":3.41,"wi":132.97,"ei":9.27,"as":1723.67,"mi":"E","mv":206564,"sc":2,"lpe":93.02,"lpr":31548.55,"lq":1.0,"d":8477},{"pi":"370077","pc":"Автомобильные товары","ss":100000,"td":"Спальный район","dc":10,"n":696.2,"vc":"около 500 000","sl":"Низкий","sv":"около 50","p":28293.17,"q":32.5,"b":2.62,"ms":5.6,"wi":51.48,"ei":5.75,"as":1278.05,"mi":"E","mv":1249,"sc":1,"lpe":94.4,"lpr":11216.67,"lq":1.0,"d":224},{"pi":"370077","pc":"Автомобильные товары","ss":100000,"td":"Фешенебельный район","dc":1,"n":570.17,"vc":"более 100 000","sl":"Элитный","sv":"менее 50","p":65000.0,"q":16.25,"b":0.0,"ms":0.0,"wi":93.64,"ei":6.95,"as":590.98,"mi":"E","mv":45152,"sc":1,"lpe":100.0,"lpr":10586.4,"lq":1.0,"d":2212},{"pi":"370077","pc":"Автомобильные товары","ss":100000,"td":"Центр города","dc":2,"n":376.29,"vc":"более 200 000","sl":"Низкий","sv":"более 1 000","p":25000.0,"q":24.73,"b":2.68,"ms":0.46,"wi":108.19,"ei":6.67,"as":874.7,"mi":"E","mv":238154,"sc":1,"lpe":99.54,"lpr":7995.53,"lq":1.0,"d":12114},{"pi":"370077","pc":"Автомобильные товары","ss":100000,"td":"Фешенебельный район","dc":1,"n":478.81,"vc":"около 100 000","sl":"Элитный","sv":"более 1 000","p":25000.0,"q":29.36,"b":3.44,"ms":0.18,"wi":33.37,"ei":5.09,"as":182.41,"mi":"E","mv":593686,"sc":2,"lpe":99.71,"lpr":4501.18,"lq":1.0,"d":22072},{"pi":"370077","pc":"Автомобильные товары","ss":100000,"td":"Центр города","dc":10,"n":600.19,"vc":"более 1 000 000","sl":"Очень низкий","sv":"около 500","p":21907.9,"q":32.5,"b":2.56,"ms":0.11,"wi":33.37,"ei":5.09,"as":182.41,"mi":"E","mv":593686,"sc":2,"lpe":99.71,"lpr":4501.18,"lq":1.0,"d":22072},{"pi":"370077","pc":"Автомобильные товары","ss":500,"td":"Спальный район","dc":1,"n":97.67,"vc":"около 100","sl":"Очень высокий","sv":"менее 50","p":1700.0,"q":9.59,"b":0.17,"ms":0.01,"wi":27.58,"ei":5.63,"as":336.93,"mi":"E","mv":10609,"sc":1,"lpe":99.99,"lpr":2701.81,"lq":1.0,"d":471},{"pi":"370077","pc":"Автомобильные товары","ss":100000,"td":"Фешенебельный район","dc":1,"n":712.62,"vc":"более 300 000","sl":"Элитный","sv":"менее 50","p":160000.0,"q":53.2,"b":5.58,"ms":0.05,"wi":128.02,"ei":8.73,"as":1034.79,"mi":"E","mv":18611,"sc":2,"lpe":99.93,"lpr":34621.44,"lq":1.0,"d":811},{"pi":"370077","pc":"Автомобильные товары","ss":100000,"td":"Центр города","dc":1,"n":453.56,"vc":"более 100 000","sl":"Элитный","sv":"менее 50","p":133900.0,"q":26.93,"b":0.0,"ms":0.02,"wi":128.02,"ei":8.73,"as":1034.79,"mi":"E","mv":18611,"sc":2,"lpe":99.93,"lpr":34621.44,"lq":1.0,"d":811},{"pi":"370077","pc":"Автомобильные товары","ss":100000,"td":"Фешенебельный район","dc":10,"n":661.4,"vc":"более 100 000","sl":"Нормальный","sv":"более 2 000","p":31987.87,"q":32.5,"b":1.6,"ms":6.12,"wi":71.42,"ei":6.52,"as":865.93,"mi":"E","mv":34971,"sc":1,"lpe":93.88,"lpr":10796.45,"lq":1.0,"d":1560},{"pi":"370077","pc":"Автомобильные товары","ss":100000,"td":"Центр города","dc":1,"n":544.11,"vc":"около 500 000","sl":"Очень высокий","sv":"менее 50","p":55500.0,"q":22.29,"b":0.38,"ms":0.0,"wi":94.66,"ei":5.73,"as":634.32,"mi":"E","mv":34791,"sc":1,"lpe":100.0,"lpr":7510.91,"lq":1.0,"d":1375},{"pi":"370077","pc":"Автомобильные товары","ss":100000,"td":"Фешенебельный район","dc":1,"n":701.18,"vc":"около 500 000","sl":"Элитный","sv":"около 500","p":80000.0,"q":53.23,"b":5.58,"ms":0.46,"wi":105.14,"ei":8.27,"as":1023.96,"mi":"E","mv":76259,"sc":2,"lpe":99.53,"lpr":16731.05,"lq":1.0,"d":2847},{"pi":"370077","pc":"Автомобильные товары","ss":100000,"td":"Центр города","dc":1,"n":521.89,"vc":"около 500 000","sl":"Элитный","sv":"менее 50","p":70300.0,"q":26.25,"b":0.0,"ms":0.01,"wi":105.14,"ei":8.27,"as":1023.96,"mi":"E","mv":76259,"sc":2,"lpe":99.53,"lpr":16731.05,"lq":1.0,"d":2847},{"pi":"370077","pc":"Автомобильные товары","ss":100000,"td":"Фешенебельный район","dc":1,"n":698.54,"vc":"более 200 000","sl":"Элитный","sv":"более 2 000","p":20000.0,"q":24.46,"b":1.39,"ms":11.83,"wi":50.17,"ei":6.4,"as":344.62,"mi":"E","mv":18513,"sc":1,"lpe":88.17,"lpr":4481.72,"lq":1.0,"d":788},{"pi":"370077","pc":"Автомобильные товары","ss":10000,"td":"Центр города","dc":1,"n":430.45,"vc":"более 10 000","sl":"Элитный","sv":"менее 50","p":195000.0,"q":27.76,"b":0.51,"ms":0.01,"wi":119.43,"ei":9.92,"as":1514.88,"mi":"E","mv":17376,"sc":2,"lpe":99.94,"lpr":37230.05,"lq":1.0,"d":1420},{"pi":"370077","pc":"Автомобильные товары","ss":100000,"td":"Фешенебельный район","dc":1,"n":702.93,"vc":"около 500 000","sl":"Элитный","sv":"менее 50","p":269000.0,"q":37.18,"b":3.59,"ms":0.02,"wi":119.43,"ei":9.92,"as":1514.88,"mi":"E","mv":17376,"sc":2,"lpe":99.94,"lpr":37230.05,"lq":1.0,"d":1420},{"pi":"370077","pc":"Автомобильные товары","ss":100000,"td":"Центр города","dc":1,"n":101.63,"vc":"около 5 000","sl":"Элитный","sv":"менее 50","p":30000.0,"q":11.93,"b":0.58,"ms":0.01,"wi":97.28,"ei":5.35,"as":374.69,"mi":"E","mv":16228,"sc":1,"lpe":99.99,"lpr":10601.87,"lq":1.0,"d":804},{"pi":"370077","pc":"Автомобильные товары","ss":100000,"td":"Центр города","dc":10,"n":666.0,"vc":"более 1 000 000","sl":"Очень низкий","sv":"около 1 000","p":21941.26,"q":32.5,"b":1.6,"ms":1.86,"wi":43.02,"ei":4.91,"as":235.89,"mi":"E","mv":43692,"sc":2,"lpe":96.51,"lpr":4634.39,"lq":1.0,"d":2085},{"pi":"370077","pc":"Автомобильные товары","ss":100000,"td":"Фешенебельный район","dc":10,"n":665.98,"vc":"более 200 000","sl":"Низкий","sv":"около 500","p":21925.96,"q":32.5,"b":1.6,"ms":1.63,"wi":43.02,"ei":4.91,"as":235.89,"mi":"E","mv":43692,"sc":2,"lpe":96.51,"lpr":4634.39,"lq":1.0,"d":2085},{"pi":"370077","pc":"Автомобильные товары","ss":100000,"td":"Фешенебельный район","dc":10,"n":677.69,"vc":"более 100 000","sl":"Нормальный","sv":"около 500","p":22248.98,"q":32.5,"b":1.6,"ms":4.91,"wi":29.71,"ei":4.42,"as":165.13,"mi":"E","mv":8234,"sc":1,"lpe":95.09,"lpr":4345.98,"lq":1.0,"d":1358},{"pi":"370077","pc":"Автомобильные товары","ss":100000,"td":"Центр города","dc":10,"n":673.01,"vc":"более 1 000 000","sl":"Очень низкий","sv":"около 500","p":22047.41,"q":32.5,"b":1.6,"ms":5.84,"wi":32.85,"ei":5.0,"as":172.29,"mi":"E","mv":11579,"sc":1,"lpe":94.16,"lpr":4390.91,"lq":1.0,"d":659},{"pi":"370077","pc":"Автомобильные товары","ss":100000,"td":"Фешенебельный район","dc":1,"n":658.08,"vc":"более 200 000","sl":"Элитный","sv":"более 200","p":24000.0,"q":40.64,"b":4.14,"ms":0.73,"wi":47.55,"ei":12.32,"as":481.26,"mi":"E","mv":34790,"sc":1,"lpe":99.27,"lpr":4024.27,"lq":1.0,"d":2667},{"pi":"370077","pc":"Автомобильные товары","ss":100000,"td":"Фешенебельный район","dc":1,"n":615.65,"vc":"около 500 000","sl":"Очень высокий","sv":"более 20 000","p":80000.0,"q":53.19,"b":5.7,"ms":6.65,"wi":91.03,"ei":12.41,"as":652.46,"mi":"E","mv":405986,"sc":4,"lpe":82.94,"lpr":14688.59,"lq":6.34,"d":15986},{"pi":"370077","pc":"Автомобильные товары","ss":100000,"td":"Центр города","dc":1,"n":555.92,"vc":"более 1 000 000","sl":"Высокий","sv":"около 10 000","p":33000.0,"q":40.38,"b":4.37,"ms":2.46,"wi":91.03,"ei":12.41,"as":652.46,"mi":"E","mv":405986,"sc":4,"lpe":82.94,"lpr":14688.59,"lq":6.34,"d":15986},{"pi":"370077","pc":"Автомобильные товары","ss":10000,"td":"Фешенебельный район","dc":1,"n":249.51,"vc":"более 2 000","sl":"Элитный","sv":"менее 50","p":72000.0,"q":25.99,"b":0.07,"ms":0.0,"wi":91.03,"ei":12.41,"as":652.46,"mi":"E","mv":405986,"sc":4,"lpe":82.94,"lpr":14688.59,"lq":6.34,"d":15986},{"pi":"370077","pc":"Автомобильные товары","ss":100000,"td":"Фешенебельный район","dc":1,"n":690.59,"vc":"около 500 000","sl":"Очень высокий","sv":"около 5 000","p":60000.0,"q":52.85,"b":5.7,"ms":5.08,"wi":117.9,"ei":6.83,"as":721.28,"mi":"E","mv":98403,"sc":1,"lpe":94.92,"lpr":12106.21,"lq":1.0,"d":4698},{"pi":"370077","pc":"Автомобильные товары","ss":10000,"td":"Центр города","dc":1,"n":548.38,"vc":"более 20 000","sl":"Элитный","sv":"более 200","p":200000.0,"q":27.68,"b":0.05,"ms":4.64,"wi":135.19,"ei":7.52,"as":745.51,"mi":"E","mv":4572,"sc":1,"lpe":95.34,"lpr":64615.52,"lq":1.0,"d":352},{"pi":"370077","pc":"Автомобильные товары","ss":100000,"td":"Фешенебельный район","dc":1,"n":669.82,"vc":"более 200 000","sl":"Элитный","sv":"около 500","p":40000.0,"q":40.64,"b":4.14,"ms":4.79,"wi":29.1,"ei":9.68,"as":218.57,"mi":"E","mv":15379,"sc":1,"lpe":95.21,"lpr":4995.43,"lq":1.0,"d":1619},{"pi":"370077","pc":"Автомобильные товары","ss":100000,"td":"Фешенебельный район","dc":1,"n":705.78,"vc":"около 500 000","sl":"Элитный","sv":"менее 50","p":70000.0,"q":53.19,"b":5.21,"ms":0.0,"wi":60.97,"ei":7.92,"as":423.5,"mi":"E","mv":31941,"sc":1,"lpe":100.0,"lpr":9237.0,"lq":1.0,"d":1657},{"pi":"370077","pc":"Автомобильные товары","ss":100000,"td":"Центр города","dc":2,"n":621.4,"vc":"около 500 000","sl":"Очень высокий","sv":"около 50","p":8000.0,"q":28.81,"b":1.73,"ms":0.59,"wi":22.85,"ei":8.95,"as":626.98,"mi":"E","mv":8538,"sc":1,"lpe":99.41,"lpr":2351.82,"lq":1.0,"d":1420},{"pi":"370077","pc":"Автомобильные товары","ss":100000,"td":"Фешенебельный район","dc":2,"n":577.06,"vc":"более 100 000","sl":"Элитный","sv":"более 10 000","p":20000.0,"q":33.5,"b":7.54,"ms":48.65,"wi":77.72,"ei":6.25,"as":754.07,"mi":"C","mv":24237,"sc":4,"lpe":0.0,"lpr":17190.03,"lq":1.0,"d":1415},{"pi":"370077","pc":"Автомобильные товары","ss":100000,"td":"Фешенебельный район","dc":2,"n":577.06,"vc":"более 100 000","sl":"Элитный","sv":"более 10 000","p":20000.0,"q":33.5,"b":7.54,"ms":45.02,"wi":77.72,"ei":6.25,"as":754.07,"mi":"C","mv":24237,"sc":4,"lpe":0.0,"lpr":17190.03,"lq":1.0,"d":1415},{"pi":"370077","pc":"Автомобильные товары","ss":500,"td":"Фешенебельный район","dc":1,"n":518.94,"vc":"около 500","sl":"Элитный","sv":"более 1 000","p":26923.54,"q":33.88,"b":6.07,"ms":5.09,"wi":77.72,"ei":6.25,"as":754.07,"mi":"C","mv":24237,"sc":4,"lpe":0.0,"lpr":17190.03,"lq":1.0,"d":1415},{"pi":"370077","pc":"Автомобильные товары","ss":100000,"td":"Центр города","dc":2,"n":428.7,"vc":"более 100 000","sl":"Низкий","sv":"около 300","p":26500.0,"q":23.64,"b":0.0,"ms":1.24,"wi":77.72,"ei":6.25,"as":754.07,"mi":"C","mv":24237,"sc":4,"lpe":0.0,"lpr":17190.03,"lq":1.0,"d":1415},{"pi":"370077","pc":"Автомобильные товары","ss":500,"td":"Центр города","dc":1,"n":707.23,"vc":"около 500","sl":"Очень высокий","sv":"более 100","p":4300.0,"q":24.32,"b":0.29,"ms":46.36,"wi":44.58,"ei":9.3,"as":3618.26,"mi":"D","mv":302,"sc":3,"lpe":33.77,"lpr":4587.66,"lq":2.03,"d":68},{"pi":"370077","pc":"Автомобильные товары","ss":500,"td":"Фешенебельный район","dc":1,"n":712.92,"vc":"около 50","sl":"Элитный","sv":"около 50","p":5000.0,"q":23.78,"b":8.54,"ms":16.56,"wi":44.58,"ei":9.3,"as":3618.26,"mi":"D","mv":302,"sc":3,"lpe":33.77,"lpr":4587.66,"lq":2.03,"d":68},{"pi":"370077","pc":"Автомобильные товары","ss":500,"td":"Фешенебельный район","dc":1,"n":719.18,"vc":"более 100","sl":"Элитный","sv":"менее 50","p":6037.17,"q":32.2,"b":4.86,"ms":3.31,"wi":44.58,"ei":9.3,"as":3618.26,"mi":"D","mv":302,"sc":3,"lpe":33.77,"lpr":4587.66,"lq":2.03,"d":68},{"pi":"370077","pc":"Автомобильные товары","ss":100000,"td":"Фешенебельный район","dc":10,"n":677.87,"vc":"около 100 000","sl":"Высокий","sv":"более 300","p":50106.19,"q":32.5,"b":1.6,"ms":10.88,"wi":53.55,"ei":3.26,"as":255.26,"mi":"E","mv":2859,"sc":1,"lpe":89.12,"lpr":11086.22,"lq":1.11,"d":197},{"pi":"370077","pc":"Автомобильные товары","ss":100000,"td":"Фешенебельный район","dc":10,"n":645.08,"vc":"более 200 000","sl":"Низкий","sv":"менее 50","p":32290.62,"q":23.38,"b":1.31,"ms":0.0,"wi":64.5,"ei":14.69,"as":1178.45,"mi":"E","mv":83158,"sc":1,"lpe":100.0,"lpr":4415.02,"lq":1.0,"d":4918},{"pi":"370077","pc":"Автомобильные товары","ss":100000,"td":"Фешенебельный район","dc":10,"n":683.75,"vc":"около 100 000","sl":"Высокий","sv":"более 100","p":33516.87,"q":32.5,"b":1.6,"ms":5.98,"wi":17.75,"ei":3.78,"as":238.56,"mi":"E","mv":1839,"sc":1,"lpe":94.02,"lpr":6315.13,"lq":1.0,"d":2346},{"pi":"370077","pc":"Автомобильные товары","ss":100000,"td":"Центр города","dc":2,"n":590.98,"vc":"около 500 000","sl":"Нормальный","sv":"около 50","p":28000.0,"q":23.64,"b":0.0,"ms":0.3,"wi":52.69,"ei":7.73,"as":387.02,"mi":"E","mv":16459,"sc":1,"lpe":99.7,"lpr":12873.43,"lq":1.0,"d":1346},{"pi":"370077","pc":"Автомобильные товары","ss":10000,"td":"Фешенебельный район","dc":1,"n":525.73,"vc":"около 5 000","sl":"Элитный","sv":"около 50","p":51000.0,"q":25.06,"b":2.27,"ms":0.43,"wi":38.2,"ei":6.16,"as":367.72,"mi":"E","mv":8941,"sc":2,"lpe":99.56,"lpr":7119.04,"lq":1.0,"d":1077},{"pi":"370077","pc":"Автомобильные товары","ss":100000,"td":"Центр города","dc":1,"n":515.45,"vc":"более 200 000","sl":"Очень высокий","sv":"менее 50","p":60000.0,"q":15.77,"b":0.0,"ms":0.01,"wi":38.2,"ei":6.16,"as":367.72,"mi":"E","mv":8941,"sc":2,"lpe":99.56,"lpr":7119.04,"lq":1.0,"d":1077},{"pi":"370077","pc":"Автомобильные товары","ss":10000,"td":"Центр города","dc":1,"n":445.47,"vc":"более 20 000","sl":"Элитный","sv":"менее 50","p":57000.0,"q":27.86,"b":0.0,"ms":0.0,"wi":75.59,"ei":8.41,"as":636.04,"mi":"E","mv":22665,"sc":1,"lpe":99.99,"lpr":10253.56,"lq":1.0,"d":974},{"pi":"370077","pc":"Автомобильные товары","ss":1000,"td":"Центр города","dc":1,"n":44.25,"vc":"более 200","sl":"Элитный","sv":"менее 50","p":55000.0,"q":28.25,"b":0.63,"ms":0.06,"wi":52.0,"ei":4.19,"as":731.38,"mi":"E","mv":1546,"sc":1,"lpe":99.87,"lpr":13948.9,"lq":1.0,"d":827},{"pi":"370077","pc":"Автомобильные товары","ss":100000,"td":"Центр города","dc":1,"n":413.39,"vc":"более 100 000","sl":"Высокий","sv":"менее 50","p":12000.0,"q":23.64,"b":4.01,"ms":0.0,"wi":77.97,"ei":7.69,"as":463.52,"mi":"E","mv":32045,"sc":1,"lpe":100.0,"lpr":5864.51,"lq":1.0,"d":1663},{"pi":"370077","pc":"Автомобильные товары","ss":1000,"td":"Фешенебельный район","dc":1,"n":524.37,"vc":"более 1 000","sl":"Элитный","sv":"менее 50","p":170000.0,"q":34.1,"b":4.47,"ms":0.02,"wi":79.27,"ei":12.05,"as":894.85,"mi":"E","mv":24448,"sc":1,"lpe":99.98,"lpr":23304.96,"lq":1.0,"d":6441},{"pi":"370077","pc":"Автомобильные товары","ss":100000,"td":"Центр города","dc":10,"n":664.39,"vc":"около 500 000","sl":"Очень низкий","sv":"более 100","p":29862.3,"q":32.51,"b":2.62,"ms":1.86,"wi":54.35,"ei":5.33,"as":739.34,"mi":"E","mv":8706,"sc":1,"lpe":98.14,"lpr":8798.15,"lq":1.0,"d":396},{"pi":"370077","pc":"Автомобильные товары","ss":100000,"td":"Центр города","dc":6,"n":218.12,"vc":"более 20 000","sl":"Очень высокий","sv":"менее 50","p":66200.0,"q":21.98,"b":0.0,"ms":0.0,"wi":88.06,"ei":7.67,"as":429.01,"mi":"E","mv":48817,"sc":1,"lpe":100.0,"lpr":12474.15,"lq":1.0,"d":2707},{"pi":"370077","pc":"Автомобильные товары","ss":100000,"td":"Центр города","dc":10,"n":672.99,"vc":"около 1 000 000","sl":"Очень низкий","sv":"более 200","p":48356.93,"q":32.5,"b":0.0,"ms":7.04,"wi":67.22,"ei":7.89,"as":773.91,"mi":"E","mv":3705,"sc":1,"lpe":92.96,"lpr":16227.17,"lq":1.0,"d":327},{"pi":"370077","pc":"Автомобильные товары","ss":100000,"td":"Фешенебельный район","dc":1,"n":685.3,"vc":"более 200 000","sl":"Элитный","sv":"более 1 000","p":18000.0,"q":24.7,"b":0.0,"ms":3.53,"wi":108.24,"ei":7.46,"as":1400.18,"mi":"E","mv":38264,"sc":1,"lpe":96.47,"lpr":5370.63,"lq":1.0,"d":1661},{"pi":"370077","pc":"Автомобильные товары","ss":100000,"td":"Фешенебельный район","dc":4,"n":514.27,"vc":"около 50 000","sl":"Элитный","sv":"около 50","p":42000.0,"q":12.62,"b":0.0,"ms":0.49,"wi":72.56,"ei":7.0,"as":980.73,"mi":"E","mv":7737,"sc":1,"lpe":99.51,"lpr":10768.01,"lq":1.0,"d":612},{"pi":"370077","pc":"Автомобильные товары","ss":10000,"td":"Фешенебельный район","dc":10,"n":668.74,"vc":"около 10 000","sl":"Нормальный","sv":"более 100","p":23884.81,"q":32.5,"b":0.0,"ms":2.42,"wi":34.68,"ei":6.16,"as":388.83,"mi":"E","mv":4831,"sc":1,"lpe":97.58,"lpr":5864.92,"lq":1.0,"d":306}]