[{"pi":"1518","pc":"Автомобильные товары","ss":500,"td":"Центр города","dc":1,"n":15.61,"vc":"более 200","sl":"Элитный","sv":"около 50","p":38454.43,"q":2.93,"b":0.78,"ms":1.88,"wi":0.33,"ei":6.06,"as":330.02,"mi":"E","mv":2875,"sc":2,"lpe":97.88,"lpr":38000.14,"lq":1.0,"d":1293},{"pi":"1518","pc":"Автомобильные товары","ss":1000,"td":"Центр города","dc":1,"n":168.08,"vc":"более 1 000","sl":"Нормальный","sv":"менее 50","p":27750.0,"q":2.96,"b":0.3,"ms":0.24,"wi":0.33,"ei":6.06,"as":330.02,"mi":"E","mv":2875,"sc":2,"lpe":97.88,"lpr":38000.14,"lq":1.0,"d":1293},{"pi":"1518","pc":"Автомобильные товары","ss":500,"td":"Центр города","dc":1,"n":31.87,"vc":"более 200","sl":"Элитный","sv":"около 50","p":51684.19,"q":2.92,"b":0.79,"ms":0.67,"wi":0.57,"ei":6.14,"as":443.64,"mi":"E","mv":5820,"sc":1,"lpe":99.33,"lpr":51082.38,"lq":1.0,"d":2619},{"pi":"1518","pc":"Автомобильные товары","ss":500,"td":"Центр города","dc":1,"n":72.33,"vc":"более 200","sl":"Элитный","sv":"около 50","p":71890.9,"q":2.93,"b":0.78,"ms":3.14,"wi":0.62,"ei":8.09,"as":613.51,"mi":"E","mv":1817,"sc":2,"lpe":95.82,"lpr":71001.48,"lq":1.0,"d":818},{"pi":"1518","pc":"Автомобильные товары","ss":1000,"td":"Центр города","dc":1,"n":86.4,"vc":"около 500","sl":"Элитный","sv":"менее 50","p":60000.0,"q":2.53,"b":0.8,"ms":1.05,"wi":0.62,"ei":8.09,"as":613.51,"mi":"E","mv":1817,"sc":2,"lpe":95.82,"lpr":71001.48,"lq":1.0,"d":818},{"pi":"1518","pc":"Автомобильные товары","ss":500,"td":"Центр города","dc":1,"n":62.8,"vc":"более 200","sl":"Элитный","sv":"около 50","p":35965.62,"q":2.93,"b":0.78,"ms":2.58,"wi":0.23,"ei":5.48,"as":311.99,"mi":"E","mv":2090,"sc":1,"lpe":97.42,"lpr":35571.78,"lq":1.0,"d":940},{"pi":"1518","pc":"Автомобильные товары","ss":500,"td":"Центр города","dc":1,"n":21.35,"vc":"около 500","sl":"Элитный","sv":"около 50","p":53355.96,"q":2.92,"b":0.79,"ms":0.67,"wi":0.54,"ei":5.95,"as":458.23,"mi":"E","mv":7585,"sc":1,"lpe":99.33,"lpr":52741.21,"lq":1.0,"d":4109},{"pi":"1518","pc":"Автомобильные товары","ss":500,"td":"Центр города","dc":1,"n":90.42,"vc":"более 200","sl":"Элитный","sv":"менее 50","p":27988.29,"q":2.93,"b":0.76,"ms":1.69,"wi":0.23,"ei":4.22,"as":239.13,"mi":"E","mv":1185,"sc":1,"lpe":98.31,"lpr":27638.36,"lq":1.0,"d":533},{"pi":"1518","pc":"Автомобильные товары","ss":500,"td":"Центр города","dc":1,"n":33.8,"vc":"более 100","sl":"Элитный","sv":"около 50","p":38380.33,"q":2.93,"b":0.76,"ms":3.63,"wi":0.25,"ei":5.96,"as":329.42,"mi":"E","mv":993,"sc":1,"lpe":96.37,"lpr":37930.38,"lq":1.0,"d":451},{"pi":"1518","pc":"Автомобильные товары","ss":10000,"td":"Центр города","dc":1,"n":61.29,"vc":"около 1 000","sl":"Элитный","sv":"около 50","p":33612.32,"q":2.92,"b":0.77,"ms":3.4,"wi":0.33,"ei":4.37,"as":290.59,"mi":"E","mv":1440,"sc":1,"lpe":96.6,"lpr":33246.04,"lq":1.0,"d":635},{"pi":"1518","pc":"Автомобильные товары","ss":500,"td":"Центр города","dc":1,"n":71.76,"vc":"более 200","sl":"Элитный","sv":"около 50","p":36931.39,"q":2.93,"b":0.76,"ms":2.84,"wi":0.24,"ei":6.03,"as":316.7,"mi":"E","mv":1693,"sc":1,"lpe":97.16,"lpr":36492.64,"lq":1.0,"d":747},{"pi":"1518","pc":"Автомобильные товары","ss":500,"td":"Центр города","dc":1,"n":69.38,"vc":"более 200","sl":"Элитный","sv":"около 50","p":54320.44,"q":2.92,"b":0.77,"ms":2.99,"wi":0.47,"ei":5.95,"as":466.2,"mi":"E","mv":1405,"sc":1,"lpe":97.01,"lpr":53684.98,"lq":1.0,"d":631},{"pi":"1518","pc":"Автомобильные товары","ss":500,"td":"Центр города","dc":1,"n":78.33,"vc":"около 500","sl":"Элитный","sv":"около 50","p":36467.68,"q":2.93,"b":0.77,"ms":4.21,"wi":0.33,"ei":5.47,"as":316.16,"mi":"E","mv":1425,"sc":1,"lpe":95.79,"lpr":36065.67,"lq":1.0,"d":621},{"pi":"1518","pc":"Автомобильные товары","ss":500,"td":"Центр города","dc":1,"n":92.34,"vc":"более 200","sl":"Элитный","sv":"около 50","p":39512.13,"q":2.93,"b":0.77,"ms":3.92,"wi":0.34,"ei":5.19,"as":338.16,"mi":"E","mv":1149,"sc":1,"lpe":96.08,"lpr":39039.17,"lq":1.0,"d":517},{"pi":"1518","pc":"Автомобильные товары","ss":500,"td":"Центр города","dc":1,"n":88.72,"vc":"более 200","sl":"Элитный","sv":"около 50","p":36052.17,"q":2.93,"b":0.76,"ms":2.98,"wi":0.25,"ei":5.34,"as":310.5,"mi":"E","mv":1410,"sc":1,"lpe":97.02,"lpr":35633.15,"lq":1.0,"d":634},{"pi":"1518","pc":"Автомобильные товары","ss":1000,"td":"Центр города","dc":2,"n":105.9,"vc":"около 500","sl":"Элитный","sv":"менее 50","p":50000.0,"q":7.06,"b":0.0,"ms":1.25,"wi":1.28,"ei":7.7,"as":1225.0,"mi":"E","mv":1601,"sc":1,"lpe":98.75,"lpr":140827.16,"lq":1.0,"d":1356},{"pi":"1518","pc":"Автомобильные товары","ss":10000,"td":"Центр города","dc":2,"n":52.09,"vc":"более 1 000","sl":"Элитный","sv":"менее 50","p":248568.88,"q":7.06,"b":0.0,"ms":0.4,"wi":1.67,"ei":8.3,"as":1440.0,"mi":"E","mv":6771,"sc":1,"lpe":99.6,"lpr":167578.22,"lq":1.0,"d":3884},{"pi":"1518","pc":"Автомобильные товары","ss":500,"td":"Центр города","dc":1,"n":176.86,"vc":"более 200","sl":"Элитный","sv":"около 50","p":41155.81,"q":2.92,"b":0.79,"ms":8.21,"wi":0.46,"ei":4.82,"as":395.02,"mi":"E","mv":402,"sc":1,"lpe":91.79,"lpr":40803.29,"lq":1.0,"d":201}]