[{"pi":"17609","pc":"Продукты питания","ss":1000,"td":"Центр города","dc":1,"n":573.35,"vc":"около 5 000","sl":"Нормальный","sv":"около 200","p":206.0,"q":3.48,"b":0.0,"ms":0.06,"wi":41.72,"ei":8.52,"as":366.56,"mi":"E","mv":326961,"sc":2,"lpe":99.88,"lpr":219.52,"lq":1.0,"d":459},{"pi":"17609","pc":"Продукты питания","ss":1000,"td":"Центр города","dc":1,"n":548.41,"vc":"около 5 000","sl":"Нормальный","sv":"около 200","p":205.0,"q":3.48,"b":0.0,"ms":0.06,"wi":41.72,"ei":8.52,"as":366.56,"mi":"E","mv":326961,"sc":2,"lpe":99.88,"lpr":219.52,"lq":1.0,"d":459},{"pi":"17609","pc":"Продукты питания","ss":1000,"td":"Центр города","dc":1,"n":172.59,"vc":"более 1 000","sl":"Элитный","sv":"около 200","p":291.0,"q":3.48,"b":0.0,"ms":0.02,"wi":75.85,"ei":12.1,"as":729.22,"mi":"E","mv":1318216,"sc":1,"lpe":99.98,"lpr":379.45,"lq":1.0,"d":1235},{"pi":"17609","pc":"Продукты питания","ss":100000,"td":"Центр города","dc":2,"n":581.73,"vc":"около 500 000","sl":"Нормальный","sv":"около 20 000","p":600.0,"q":9.85,"b":0.0,"ms":1.01,"wi":60.32,"ei":7.58,"as":403.37,"mi":"E","mv":1985977,"sc":2,"lpe":98.98,"lpr":531.77,"lq":1.0,"d":2108},{"pi":"17609","pc":"Продукты питания","ss":10000,"td":"Центр города","dc":1,"n":168.49,"vc":"более 2 000","sl":"Элитный","sv":"около 200","p":528.0,"q":3.48,"b":0.0,"ms":0.01,"wi":60.32,"ei":7.58,"as":403.37,"mi":"E","mv":1985977,"sc":2,"lpe":98.98,"lpr":531.77,"lq":1.0,"d":2108},{"pi":"17609","pc":"Продукты питания","ss":100000,"td":"Центр города","dc":1,"n":507.64,"vc":"более 200 000","sl":"Элитный","sv":"около 200","p":655.0,"q":3.48,"b":0.0,"ms":0.02,"wi":143.39,"ei":7.29,"as":661.55,"mi":"E","mv":1107897,"sc":1,"lpe":99.98,"lpr":688.72,"lq":1.0,"d":1029},{"pi":"17609","pc":"Продукты питания","ss":100000,"td":"Центр города","dc":1,"n":464.43,"vc":"более 200 000","sl":"Элитный","sv":"около 200","p":830.0,"q":3.48,"b":0.0,"ms":0.02,"wi":91.16,"ei":12.05,"as":819.44,"mi":"E","mv":1147266,"sc":1,"lpe":99.98,"lpr":888.16,"lq":1.0,"d":1294},{"pi":"17609","pc":"Продукты питания","ss":100000,"td":"Фешенебельный район","dc":1,"n":716.58,"vc":"более 200 000","sl":"Очень высокий","sv":"около 50 000","p":55.0,"q":8.58,"b":0.0,"ms":26.42,"wi":34.77,"ei":7.11,"as":362.72,"mi":"E","mv":189238,"sc":1,"lpe":73.58,"lpr":238.7,"lq":1.11,"d":651},{"pi":"17609","pc":"Продукты питания","ss":10000,"td":"Центр города","dc":1,"n":216.56,"vc":"около 5 000","sl":"Элитный","sv":"около 200","p":128.3,"q":3.48,"b":0.0,"ms":0.02,"wi":32.55,"ei":7.55,"as":406.42,"mi":"E","mv":918081,"sc":1,"lpe":99.98,"lpr":131.52,"lq":1.0,"d":1562},{"pi":"17609","pc":"Продукты питания","ss":1000,"td":"Центр города","dc":1,"n":376.44,"vc":"около 5 000","sl":"Высокий","sv":"более 100","p":411.0,"q":3.48,"b":0.0,"ms":0.01,"wi":61.55,"ei":11.03,"as":913.67,"mi":"E","mv":1803808,"sc":1,"lpe":99.99,"lpr":443.63,"lq":1.0,"d":12392},{"pi":"17609","pc":"Продукты питания","ss":100000,"td":"Центр города","dc":1,"n":428.35,"vc":"более 100 000","sl":"Элитный","sv":"около 200","p":132.6,"q":3.48,"b":0.0,"ms":0.01,"wi":38.49,"ei":9.05,"as":665.36,"mi":"E","mv":1615267,"sc":1,"lpe":99.99,"lpr":134.62,"lq":1.0,"d":1893},{"pi":"17609","pc":"Продукты питания","ss":100000,"td":"Центр города","dc":1,"n":453.82,"vc":"более 100 000","sl":"Низкий","sv":"менее 50","p":95.0,"q":3.48,"b":0.0,"ms":0.0,"wi":13.53,"ei":4.37,"as":286.06,"mi":"E","mv":842892,"sc":1,"lpe":100.0,"lpr":31.84,"lq":1.0,"d":1145},{"pi":"17609","pc":"Продукты питания","ss":1000,"td":"Окраина","dc":1,"n":261.15,"vc":"более 1 000","sl":"Элитный","sv":"около 200","p":252.26,"q":3.48,"b":0.0,"ms":0.01,"wi":41.97,"ei":4.43,"as":182.26,"mi":"E","mv":1445679,"sc":1,"lpe":99.99,"lpr":309.67,"lq":1.0,"d":1812},{"pi":"17609","pc":"Продукты питания","ss":100000,"td":"Центр города","dc":1,"n":385.41,"vc":"более 100 000","sl":"Элитный","sv":"около 500","p":2000.0,"q":6.72,"b":0.0,"ms":0.02,"wi":57.77,"ei":9.84,"as":399.03,"mi":"E","mv":2782619,"sc":2,"lpe":99.98,"lpr":585.59,"lq":1.0,"d":3316},{"pi":"17609","pc":"Продукты питания","ss":100000,"td":"Центр города","dc":1,"n":391.85,"vc":"более 100 000","sl":"Элитный","sv":"около 200","p":1499.99,"q":3.48,"b":0.0,"ms":0.01,"wi":57.77,"ei":9.84,"as":399.03,"mi":"E","mv":2782619,"sc":2,"lpe":99.98,"lpr":585.59,"lq":1.0,"d":3316},{"pi":"17609","pc":"Продукты питания","ss":1000,"td":"Центр города","dc":1,"n":590.15,"vc":"около 5 000","sl":"Высокий","sv":"около 3 000","p":200.0,"q":9.75,"b":0.0,"ms":13.09,"wi":34.04,"ei":8.95,"as":849.54,"mi":"E","mv":22916,"sc":2,"lpe":86.04,"lpr":153.75,"lq":1.04,"d":222},{"pi":"17609","pc":"Продукты питания","ss":500,"td":"Центр города","dc":1,"n":451.17,"vc":"более 300","sl":"Элитный","sv":"около 200","p":125.0,"q":3.48,"b":0.0,"ms":0.87,"wi":34.04,"ei":8.95,"as":849.54,"mi":"E","mv":22916,"sc":2,"lpe":86.04,"lpr":153.75,"lq":1.04,"d":222},{"pi":"17609","pc":"Продукты питания","ss":100000,"td":"Центр города","dc":3,"n":440.57,"vc":"более 100 000","sl":"Очень высокий","sv":"более 1 000","p":1200.0,"q":6.72,"b":0.0,"ms":0.09,"wi":73.51,"ei":5.78,"as":394.18,"mi":"E","mv":1317368,"sc":1,"lpe":99.91,"lpr":430.45,"lq":1.0,"d":1203},{"pi":"17609","pc":"Продукты питания","ss":10000,"td":"Спальный район","dc":1,"n":409.21,"vc":"более 20 000","sl":"Очень высокий","sv":"около 200","p":535.8,"q":3.48,"b":0.0,"ms":0.0,"wi":57.42,"ei":5.96,"as":448.87,"mi":"E","mv":6321567,"sc":1,"lpe":100.0,"lpr":349.42,"lq":1.0,"d":5974},{"pi":"17609","pc":"Продукты питания","ss":100,"td":"Окраина","dc":1,"n":49.88,"vc":"около 50","sl":"Нормальный","sv":"менее 50","p":149.47,"q":1.05,"b":0.0,"ms":0.0,"wi":30.3,"ei":4.22,"as":201.79,"mi":"E","mv":1627866,"sc":1,"lpe":100.0,"lpr":137.51,"lq":1.0,"d":1919},{"pi":"17609","pc":"Продукты питания","ss":100000,"td":"Спальный район","dc":1,"n":521.13,"vc":"около 500 000","sl":"Элитный","sv":"около 30 000","p":120.0,"q":8.58,"b":0.0,"ms":1.19,"wi":28.96,"ei":5.25,"as":307.54,"mi":"E","mv":2525386,"sc":2,"lpe":98.8,"lpr":151.08,"lq":1.0,"d":2906},{"pi":"17609","pc":"Продукты питания","ss":500,"td":"Фешенебельный район","dc":1,"n":137.97,"vc":"около 50","sl":"Элитный","sv":"более 200","p":225.0,"q":3.48,"b":0.0,"ms":0.01,"wi":28.96,"ei":5.25,"as":307.54,"mi":"E","mv":2525386,"sc":2,"lpe":98.8,"lpr":151.08,"lq":1.0,"d":2906},{"pi":"17609","pc":"Продукты питания","ss":1000,"td":"Спальный район","dc":6,"n":160.08,"vc":"более 200","sl":"Высокий","sv":"около 200","p":315.25,"q":3.48,"b":0.0,"ms":0.44,"wi":57.24,"ei":8.33,"as":1106.11,"mi":"E","mv":45774,"sc":1,"lpe":99.56,"lpr":364.54,"lq":1.0,"d":892},{"pi":"17609","pc":"Продукты питания","ss":1000,"td":"Центр города","dc":1,"n":718.52,"vc":"около 10 000","sl":"Низкий","sv":"более 2 000","p":1000.0,"q":4.73,"b":0.55,"ms":1.42,"wi":64.91,"ei":10.23,"as":1395.94,"mi":"E","mv":143656,"sc":1,"lpe":98.58,"lpr":550.3,"lq":1.0,"d":185},{"pi":"17609","pc":"Продукты питания","ss":100000,"td":"Центр города","dc":1,"n":413.46,"vc":"более 100 000","sl":"Элитный","sv":"около 50 000","p":900.0,"q":6.23,"b":0.0,"ms":0.87,"wi":61.93,"ei":9.19,"as":614.3,"mi":"E","mv":4606290,"sc":1,"lpe":99.13,"lpr":521.56,"lq":1.0,"d":4618},{"pi":"17609","pc":"Продукты питания","ss":100,"td":"Окраина","dc":1,"n":198.46,"vc":"около 100","sl":"Низкий","sv":"около 200","p":130.0,"q":3.48,"b":0.0,"ms":0.02,"wi":23.05,"ei":6.02,"as":252.1,"mi":"E","mv":850886,"sc":2,"lpe":99.98,"lpr":115.88,"lq":1.0,"d":1240},{"pi":"17609","pc":"Продукты питания","ss":10000,"td":"Спальный район","dc":1,"n":463.6,"vc":"более 10 000","sl":"Элитный","sv":"менее 50","p":333.0,"q":3.89,"b":0.05,"ms":0.0,"wi":23.05,"ei":6.02,"as":252.1,"mi":"E","mv":850886,"sc":2,"lpe":99.98,"lpr":115.88,"lq":1.0,"d":1240},{"pi":"17609","pc":"Продукты питания","ss":500,"td":"Центр города","dc":10,"n":18.13,"vc":"более 100","sl":"Нормальный","sv":"менее 50","p":100.0,"q":3.48,"b":0.0,"ms":0.0,"wi":33.2,"ei":8.56,"as":343.95,"mi":"E","mv":975314,"sc":1,"lpe":100.0,"lpr":128.32,"lq":1.0,"d":1298},{"pi":"17609","pc":"Продукты питания","ss":10000,"td":"Центр города","dc":4,"n":381.69,"vc":"около 10 000","sl":"Очень высокий","sv":"более 10 000","p":65.0,"q":5.3,"b":0.0,"ms":2.67,"wi":25.85,"ei":4.86,"as":167.58,"mi":"E","mv":562017,"sc":1,"lpe":97.33,"lpr":107.05,"lq":1.0,"d":654},{"pi":"17609","pc":"Продукты питания","ss":100000,"td":"Центр города","dc":1,"n":539.9,"vc":"около 500 000","sl":"Элитный","sv":"более 100","p":800.0,"q":3.44,"b":0.0,"ms":0.02,"wi":43.27,"ei":5.67,"as":599.6,"mi":"E","mv":545920,"sc":2,"lpe":99.97,"lpr":283.28,"lq":1.0,"d":1065},{"pi":"17609","pc":"Продукты питания","ss":100,"td":"Центр города","dc":10,"n":0.0,"vc":"около 50","sl":"Очень низкий","sv":"около 50","p":210.0,"q":3.42,"b":0.0,"ms":0.01,"wi":43.27,"ei":5.67,"as":599.6,"mi":"E","mv":545920,"sc":2,"lpe":99.97,"lpr":283.28,"lq":1.0,"d":1065},{"pi":"17609","pc":"Продукты питания","ss":1000,"td":"Центр города","dc":1,"n":518.52,"vc":"более 2 000","sl":"Очень высокий","sv":"около 200","p":500.0,"q":3.48,"b":0.0,"ms":0.33,"wi":65.16,"ei":6.07,"as":504.13,"mi":"E","mv":60067,"sc":1,"lpe":99.67,"lpr":340.24,"lq":1.0,"d":206},{"pi":"17609","pc":"Продукты питания","ss":10000,"td":"Спальный район","dc":1,"n":400.41,"vc":"более 10 000","sl":"Элитный","sv":"около 100","p":333.0,"q":6.55,"b":0.07,"ms":0.0,"wi":21.66,"ei":13.94,"as":274.27,"mi":"E","mv":3127323,"sc":1,"lpe":100.0,"lpr":119.95,"lq":1.0,"d":6021},{"pi":"17609","pc":"Продукты питания","ss":10000,"td":"Спальный район","dc":1,"n":518.83,"vc":"более 20 000","sl":"Элитный","sv":"около 10 000","p":85.0,"q":8.11,"b":0.0,"ms":0.59,"wi":31.23,"ei":4.2,"as":320.36,"mi":"E","mv":1704263,"sc":1,"lpe":99.41,"lpr":123.2,"lq":1.0,"d":1576},{"pi":"17609","pc":"Продукты питания","ss":10000,"td":"Центр города","dc":1,"n":267.59,"vc":"около 5 000","sl":"Элитный","sv":"около 200","p":240.0,"q":3.48,"b":0.0,"ms":0.03,"wi":50.35,"ei":8.59,"as":388.78,"mi":"E","mv":618369,"sc":1,"lpe":99.97,"lpr":359.38,"lq":1.0,"d":1017},{"pi":"17609","pc":"Продукты питания","ss":1000,"td":"Спальный район","dc":1,"n":0.0,"vc":"около 500","sl":"Элитный","sv":"менее 50","p":354.85,"q":3.39,"b":0.0,"ms":0.0,"wi":50.92,"ei":6.29,"as":646.18,"mi":"E","mv":1990646,"sc":1,"lpe":100.0,"lpr":181.83,"lq":1.0,"d":1917},{"pi":"17609","pc":"Продукты питания","ss":1000,"td":"Центр города","dc":1,"n":448.34,"vc":"около 5 000","sl":"Нормальный","sv":"около 200","p":785.0,"q":3.48,"b":0.0,"ms":0.01,"wi":128.78,"ei":11.53,"as":708.9,"mi":"E","mv":1444786,"sc":1,"lpe":99.99,"lpr":772.57,"lq":1.0,"d":1430},{"pi":"17609","pc":"Продукты питания","ss":1000,"td":"Спальный район","dc":2,"n":145.05,"vc":"более 1 000","sl":"Очень высокий","sv":"около 200","p":850.0,"q":3.48,"b":0.0,"ms":0.0,"wi":60.17,"ei":10.56,"as":378.1,"mi":"E","mv":4207532,"sc":4,"lpe":99.98,"lpr":693.31,"lq":1.0,"d":6232},{"pi":"17609","pc":"Продукты питания","ss":1000,"td":"Спальный район","dc":1,"n":102.24,"vc":"около 500","sl":"Элитный","sv":"около 200","p":700.0,"q":3.48,"b":0.0,"ms":0.0,"wi":60.17,"ei":10.56,"as":378.1,"mi":"E","mv":4207532,"sc":4,"lpe":99.98,"lpr":693.31,"lq":1.0,"d":6232},{"pi":"17609","pc":"Продукты питания","ss":1000,"td":"Центр города","dc":1,"n":69.12,"vc":"около 1 000","sl":"Элитный","sv":"около 200","p":900.75,"q":3.48,"b":0.0,"ms":0.0,"wi":60.17,"ei":10.56,"as":378.1,"mi":"E","mv":4207532,"sc":4,"lpe":99.98,"lpr":693.31,"lq":1.0,"d":6232},{"pi":"17609","pc":"Продукты питания","ss":100000,"td":"Центр города","dc":2,"n":363.28,"vc":"более 100 000","sl":"Элитный","sv":"около 200","p":1649.99,"q":3.48,"b":0.0,"ms":0.0,"wi":60.17,"ei":10.56,"as":378.1,"mi":"E","mv":4207532,"sc":4,"lpe":99.98,"lpr":693.31,"lq":1.0,"d":6232},{"pi":"17609","pc":"Продукты питания","ss":100000,"td":"Центр города","dc":1,"n":456.86,"vc":"более 100 000","sl":"Элитный","sv":"около 200","p":849.99,"q":3.48,"b":0.0,"ms":0.02,"wi":42.97,"ei":7.04,"as":689.17,"mi":"E","mv":914292,"sc":1,"lpe":99.98,"lpr":380.83,"lq":1.0,"d":1215},{"pi":"17609","pc":"Продукты питания","ss":100000,"td":"Центр города","dc":4,"n":441.36,"vc":"более 100 000","sl":"Очень высокий","sv":"около 200","p":250.0,"q":3.48,"b":0.0,"ms":0.02,"wi":25.78,"ei":5.86,"as":525.34,"mi":"E","mv":1288609,"sc":2,"lpe":99.97,"lpr":134.21,"lq":1.0,"d":2664},{"pi":"17609","pc":"Продукты питания","ss":100000,"td":"Спальный район","dc":2,"n":411.72,"vc":"около 100 000","sl":"Очень высокий","sv":"около 200","p":250.0,"q":3.48,"b":0.0,"ms":0.02,"wi":25.78,"ei":5.86,"as":525.34,"mi":"E","mv":1288609,"sc":2,"lpe":99.97,"lpr":134.21,"lq":1.0,"d":2664},{"pi":"17609","pc":"Продукты питания","ss":100000,"td":"Центр города","dc":2,"n":463.71,"vc":"более 100 000","sl":"Элитный","sv":"более 100","p":2525.0,"q":6.74,"b":0.0,"ms":0.02,"wi":79.93,"ei":8.4,"as":865.82,"mi":"E","mv":1076301,"sc":1,"lpe":99.98,"lpr":757.88,"lq":1.0,"d":1983},{"pi":"17609","pc":"Продукты питания","ss":1000,"td":"Центр города","dc":3,"n":157.47,"vc":"около 500","sl":"Очень высокий","sv":"около 200","p":102.0,"q":3.48,"b":0.0,"ms":0.05,"wi":9.71,"ei":7.58,"as":218.01,"mi":"E","mv":400096,"sc":2,"lpe":99.95,"lpr":120.67,"lq":1.0,"d":9798},{"pi":"17609","pc":"Продукты питания","ss":500,"td":"Фешенебельный район","dc":10,"n":178.95,"vc":"около 50","sl":"Элитный","sv":"менее 50","p":88.0,"q":3.48,"b":0.0,"ms":0.0,"wi":9.71,"ei":7.58,"as":218.01,"mi":"E","mv":400096,"sc":2,"lpe":99.95,"lpr":120.67,"lq":1.0,"d":9798},{"pi":"17609","pc":"Продукты питания","ss":100000,"td":"Центр города","dc":1,"n":448.9,"vc":"более 100 000","sl":"Очень высокий","sv":"более 1 000","p":110.0,"q":4.18,"b":0.0,"ms":0.14,"wi":9.47,"ei":4.28,"as":257.99,"mi":"E","mv":1061815,"sc":1,"lpe":99.86,"lpr":39.27,"lq":1.0,"d":4804},{"pi":"17609","pc":"Продукты питания","ss":1000,"td":"Центр города","dc":2,"n":206.61,"vc":"около 1 000","sl":"Элитный","sv":"около 200","p":1100.0,"q":3.48,"b":0.0,"ms":0.08,"wi":170.37,"ei":9.3,"as":3947.5,"mi":"E","mv":236709,"sc":1,"lpe":99.92,"lpr":1193.86,"lq":1.0,"d":319},{"pi":"17609","pc":"Продукты питания","ss":10000,"td":"Центр города","dc":1,"n":643.19,"vc":"около 50 000","sl":"Высокий","sv":"около 5 000","p":2000.0,"q":9.55,"b":0.0,"ms":0.62,"wi":133.29,"ei":12.92,"as":4489.32,"mi":"E","mv":805597,"sc":1,"lpe":99.38,"lpr":1054.3,"lq":1.0,"d":940},{"pi":"17609","pc":"Продукты питания","ss":10000,"td":"Спальный район","dc":1,"n":478.75,"vc":"более 10 000","sl":"Элитный","sv":"около 200","p":503.0,"q":3.48,"b":0.0,"ms":0.03,"wi":53.78,"ei":7.64,"as":502.33,"mi":"E","mv":614701,"sc":1,"lpe":99.97,"lpr":295.24,"lq":1.0,"d":934},{"pi":"17609","pc":"Продукты питания","ss":10000,"td":"Центр города","dc":1,"n":233.52,"vc":"около 5 000","sl":"Элитный","sv":"около 200","p":274.0,"q":3.48,"b":0.0,"ms":0.03,"wi":45.68,"ei":7.04,"as":429.01,"mi":"E","mv":676654,"sc":1,"lpe":99.97,"lpr":280.8,"lq":1.0,"d":1098},{"pi":"17609","pc":"Продукты питания","ss":100000,"td":"Фешенебельный район","dc":1,"n":623.36,"vc":"более 200 000","sl":"Элитный","sv":"около 10 000","p":900.0,"q":9.49,"b":0.0,"ms":0.09,"wi":60.74,"ei":5.73,"as":513.33,"mi":"E","mv":8994540,"sc":8,"lpe":99.89,"lpr":369.98,"lq":1.0,"d":9704},{"pi":"17609","pc":"Продукты питания","ss":10000,"td":"Центр города","dc":1,"n":306.76,"vc":"более 10 000","sl":"Элитный","sv":"около 1 000","p":666.0,"q":6.55,"b":0.08,"ms":0.01,"wi":60.74,"ei":5.73,"as":513.33,"mi":"E","mv":8994540,"sc":8,"lpe":99.89,"lpr":369.98,"lq":1.0,"d":9704},{"pi":"17609","pc":"Продукты питания","ss":10000,"td":"Центр города","dc":1,"n":305.7,"vc":"более 10 000","sl":"Очень высокий","sv":"около 200","p":344.0,"q":3.48,"b":0.0,"ms":0.0,"wi":60.74,"ei":5.73,"as":513.33,"mi":"E","mv":8994540,"sc":8,"lpe":99.89,"lpr":369.98,"lq":1.0,"d":9704},{"pi":"17609","pc":"Продукты питания","ss":100000,"td":"Спальный район","dc":1,"n":322.18,"vc":"около 50 000","sl":"Элитный","sv":"около 200","p":553.22,"q":3.48,"b":0.0,"ms":0.0,"wi":60.74,"ei":5.73,"as":513.33,"mi":"E","mv":8994540,"sc":8,"lpe":99.89,"lpr":369.98,"lq":1.0,"d":9704},{"pi":"17609","pc":"Продукты питания","ss":10000,"td":"Центр города","dc":2,"n":118.77,"vc":"около 5 000","sl":"Элитный","sv":"около 200","p":200.0,"q":3.48,"b":0.0,"ms":0.0,"wi":60.74,"ei":5.73,"as":513.33,"mi":"E","mv":8994540,"sc":8,"lpe":99.89,"lpr":369.98,"lq":1.0,"d":9704},{"pi":"17609","pc":"Продукты питания","ss":10000,"td":"Центр города","dc":1,"n":82.99,"vc":"более 2 000","sl":"Элитный","sv":"около 200","p":150.0,"q":3.48,"b":0.0,"ms":0.0,"wi":60.74,"ei":5.73,"as":513.33,"mi":"E","mv":8994540,"sc":8,"lpe":99.89,"lpr":369.98,"lq":1.0,"d":9704},{"pi":"17609","pc":"Продукты питания","ss":100000,"td":"Спальный район","dc":1,"n":492.52,"vc":"около 500 000","sl":"Очень низкий","sv":"около 200","p":850.36,"q":3.48,"b":0.0,"ms":0.0,"wi":60.74,"ei":5.73,"as":513.33,"mi":"E","mv":8994540,"sc":8,"lpe":99.89,"lpr":369.98,"lq":1.0,"d":9704},{"pi":"17609","pc":"Продукты питания","ss":500,"td":"Спальный район","dc":6,"n":5.39,"vc":"более 200","sl":"Низкий","sv":"около 50","p":99.0,"q":3.48,"b":0.0,"ms":0.0,"wi":60.74,"ei":5.73,"as":513.33,"mi":"E","mv":8994540,"sc":8,"lpe":99.89,"lpr":369.98,"lq":1.0,"d":9704},{"pi":"17609","pc":"Продукты питания","ss":100000,"td":"Спальный район","dc":1,"n":395.01,"vc":"более 100 000","sl":"Элитный","sv":"около 20 000","p":350.0,"q":8.11,"b":0.0,"ms":0.69,"wi":66.62,"ei":7.76,"as":564.62,"mi":"E","mv":2915632,"sc":1,"lpe":99.31,"lpr":536.01,"lq":1.0,"d":3493},{"pi":"17609","pc":"Продукты питания","ss":1000,"td":"Фешенебельный район","dc":6,"n":457.64,"vc":"около 500","sl":"Очень высокий","sv":"около 100","p":251.0,"q":7.27,"b":0.0,"ms":0.12,"wi":29.61,"ei":12.72,"as":467.01,"mi":"E","mv":83163,"sc":2,"lpe":99.88,"lpr":198.17,"lq":1.0,"d":745},{"pi":"17609","pc":"Продукты питания","ss":1000,"td":"Спальный район","dc":10,"n":224.54,"vc":"около 500","sl":"Высокий","sv":"менее 50","p":525.0,"q":5.28,"b":0.0,"ms":0.0,"wi":29.61,"ei":12.72,"as":467.01,"mi":"E","mv":83163,"sc":2,"lpe":99.88,"lpr":198.17,"lq":1.0,"d":745},{"pi":"17609","pc":"Продукты питания","ss":1000,"td":"Центр города","dc":1,"n":378.11,"vc":"более 2 000","sl":"Очень высокий","sv":"около 1 000","p":77.0,"q":10.14,"b":0.0,"ms":0.22,"wi":34.3,"ei":9.54,"as":519.17,"mi":"E","mv":445108,"sc":3,"lpe":99.53,"lpr":199.9,"lq":1.0,"d":929},{"pi":"17609","pc":"Продукты питания","ss":1000,"td":"Центр города","dc":1,"n":520.67,"vc":"около 5 000","sl":"Нормальный","sv":"около 1 000","p":300.0,"q":9.55,"b":0.0,"ms":0.22,"wi":34.3,"ei":9.54,"as":519.17,"mi":"E","mv":445108,"sc":3,"lpe":99.53,"lpr":199.9,"lq":1.0,"d":929},{"pi":"17609","pc":"Продукты питания","ss":1000,"td":"Центр города","dc":5,"n":103.77,"vc":"около 500","sl":"Очень высокий","sv":"около 100","p":200.0,"q":7.27,"b":0.0,"ms":0.02,"wi":34.3,"ei":9.54,"as":519.17,"mi":"E","mv":445108,"sc":3,"lpe":99.53,"lpr":199.9,"lq":1.0,"d":929},{"pi":"17609","pc":"Продукты питания","ss":100000,"td":"Спальный район","dc":1,"n":327.44,"vc":"около 50 000","sl":"Нормальный","sv":"около 200","p":450.04,"q":3.48,"b":0.0,"ms":0.01,"wi":68.47,"ei":6.3,"as":344.56,"mi":"E","mv":1885401,"sc":1,"lpe":99.99,"lpr":687.54,"lq":1.0,"d":4355},{"pi":"17609","pc":"Продукты питания","ss":10000,"td":"Центр города","dc":4,"n":193.91,"vc":"около 10 000","sl":"Очень высокий","sv":"около 10 000","p":40.0,"q":5.3,"b":0.0,"ms":0.07,"wi":33.37,"ei":5.09,"as":182.41,"mi":"E","mv":14083304,"sc":5,"lpe":99.92,"lpr":287.7,"lq":1.0,"d":22072},{"pi":"17609","pc":"Продукты питания","ss":100000,"td":"Центр города","dc":1,"n":431.81,"vc":"около 500 000","sl":"Элитный","sv":"около 200","p":350.0,"q":3.48,"b":0.0,"ms":0.0,"wi":33.37,"ei":5.09,"as":182.41,"mi":"E","mv":14083304,"sc":5,"lpe":99.92,"lpr":287.7,"lq":1.0,"d":22072},{"pi":"17609","pc":"Продукты питания","ss":100,"td":"Окраина","dc":1,"n":47.6,"vc":"более 100","sl":"Очень низкий","sv":"около 200","p":100.0,"q":3.48,"b":0.0,"ms":0.0,"wi":33.37,"ei":5.09,"as":182.41,"mi":"E","mv":14083304,"sc":5,"lpe":99.92,"lpr":287.7,"lq":1.0,"d":22072},{"pi":"17609","pc":"Продукты питания","ss":100000,"td":"Спальный район","dc":1,"n":512.36,"vc":"около 500 000","sl":"Низкий","sv":"около 200","p":455.55,"q":3.48,"b":0.0,"ms":0.0,"wi":33.37,"ei":5.09,"as":182.41,"mi":"E","mv":14083304,"sc":5,"lpe":99.92,"lpr":287.7,"lq":1.0,"d":22072},{"pi":"17609","pc":"Продукты питания","ss":10000,"td":"Центр города","dc":1,"n":277.31,"vc":"более 10 000","sl":"Элитный","sv":"около 100","p":777.0,"q":4.12,"b":0.0,"ms":0.0,"wi":33.37,"ei":5.09,"as":182.41,"mi":"E","mv":14083304,"sc":5,"lpe":99.92,"lpr":287.7,"lq":1.0,"d":22072},{"pi":"17609","pc":"Продукты питания","ss":10000,"td":"Спальный район","dc":1,"n":442.78,"vc":"более 10 000","sl":"Элитный","sv":"менее 50","p":333.0,"q":3.59,"b":0.01,"ms":0.0,"wi":23.37,"ei":12.41,"as":326.05,"mi":"E","mv":1139685,"sc":1,"lpe":100.0,"lpr":117.11,"lq":1.0,"d":3983},{"pi":"17609","pc":"Продукты питания","ss":10000,"td":"Центр города","dc":2,"n":416.15,"vc":"около 50 000","sl":"Нормальный","sv":"около 1 000","p":300.0,"q":4.9,"b":1.13,"ms":0.01,"wi":52.01,"ei":4.8,"as":338.83,"mi":"E","mv":11982223,"sc":2,"lpe":99.99,"lpr":332.29,"lq":1.0,"d":11930},{"pi":"17609","pc":"Продукты питания","ss":1000,"td":"Центр города","dc":1,"n":22.59,"vc":"около 1 000","sl":"Очень высокий","sv":"около 200","p":253.0,"q":3.48,"b":0.0,"ms":0.0,"wi":52.01,"ei":4.8,"as":338.83,"mi":"E","mv":11982223,"sc":2,"lpe":99.99,"lpr":332.29,"lq":1.0,"d":11930},{"pi":"17609","pc":"Продукты питания","ss":500,"td":"Фешенебельный район","dc":6,"n":295.36,"vc":"менее 50","sl":"Элитный","sv":"около 1 000","p":100.0,"q":7.27,"b":0.0,"ms":2.72,"wi":22.5,"ei":9.25,"as":522.64,"mi":"E","mv":36818,"sc":1,"lpe":97.28,"lpr":79.77,"lq":1.0,"d":81},{"pi":"17609","pc":"Продукты питания","ss":500,"td":"Окраина","dc":1,"n":32.16,"vc":"более 100","sl":"Очень высокий","sv":"менее 50","p":203.45,"q":3.0,"b":0.0,"ms":0.0,"wi":57.22,"ei":5.1,"as":348.24,"mi":"E","mv":6607462,"sc":1,"lpe":100.0,"lpr":339.49,"lq":1.0,"d":6499},{"pi":"17609","pc":"Продукты питания","ss":1000,"td":"Окраина","dc":1,"n":118.03,"vc":"около 500","sl":"Элитный","sv":"около 200","p":108.48,"q":3.48,"b":0.0,"ms":0.01,"wi":35.91,"ei":4.7,"as":360.15,"mi":"E","mv":2909089,"sc":3,"lpe":99.98,"lpr":131.32,"lq":1.0,"d":2708},{"pi":"17609","pc":"Продукты питания","ss":500,"td":"Окраина","dc":1,"n":49.89,"vc":"более 100","sl":"Элитный","sv":"около 200","p":100.0,"q":3.48,"b":0.0,"ms":0.01,"wi":35.91,"ei":4.7,"as":360.15,"mi":"E","mv":2909089,"sc":3,"lpe":99.98,"lpr":131.32,"lq":1.0,"d":2708},{"pi":"17609","pc":"Продукты питания","ss":10000,"td":"Центр города","dc":1,"n":376.73,"vc":"более 10 000","sl":"Очень высокий","sv":"более 100","p":300.0,"q":3.35,"b":0.0,"ms":0.0,"wi":35.91,"ei":4.7,"as":360.15,"mi":"E","mv":2909089,"sc":3,"lpe":99.98,"lpr":131.32,"lq":1.0,"d":2708},{"pi":"17609","pc":"Продукты питания","ss":500,"td":"Спальный район","dc":4,"n":263.74,"vc":"более 200","sl":"Нормальный","sv":"около 50","p":600.0,"q":3.41,"b":0.0,"ms":0.01,"wi":52.72,"ei":6.99,"as":429.77,"mi":"E","mv":556462,"sc":1,"lpe":99.99,"lpr":355.7,"lq":1.0,"d":930},{"pi":"17609","pc":"Продукты питания","ss":10000,"td":"Спальный район","dc":4,"n":391.52,"vc":"около 5 000","sl":"Элитный","sv":"более 10 000","p":50.0,"q":5.3,"b":0.0,"ms":4.54,"wi":27.58,"ei":5.63,"as":336.93,"mi":"E","mv":330746,"sc":2,"lpe":95.4,"lpr":115.19,"lq":1.0,"d":471},{"pi":"17609","pc":"Продукты питания","ss":10000,"td":"Центр города","dc":1,"n":286.65,"vc":"около 5 000","sl":"Элитный","sv":"около 200","p":105.0,"q":3.48,"b":0.0,"ms":0.06,"wi":27.58,"ei":5.63,"as":336.93,"mi":"E","mv":330746,"sc":2,"lpe":95.4,"lpr":115.19,"lq":1.0,"d":471},{"pi":"17609","pc":"Продукты питания","ss":1000,"td":"Фешенебельный район","dc":2,"n":233.98,"vc":"более 100","sl":"Элитный","sv":"около 5 000","p":950.0,"q":9.4,"b":3.9,"ms":0.64,"wi":94.83,"ei":6.08,"as":329.42,"mi":"E","mv":665078,"sc":2,"lpe":99.33,"lpr":537.44,"lq":1.0,"d":645},{"pi":"17609","pc":"Продукты питания","ss":100000,"td":"Центр города","dc":1,"n":502.87,"vc":"более 200 000","sl":"Очень высокий","sv":"около 200","p":600.0,"q":3.48,"b":0.0,"ms":0.03,"wi":94.83,"ei":6.08,"as":329.42,"mi":"E","mv":665078,"sc":2,"lpe":99.33,"lpr":537.44,"lq":1.0,"d":645},{"pi":"17609","pc":"Продукты питания","ss":100000,"td":"Центр города","dc":8,"n":313.83,"vc":"около 50 000","sl":"Очень низкий","sv":"около 200","p":320.0,"q":3.48,"b":0.0,"ms":0.03,"wi":50.17,"ei":6.4,"as":344.62,"mi":"E","mv":782021,"sc":1,"lpe":99.97,"lpr":356.19,"lq":1.0,"d":788},{"pi":"17609","pc":"Продукты питания","ss":100000,"td":"Фешенебельный район","dc":1,"n":376.97,"vc":"около 5 000","sl":"Нормальный","sv":"около 200","p":121.71,"q":3.48,"b":0.0,"ms":0.07,"wi":54.01,"ei":6.2,"as":316.93,"mi":"E","mv":274927,"sc":1,"lpe":99.93,"lpr":342.91,"lq":1.0,"d":311},{"pi":"17609","pc":"Продукты питания","ss":100000,"td":"Фешенебельный район","dc":1,"n":386.55,"vc":"около 10 000","sl":"Нормальный","sv":"около 200","p":121.71,"q":3.48,"b":0.0,"ms":0.08,"wi":85.11,"ei":6.1,"as":334.94,"mi":"E","mv":249240,"sc":2,"lpe":99.84,"lpr":348.59,"lq":1.0,"d":351},{"pi":"17609","pc":"Продукты питания","ss":500,"td":"Фешенебельный район","dc":5,"n":333.98,"vc":"около 50","sl":"Элитный","sv":"около 200","p":348.3,"q":3.48,"b":0.0,"ms":0.08,"wi":85.11,"ei":6.1,"as":334.94,"mi":"E","mv":249240,"sc":2,"lpe":99.84,"lpr":348.59,"lq":1.0,"d":351},{"pi":"17609","pc":"Продукты питания","ss":1000,"td":"Центр города","dc":1,"n":159.42,"vc":"около 1 000","sl":"Элитный","sv":"около 200","p":172.67,"q":3.48,"b":0.0,"ms":0.02,"wi":43.02,"ei":4.91,"as":235.89,"mi":"E","mv":1251728,"sc":1,"lpe":99.98,"lpr":192.92,"lq":1.0,"d":2085},{"pi":"17609","pc":"Продукты питания","ss":100000,"td":"Центр города","dc":2,"n":397.96,"vc":"более 300 000","sl":"Очень высокий","sv":"более 1 000","p":3000.0,"q":8.59,"b":0.0,"ms":0.01,"wi":91.03,"ei":12.41,"as":652.46,"mi":"E","mv":17455514,"sc":1,"lpe":99.99,"lpr":816.66,"lq":1.0,"d":15986},{"pi":"17609","pc":"Продукты питания","ss":10000,"td":"Пригород","dc":1,"n":675.95,"vc":"более 20 000","sl":"Элитный","sv":"около 10 000","p":27.0,"q":8.58,"b":0.0,"ms":3.8,"wi":12.38,"ei":4.1,"as":136.56,"mi":"E","mv":263399,"sc":1,"lpe":96.2,"lpr":57.93,"lq":1.0,"d":777},{"pi":"17609","pc":"Продукты питания","ss":100000,"td":"Спальный район","dc":2,"n":279.18,"vc":"около 50 000","sl":"Элитный","sv":"более 10 000","p":900.0,"q":6.04,"b":0.25,"ms":0.31,"wi":117.9,"ei":6.83,"as":721.28,"mi":"E","mv":4839692,"sc":2,"lpe":99.69,"lpr":843.97,"lq":1.0,"d":4698},{"pi":"17609","pc":"Продукты питания","ss":100,"td":"Центр города","dc":1,"n":0.93,"vc":"более 100","sl":"Низкий","sv":"менее 50","p":760.0,"q":3.48,"b":0.0,"ms":0.0,"wi":117.9,"ei":6.83,"as":721.28,"mi":"E","mv":4839692,"sc":2,"lpe":99.69,"lpr":843.97,"lq":1.0,"d":4698},{"pi":"17609","pc":"Продукты питания","ss":10000,"td":"Центр города","dc":8,"n":178.49,"vc":"более 2 000","sl":"Элитный","sv":"около 200","p":125.36,"q":3.48,"b":0.0,"ms":0.03,"wi":28.41,"ei":9.96,"as":295.66,"mi":"E","mv":773979,"sc":2,"lpe":99.95,"lpr":112.02,"lq":1.0,"d":898},{"pi":"17609","pc":"Продукты питания","ss":100000,"td":"Центр города","dc":1,"n":580.48,"vc":"около 500 000","sl":"Очень высокий","sv":"около 200","p":200.0,"q":3.48,"b":0.0,"ms":0.03,"wi":28.41,"ei":9.96,"as":295.66,"mi":"E","mv":773979,"sc":2,"lpe":99.95,"lpr":112.02,"lq":1.0,"d":898},{"pi":"17609","pc":"Продукты питания","ss":100000,"td":"Центр города","dc":3,"n":436.53,"vc":"более 200 000","sl":"Очень низкий","sv":"около 200","p":141.0,"q":3.48,"b":0.0,"ms":0.01,"wi":33.11,"ei":4.7,"as":383.56,"mi":"E","mv":2876034,"sc":1,"lpe":99.99,"lpr":133.09,"lq":1.0,"d":2769},{"pi":"17609","pc":"Продукты питания","ss":1000,"td":"Центр города","dc":1,"n":9.77,"vc":"около 500","sl":"Низкий","sv":"около 100","p":73.81,"q":3.48,"b":0.0,"ms":0.01,"wi":17.06,"ei":5.32,"as":351.92,"mi":"E","mv":953627,"sc":1,"lpe":99.99,"lpr":76.5,"lq":1.0,"d":1725},{"pi":"17609","pc":"Продукты питания","ss":500,"td":"Центр города","dc":1,"n":575.24,"vc":"более 200","sl":"Элитный","sv":"около 200","p":1000.0,"q":3.48,"b":0.0,"ms":4.07,"wi":44.58,"ei":9.3,"as":3618.26,"mi":"E","mv":4920,"sc":2,"lpe":95.85,"lpr":904.04,"lq":1.0,"d":68},{"pi":"17609","pc":"Продукты питания","ss":500,"td":"Спальный район","dc":3,"n":106.06,"vc":"менее 50","sl":"Элитный","sv":"менее 50","p":954.26,"q":3.31,"b":0.0,"ms":0.08,"wi":44.58,"ei":9.3,"as":3618.26,"mi":"E","mv":4920,"sc":2,"lpe":95.85,"lpr":904.04,"lq":1.0,"d":68},{"pi":"17609","pc":"Продукты питания","ss":500,"td":"Центр города","dc":4,"n":17.3,"vc":"более 100","sl":"Высокий","sv":"около 200","p":119.0,"q":3.48,"b":0.0,"ms":0.04,"wi":37.01,"ei":4.86,"as":212.89,"mi":"E","mv":542056,"sc":1,"lpe":99.96,"lpr":131.52,"lq":1.0,"d":672},{"pi":"17609","pc":"Продукты питания","ss":10000,"td":"Спальный район","dc":10,"n":360.51,"vc":"более 2 000","sl":"Высокий","sv":"менее 50","p":362.1,"q":4.77,"b":0.0,"ms":0.0,"wi":6.42,"ei":4.75,"as":104.01,"mi":"E","mv":212580,"sc":1,"lpe":100.0,"lpr":332.97,"lq":1.0,"d":44633},{"pi":"17609","pc":"Продукты питания","ss":1000,"td":"Пригород","dc":1,"n":129.76,"vc":"около 500","sl":"Элитный","sv":"около 200","p":350.0,"q":3.48,"b":0.0,"ms":0.01,"wi":70.43,"ei":7.02,"as":523.89,"mi":"E","mv":1638130,"sc":1,"lpe":99.99,"lpr":418.29,"lq":1.0,"d":1885},{"pi":"17609","pc":"Продукты питания","ss":100000,"td":"Центр города","dc":1,"n":355.72,"vc":"около 100 000","sl":"Элитный","sv":"более 1 000","p":425.0,"q":3.48,"b":0.0,"ms":0.15,"wi":52.69,"ei":7.73,"as":387.02,"mi":"E","mv":800967,"sc":1,"lpe":99.85,"lpr":431.08,"lq":1.0,"d":1346},{"pi":"17609","pc":"Продукты питания","ss":10000,"td":"Окраина","dc":1,"n":327.69,"vc":"около 5 000","sl":"Высокий","sv":"около 200","p":200.0,"q":3.48,"b":0.0,"ms":0.04,"wi":18.53,"ei":4.75,"as":340.92,"mi":"E","mv":561121,"sc":1,"lpe":99.96,"lpr":109.95,"lq":1.0,"d":1618},{"pi":"17609","pc":"Продукты питания","ss":100000,"td":"Спальный район","dc":1,"n":564.52,"vc":"около 500 000","sl":"Очень высокий","sv":"около 10 000","p":90.0,"q":8.11,"b":0.0,"ms":0.41,"wi":38.51,"ei":4.85,"as":365.3,"mi":"E","mv":2419924,"sc":2,"lpe":99.59,"lpr":136.63,"lq":1.0,"d":2236},{"pi":"17609","pc":"Продукты питания","ss":500,"td":"Окраина","dc":5,"n":125.49,"vc":"более 200","sl":"Нормальный","sv":"менее 50","p":129.93,"q":3.48,"b":0.0,"ms":0.0,"wi":38.51,"ei":4.85,"as":365.3,"mi":"E","mv":2419924,"sc":2,"lpe":99.59,"lpr":136.63,"lq":1.0,"d":2236},{"pi":"17609","pc":"Продукты питания","ss":500,"td":"Центр города","dc":1,"n":17.65,"vc":"более 200","sl":"Элитный","sv":"менее 50","p":175.0,"q":3.48,"b":0.0,"ms":0.0,"wi":54.97,"ei":6.55,"as":534.15,"mi":"E","mv":1332792,"sc":1,"lpe":100.0,"lpr":196.36,"lq":1.0,"d":1278},{"pi":"17609","pc":"Продукты питания","ss":1000,"td":"Фешенебельный район","dc":1,"n":391.0,"vc":"около 500","sl":"Элитный","sv":"около 200","p":310.0,"q":3.48,"b":0.0,"ms":0.05,"wi":80.52,"ei":8.2,"as":766.39,"mi":"E","mv":385139,"sc":1,"lpe":99.95,"lpr":389.67,"lq":1.0,"d":532},{"pi":"17609","pc":"Продукты питания","ss":1000,"td":"Центр города","dc":1,"n":605.9,"vc":"около 10 000","sl":"Низкий","sv":"около 100 000","p":627.36,"q":8.65,"b":0.68,"ms":15.92,"wi":78.65,"ei":6.93,"as":514.15,"mi":"E","mv":517330,"sc":1,"lpe":84.08,"lpr":410.37,"lq":1.1,"d":2980},{"pi":"17609","pc":"Продукты питания","ss":1000,"td":"Центр города","dc":1,"n":416.41,"vc":"около 5 000","sl":"Нормальный","sv":"около 50 000","p":795.89,"q":8.76,"b":1.37,"ms":2.09,"wi":79.27,"ei":12.05,"as":894.85,"mi":"E","mv":1674697,"sc":3,"lpe":95.59,"lpr":549.16,"lq":1.0,"d":6441},{"pi":"17609","pc":"Продукты питания","ss":1000,"td":"Центр города","dc":1,"n":416.41,"vc":"около 5 000","sl":"Нормальный","sv":"около 50 000","p":795.89,"q":8.76,"b":1.37,"ms":2.09,"wi":79.27,"ei":12.05,"as":894.85,"mi":"E","mv":1674697,"sc":3,"lpe":95.59,"lpr":549.16,"lq":1.0,"d":6441},{"pi":"17609","pc":"Продукты питания","ss":1000,"td":"Фешенебельный район","dc":1,"n":507.58,"vc":"более 1 000","sl":"Элитный","sv":"около 5 000","p":841.0,"q":3.0,"b":0.0,"ms":0.23,"wi":79.27,"ei":12.05,"as":894.85,"mi":"E","mv":1674697,"sc":3,"lpe":95.59,"lpr":549.16,"lq":1.0,"d":6441},{"pi":"17609","pc":"Продукты питания","ss":10000,"td":"Центр города","dc":1,"n":511.63,"vc":"около 50 000","sl":"Очень высокий","sv":"около 10 000","p":1000.0,"q":4.9,"b":1.54,"ms":0.65,"wi":108.24,"ei":7.46,"as":1400.18,"mi":"E","mv":1540097,"sc":1,"lpe":99.35,"lpr":878.25,"lq":1.0,"d":1661},{"pi":"17609","pc":"Продукты питания","ss":100000,"td":"Центр города","dc":3,"n":570.36,"vc":"более 200 000","sl":"Высокий","sv":"около 200","p":399.0,"q":3.48,"b":0.0,"ms":0.07,"wi":72.56,"ei":7.0,"as":980.73,"mi":"E","mv":291339,"sc":1,"lpe":99.93,"lpr":464.24,"lq":1.0,"d":612},{"pi":"17609","pc":"Продукты питания","ss":10000,"td":"Центр города","dc":3,"n":76.45,"vc":"более 1 000","sl":"Очень высокий","sv":"около 200","p":214.0,"q":3.48,"b":0.0,"ms":0.04,"wi":7.21,"ei":6.32,"as":140.08,"mi":"E","mv":525334,"sc":1,"lpe":99.96,"lpr":248.15,"lq":1.0,"d":47032},{"pi":"17609","pc":"Продукты питания","ss":500,"td":"Центр города","dc":1,"n":73.47,"vc":"более 100","sl":"Элитный","sv":"около 200","p":250.0,"q":3.48,"b":0.0,"ms":0.03,"wi":37.42,"ei":10.46,"as":633.22,"mi":"E","mv":740197,"sc":1,"lpe":99.97,"lpr":155.11,"lq":1.0,"d":1291}]