[{"pi":"1501","pc":"Продукты питания","ss":500,"td":"Фешенебельный район","dc":3,"n":62.35,"vc":"около 50","sl":"Элитный","sv":"менее 50","p":2.0,"q":1.0,"b":0.0,"ms":0.01,"wi":0.39,"ei":5.5,"as":350.0,"mi":"E","mv":148710,"sc":1,"lpe":99.99,"lpr":3.9,"lq":1.0,"d":600},{"pi":"1501","pc":"Продукты питания","ss":100,"td":"Окраина","dc":1,"n":46.72,"vc":"около 50","sl":"Высокий","sv":"менее 50","p":2.46,"q":1.05,"b":0.0,"ms":0.02,"wi":0.22,"ei":4.34,"as":221.34,"mi":"E","mv":81442,"sc":1,"lpe":99.98,"lpr":2.45,"lq":1.0,"d":568},{"pi":"1501","pc":"Продукты питания","ss":100,"td":"Окраина","dc":1,"n":43.09,"vc":"около 50","sl":"Нормальный","sv":"менее 50","p":1.91,"q":1.05,"b":0.0,"ms":0.01,"wi":0.22,"ei":4.32,"as":180.62,"mi":"E","mv":370748,"sc":1,"lpe":99.99,"lpr":2.02,"lq":1.0,"d":1132},{"pi":"1501","pc":"Продукты питания","ss":500,"td":"Фешенебельный район","dc":1,"n":38.13,"vc":"менее 50","sl":"Элитный","sv":"менее 50","p":1.93,"q":1.05,"b":0.0,"ms":0.0,"wi":0.16,"ei":4.26,"as":141.04,"mi":"E","mv":106886,"sc":1,"lpe":100.0,"lpr":1.76,"lq":1.0,"d":232},{"pi":"1501","pc":"Продукты питания","ss":100,"td":"Центр города","dc":1,"n":46.83,"vc":"более 100","sl":"Низкий","sv":"менее 50","p":13.73,"q":1.05,"b":0.0,"ms":0.0,"wi":1.28,"ei":7.7,"as":1225.0,"mi":"E","mv":266821,"sc":1,"lpe":100.0,"lpr":13.64,"lq":1.0,"d":1356},{"pi":"1501","pc":"Продукты питания","ss":100,"td":"Центр города","dc":1,"n":43.37,"vc":"более 100","sl":"Низкий","sv":"менее 50","p":13.89,"q":1.05,"b":0.0,"ms":0.0,"wi":1.18,"ei":8.6,"as":1300.0,"mi":"E","mv":1596239,"sc":1,"lpe":100.0,"lpr":14.33,"lq":1.0,"d":2719},{"pi":"1501","pc":"Продукты питания","ss":100,"td":"Окраина","dc":1,"n":74.95,"vc":"около 50","sl":"Очень высокий","sv":"менее 50","p":1.62,"q":1.05,"b":0.0,"ms":0.04,"wi":0.15,"ei":3.2,"as":132.44,"mi":"E","mv":40945,"sc":1,"lpe":99.96,"lpr":1.66,"lq":1.0,"d":203}]