[{"pi":"1489","pc":"Продукты питания","ss":500,"td":"Фешенебельный район","dc":3,"n":62.35,"vc":"около 50","sl":"Элитный","sv":"около 50","p":5.0,"q":1.0,"b":0.0,"ms":0.01,"wi":0.39,"ei":5.5,"as":350.0,"mi":"E","mv":589501,"sc":1,"lpe":99.99,"lpr":8.93,"lq":1.0,"d":600},{"pi":"1489","pc":"Продукты питания","ss":100,"td":"Окраина","dc":1,"n":46.72,"vc":"около 50","sl":"Высокий","sv":"около 100","p":6.06,"q":1.05,"b":0.0,"ms":0.03,"wi":0.22,"ei":4.34,"as":221.34,"mi":"E","mv":262933,"sc":1,"lpe":99.97,"lpr":6.1,"lq":1.0,"d":568},{"pi":"1489","pc":"Продукты питания","ss":500,"td":"Спальный район","dc":1,"n":9.93,"vc":"около 100","sl":"Элитный","sv":"менее 50","p":4.15,"q":1.32,"b":0.0,"ms":0.0,"wi":0.12,"ei":2.8,"as":99.67,"mi":"E","mv":132718,"sc":1,"lpe":100.0,"lpr":4.27,"lq":1.0,"d":256},{"pi":"1489","pc":"Продукты питания","ss":100,"td":"Окраина","dc":1,"n":74.95,"vc":"около 50","sl":"Очень высокий","sv":"более 100","p":3.92,"q":1.05,"b":0.0,"ms":0.17,"wi":0.15,"ei":3.2,"as":132.44,"mi":"E","mv":90264,"sc":1,"lpe":99.83,"lpr":5.53,"lq":1.0,"d":203}]