[{"pi":"380004","pc":"Электроника","ss":1000,"td":"Фешенебельный район","dc":1,"n":516.89,"vc":"около 500","sl":"Элитный","sv":"более 100","p":150000.0,"q":34.15,"b":0.04,"ms":1.05,"wi":112.04,"ei":5.7,"as":525.47,"mi":"E","mv":11288,"sc":2,"lpe":98.95,"lpr":41634.32,"lq":1.0,"d":632},{"pi":"380004","pc":"Электроника","ss":1000,"td":"Фешенебельный район","dc":1,"n":566.07,"vc":"более 1 000","sl":"Элитный","sv":"менее 50","p":40000.0,"q":33.59,"b":4.52,"ms":0.01,"wi":112.04,"ei":5.7,"as":525.47,"mi":"E","mv":11288,"sc":2,"lpe":98.95,"lpr":41634.32,"lq":1.0,"d":632},{"pi":"380004","pc":"Электроника","ss":500,"td":"Фешенебельный район","dc":1,"n":691.38,"vc":"около 500","sl":"Очень высокий","sv":"около 200","p":26896.91,"q":43.5,"b":1.86,"ms":3.5,"wi":41.72,"ei":8.52,"as":366.56,"mi":"E","mv":5710,"sc":2,"lpe":94.75,"lpr":9721.96,"lq":1.0,"d":459},{"pi":"380004","pc":"Электроника","ss":1000,"td":"Центр города","dc":1,"n":625.74,"vc":"более 10 000","sl":"Низкий","sv":"около 100","p":50000.0,"q":45.01,"b":6.27,"ms":1.75,"wi":41.72,"ei":8.52,"as":366.56,"mi":"E","mv":5710,"sc":2,"lpe":94.75,"lpr":9721.96,"lq":1.0,"d":459},{"pi":"380004","pc":"Электроника","ss":500,"td":"Фешенебельный район","dc":1,"n":640.21,"vc":"около 500","sl":"Очень высокий","sv":"около 100","p":37326.5,"q":43.5,"b":1.86,"ms":0.89,"wi":33.06,"ei":10.02,"as":247.03,"mi":"E","mv":11183,"sc":1,"lpe":99.11,"lpr":14076.57,"lq":1.0,"d":4689},{"pi":"380004","pc":"Электроника","ss":500,"td":"Фешенебельный район","dc":1,"n":613.32,"vc":"около 500","sl":"Очень высокий","sv":"более 200","p":63602.56,"q":43.5,"b":1.86,"ms":1.46,"wi":75.85,"ei":12.1,"as":729.22,"mi":"E","mv":17172,"sc":3,"lpe":98.21,"lpr":22800.99,"lq":1.0,"d":1235},{"pi":"380004","pc":"Электроника","ss":1000,"td":"Центр города","dc":1,"n":0.0,"vc":"около 500","sl":"Элитный","sv":"около 50","p":80000.0,"q":10.64,"b":0.0,"ms":0.31,"wi":75.85,"ei":12.1,"as":729.22,"mi":"E","mv":17172,"sc":3,"lpe":98.21,"lpr":22800.99,"lq":1.0,"d":1235},{"pi":"380004","pc":"Электроника","ss":1000,"td":"Фешенебельный район","dc":1,"n":479.37,"vc":"более 1 000","sl":"Элитный","sv":"менее 50","p":130000.0,"q":37.15,"b":0.0,"ms":0.02,"wi":75.85,"ei":12.1,"as":729.22,"mi":"E","mv":17172,"sc":3,"lpe":98.21,"lpr":22800.99,"lq":1.0,"d":1235},{"pi":"380004","pc":"Электроника","ss":10000,"td":"Фешенебельный район","dc":2,"n":600.32,"vc":"около 5 000","sl":"Элитный","sv":"более 100","p":79900.0,"q":26.06,"b":0.0,"ms":3.36,"wi":59.58,"ei":5.32,"as":655.26,"mi":"E","mv":4761,"sc":1,"lpe":96.64,"lpr":16928.64,"lq":1.0,"d":422},{"pi":"380004","pc":"Электроника","ss":100000,"td":"Центр города","dc":1,"n":575.56,"vc":"около 1 000 000","sl":"Очень высокий","sv":"около 300","p":72000.0,"q":29.67,"b":0.0,"ms":0.66,"wi":60.32,"ei":7.58,"as":403.37,"mi":"E","mv":45646,"sc":2,"lpe":99.28,"lpr":27199.26,"lq":1.0,"d":2108},{"pi":"380004","pc":"Электроника","ss":100000,"td":"Фешенебельный район","dc":9,"n":675.32,"vc":"около 500 000","sl":"Низкий","sv":"менее 50","p":153798.19,"q":38.72,"b":3.29,"ms":0.06,"wi":60.32,"ei":7.58,"as":403.37,"mi":"E","mv":45646,"sc":2,"lpe":99.28,"lpr":27199.26,"lq":1.0,"d":2108},{"pi":"380004","pc":"Электроника","ss":10000,"td":"Фешенебельный район","dc":2,"n":543.13,"vc":"около 5 000","sl":"Элитный","sv":"менее 50","p":55000.0,"q":10.63,"b":0.0,"ms":0.07,"wi":28.02,"ei":4.53,"as":210.95,"mi":"E","mv":4109,"sc":1,"lpe":99.93,"lpr":8590.35,"lq":1.0,"d":667},{"pi":"380004","pc":"Электроника","ss":100000,"td":"Центр города","dc":1,"n":585.8,"vc":"около 1 000 000","sl":"Высокий","sv":"около 5 000","p":30000.0,"q":43.89,"b":6.03,"ms":6.5,"wi":82.91,"ei":6.91,"as":1080.49,"mi":"E","mv":66379,"sc":5,"lpe":90.91,"lpr":36138.78,"lq":1.0,"d":5342},{"pi":"380004","pc":"Электроника","ss":100000,"td":"Фешенебельный район","dc":1,"n":645.77,"vc":"около 500 000","sl":"Элитный","sv":"более 1 000","p":166800.0,"q":22.14,"b":0.04,"ms":2.27,"wi":82.91,"ei":6.91,"as":1080.49,"mi":"E","mv":66379,"sc":5,"lpe":90.91,"lpr":36138.78,"lq":1.0,"d":5342},{"pi":"380004","pc":"Электроника","ss":100000,"td":"Центр города","dc":2,"n":330.32,"vc":"более 100 000","sl":"Нормальный","sv":"более 100","p":19000.0,"q":27.55,"b":0.18,"ms":0.23,"wi":82.91,"ei":6.91,"as":1080.49,"mi":"E","mv":66379,"sc":5,"lpe":90.91,"lpr":36138.78,"lq":1.0,"d":5342},{"pi":"380004","pc":"Электроника","ss":10000,"td":"Центр города","dc":1,"n":260.05,"vc":"около 10 000","sl":"Элитный","sv":"около 50","p":145000.0,"q":26.93,"b":0.0,"ms":0.09,"wi":82.91,"ei":6.91,"as":1080.49,"mi":"E","mv":66379,"sc":5,"lpe":90.91,"lpr":36138.78,"lq":1.0,"d":5342},{"pi":"380004","pc":"Электроника","ss":100000,"td":"Фешенебельный район","dc":1,"n":682.69,"vc":"около 500 000","sl":"Элитный","sv":"менее 50","p":290000.0,"q":44.18,"b":3.26,"ms":0.0,"wi":82.91,"ei":6.91,"as":1080.49,"mi":"E","mv":66379,"sc":5,"lpe":90.91,"lpr":36138.78,"lq":1.0,"d":5342},{"pi":"380004","pc":"Электроника","ss":100000,"td":"Центр города","dc":1,"n":616.27,"vc":"около 500 000","sl":"Очень высокий","sv":"около 5 000","p":26000.0,"q":52.18,"b":5.95,"ms":30.58,"wi":143.39,"ei":7.29,"as":661.55,"mi":"E","mv":15370,"sc":2,"lpe":69.29,"lpr":19980.83,"lq":6.98,"d":1029},{"pi":"380004","pc":"Электроника","ss":100000,"td":"Спальный район","dc":3,"n":589.79,"vc":"около 500 000","sl":"Нормальный","sv":"менее 50","p":99244.23,"q":23.38,"b":3.92,"ms":0.13,"wi":143.39,"ei":7.29,"as":661.55,"mi":"E","mv":15370,"sc":2,"lpe":69.29,"lpr":19980.83,"lq":6.98,"d":1029},{"pi":"380004","pc":"Электроника","ss":100000,"td":"Центр города","dc":1,"n":597.69,"vc":"около 500 000","sl":"Очень высокий","sv":"около 5 000","p":26000.0,"q":52.18,"b":5.95,"ms":16.46,"wi":91.16,"ei":12.05,"as":819.44,"mi":"E","mv":22011,"sc":2,"lpe":83.54,"lpr":21831.28,"lq":7.94,"d":1294},{"pi":"380004","pc":"Электроника","ss":10000,"td":"Спальный район","dc":1,"n":496.56,"vc":"более 20 000","sl":"Элитный","sv":"менее 50","p":129000.0,"q":23.34,"b":3.92,"ms":0.0,"wi":91.16,"ei":12.05,"as":819.44,"mi":"E","mv":22011,"sc":2,"lpe":83.54,"lpr":21831.28,"lq":7.94,"d":1294},{"pi":"380004","pc":"Электроника","ss":100000,"td":"Центр города","dc":1,"n":491.05,"vc":"более 200 000","sl":"Элитный","sv":"около 1 000","p":100000.0,"q":33.59,"b":4.73,"ms":6.65,"wi":100.48,"ei":8.99,"as":853.23,"mi":"E","mv":11271,"sc":2,"lpe":91.78,"lpr":29913.18,"lq":1.0,"d":708},{"pi":"380004","pc":"Электроника","ss":100000,"td":"Фешенебельный район","dc":1,"n":718.26,"vc":"более 300 000","sl":"Элитный","sv":"более 100","p":137500.0,"q":10.69,"b":0.0,"ms":1.56,"wi":100.48,"ei":8.99,"as":853.23,"mi":"E","mv":11271,"sc":2,"lpe":91.78,"lpr":29913.18,"lq":1.0,"d":708},{"pi":"380004","pc":"Электроника","ss":100000,"td":"Центр города","dc":1,"n":684.64,"vc":"более 1 000 000","sl":"Высокий","sv":"около 500","p":70000.0,"q":35.39,"b":0.0,"ms":6.37,"wi":78.18,"ei":10.65,"as":989.97,"mi":"E","mv":7305,"sc":1,"lpe":93.63,"lpr":19295.55,"lq":1.0,"d":709},{"pi":"380004","pc":"Электроника","ss":10000,"td":"Фешенебельный район","dc":1,"n":645.77,"vc":"более 10 000","sl":"Элитный","sv":"менее 50","p":206129.11,"q":20.99,"b":0.05,"ms":0.0,"wi":59.46,"ei":5.22,"as":274.68,"mi":"E","mv":49645,"sc":1,"lpe":99.99,"lpr":20562.57,"lq":1.0,"d":2794},{"pi":"380004","pc":"Электроника","ss":10000,"td":"Центр города","dc":1,"n":576.83,"vc":"около 50 000","sl":"Очень высокий","sv":"более 200","p":25000.0,"q":23.66,"b":0.61,"ms":11.58,"wi":24.38,"ei":4.86,"as":316.4,"mi":"E","mv":1866,"sc":2,"lpe":83.07,"lpr":4549.54,"lq":1.62,"d":580},{"pi":"380004","pc":"Электроника","ss":500,"td":"Фешенебельный район","dc":1,"n":696.78,"vc":"около 500","sl":"Очень высокий","sv":"около 100","p":10733.15,"q":43.11,"b":2.89,"ms":5.36,"wi":24.38,"ei":4.86,"as":316.4,"mi":"E","mv":1866,"sc":2,"lpe":83.07,"lpr":4549.54,"lq":1.62,"d":580},{"pi":"380004","pc":"Электроника","ss":10000,"td":"Центр города","dc":1,"n":570.42,"vc":"более 20 000","sl":"Элитный","sv":"около 500","p":25000.0,"q":23.65,"b":0.61,"ms":17.52,"wi":29.22,"ei":5.0,"as":399.08,"mi":"E","mv":1964,"sc":1,"lpe":82.48,"lpr":4431.67,"lq":1.56,"d":596},{"pi":"380004","pc":"Электроника","ss":100000,"td":"Фешенебельный район","dc":2,"n":702.4,"vc":"более 100 000","sl":"Элитный","sv":"около 200","p":13404.88,"q":43.11,"b":1.41,"ms":22.99,"wi":43.53,"ei":6.61,"as":378.09,"mi":"E","mv":870,"sc":1,"lpe":77.01,"lpr":6031.88,"lq":2.01,"d":307},{"pi":"380004","pc":"Электроника","ss":100000,"td":"Центр города","dc":10,"n":673.0,"vc":"более 1 000 000","sl":"Очень низкий","sv":"менее 50","p":94542.32,"q":39.45,"b":4.23,"ms":0.07,"wi":8.4,"ei":4.77,"as":178.57,"mi":"E","mv":1421,"sc":1,"lpe":99.93,"lpr":10085.75,"lq":1.0,"d":2751},{"pi":"380004","pc":"Электроника","ss":100000,"td":"Фешенебельный район","dc":1,"n":585.7,"vc":"более 100 000","sl":"Элитный","sv":"около 500","p":21292.99,"q":43.11,"b":0.95,"ms":1.74,"wi":37.55,"ei":6.21,"as":298.77,"mi":"E","mv":28729,"sc":3,"lpe":98.13,"lpr":12351.72,"lq":1.0,"d":3530},{"pi":"380004","pc":"Электроника","ss":100000,"td":"Фешенебельный район","dc":1,"n":624.39,"vc":"более 100 000","sl":"Очень высокий","sv":"около 50","p":70000.0,"q":15.79,"b":0.0,"ms":0.13,"wi":37.55,"ei":6.21,"as":298.77,"mi":"E","mv":28729,"sc":3,"lpe":98.13,"lpr":12351.72,"lq":1.0,"d":3530},{"pi":"380004","pc":"Электроника","ss":100000,"td":"Центр города","dc":10,"n":663.63,"vc":"более 2 000 000","sl":"Очень низкий","sv":"менее 50","p":88202.18,"q":39.28,"b":4.23,"ms":0.0,"wi":37.55,"ei":6.21,"as":298.77,"mi":"E","mv":28729,"sc":3,"lpe":98.13,"lpr":12351.72,"lq":1.0,"d":3530},{"pi":"380004","pc":"Электроника","ss":100000,"td":"Фешенебельный район","dc":1,"n":613.85,"vc":"более 100 000","sl":"Элитный","sv":"более 1 000","p":110000.0,"q":24.07,"b":0.0,"ms":3.66,"wi":74.13,"ei":6.14,"as":484.11,"mi":"E","mv":46421,"sc":3,"lpe":96.32,"lpr":27125.63,"lq":1.0,"d":2838},{"pi":"380004","pc":"Электроника","ss":100000,"td":"Фешенебельный район","dc":1,"n":645.77,"vc":"более 200 000","sl":"Элитный","sv":"менее 50","p":229100.0,"q":23.67,"b":0.1,"ms":0.01,"wi":74.13,"ei":6.14,"as":484.11,"mi":"E","mv":46421,"sc":3,"lpe":96.32,"lpr":27125.63,"lq":1.0,"d":2838},{"pi":"380004","pc":"Электроника","ss":100000,"td":"Фешенебельный район","dc":1,"n":692.0,"vc":"около 500 000","sl":"Элитный","sv":"менее 50","p":276000.0,"q":44.05,"b":3.26,"ms":0.0,"wi":74.13,"ei":6.14,"as":484.11,"mi":"E","mv":46421,"sc":3,"lpe":96.32,"lpr":27125.63,"lq":1.0,"d":2838},{"pi":"380004","pc":"Электроника","ss":100000,"td":"Фешенебельный район","dc":1,"n":645.77,"vc":"более 200 000","sl":"Элитный","sv":"менее 50","p":184500.0,"q":20.46,"b":0.05,"ms":0.0,"wi":65.25,"ei":7.61,"as":597.75,"mi":"E","mv":37201,"sc":1,"lpe":99.99,"lpr":20085.59,"lq":1.0,"d":2865},{"pi":"380004","pc":"Электроника","ss":100000,"td":"Центр города","dc":1,"n":488.49,"vc":"около 500 000","sl":"Элитный","sv":"более 100","p":65000.0,"q":34.15,"b":0.0,"ms":0.45,"wi":52.19,"ei":7.34,"as":456.45,"mi":"E","mv":26091,"sc":1,"lpe":99.55,"lpr":14111.37,"lq":1.0,"d":1836},{"pi":"380004","pc":"Электроника","ss":100000,"td":"Фешенебельный район","dc":1,"n":639.62,"vc":"более 100 000","sl":"Очень высокий","sv":"около 500","p":100000.0,"q":24.07,"b":0.0,"ms":2.41,"wi":61.68,"ei":6.38,"as":682.97,"mi":"E","mv":14513,"sc":1,"lpe":97.59,"lpr":28082.37,"lq":1.0,"d":1923},{"pi":"380004","pc":"Электроника","ss":100000,"td":"Центр города","dc":1,"n":548.6,"vc":"около 500 000","sl":"Очень высокий","sv":"около 5 000","p":26000.0,"q":52.18,"b":5.95,"ms":17.41,"wi":164.51,"ei":10.67,"as":1516.17,"mi":"E","mv":33886,"sc":4,"lpe":65.33,"lpr":25005.52,"lq":11.47,"d":1885},{"pi":"380004","pc":"Электроника","ss":100000,"td":"Центр города","dc":1,"n":682.78,"vc":"более 2 000 000","sl":"Низкий","sv":"около 5 000","p":50000.0,"q":52.97,"b":5.38,"ms":14.76,"wi":164.51,"ei":10.67,"as":1516.17,"mi":"E","mv":33886,"sc":4,"lpe":65.33,"lpr":25005.52,"lq":11.47,"d":1885},{"pi":"380004","pc":"Электроника","ss":100000,"td":"Центр города","dc":1,"n":573.91,"vc":"около 1 000 000","sl":"Очень высокий","sv":"около 1 000","p":55000.0,"q":47.05,"b":5.87,"ms":2.49,"wi":164.51,"ei":10.67,"as":1516.17,"mi":"E","mv":33886,"sc":4,"lpe":65.33,"lpr":25005.52,"lq":11.47,"d":1885},{"pi":"380004","pc":"Электроника","ss":1000,"td":"Центр города","dc":2,"n":104.71,"vc":"около 1 000","sl":"Очень высокий","sv":"менее 50","p":19000.0,"q":5.29,"b":0.0,"ms":0.01,"wi":164.51,"ei":10.67,"as":1516.17,"mi":"E","mv":33886,"sc":4,"lpe":65.33,"lpr":25005.52,"lq":11.47,"d":1885},{"pi":"380004","pc":"Электроника","ss":500,"td":"Фешенебельный район","dc":1,"n":628.22,"vc":"около 500","sl":"Высокий","sv":"около 500","p":58232.84,"q":43.3,"b":2.7,"ms":1.86,"wi":61.55,"ei":11.03,"as":913.67,"mi":"E","mv":32618,"sc":1,"lpe":98.14,"lpr":21060.75,"lq":1.0,"d":12392},{"pi":"380004","pc":"Электроника","ss":500,"td":"Фешенебельный район","dc":1,"n":694.47,"vc":"около 500","sl":"Очень высокий","sv":"около 100","p":17282.07,"q":43.5,"b":2.7,"ms":1.58,"wi":25.95,"ei":5.33,"as":485.38,"mi":"E","mv":6337,"sc":2,"lpe":82.64,"lpr":6122.96,"lq":1.28,"d":3176},{"pi":"380004","pc":"Электроника","ss":500,"td":"Фешенебельный район","dc":1,"n":688.89,"vc":"около 500","sl":"Элитный","sv":"около 100","p":38674.96,"q":43.5,"b":2.7,"ms":2.14,"wi":24.94,"ei":11.06,"as":782.89,"mi":"E","mv":4664,"sc":2,"lpe":95.71,"lpr":16187.78,"lq":1.0,"d":5728},{"pi":"380004","pc":"Электроника","ss":1000,"td":"Фешенебельный район","dc":1,"n":583.04,"vc":"более 1 000","sl":"Элитный","sv":"около 100","p":30000.0,"q":45.01,"b":5.65,"ms":2.14,"wi":24.94,"ei":11.06,"as":782.89,"mi":"E","mv":4664,"sc":2,"lpe":95.71,"lpr":16187.78,"lq":1.0,"d":5728},{"pi":"380004","pc":"Электроника","ss":100000,"td":"Центр города","dc":2,"n":534.3,"vc":"более 300 000","sl":"Нормальный","sv":"менее 50","p":90000.0,"q":19.77,"b":0.0,"ms":0.02,"wi":72.41,"ei":6.56,"as":684.14,"mi":"E","mv":4036,"sc":1,"lpe":99.98,"lpr":15655.73,"lq":1.0,"d":397},{"pi":"380004","pc":"Электроника","ss":10000,"td":"Фешенебельный район","dc":1,"n":440.51,"vc":"около 5 000","sl":"Элитный","sv":"менее 50","p":85000.0,"q":44.49,"b":0.0,"ms":0.01,"wi":41.97,"ei":4.43,"as":182.26,"mi":"E","mv":32445,"sc":1,"lpe":99.99,"lpr":11730.55,"lq":1.0,"d":1812},{"pi":"380004","pc":"Электроника","ss":100000,"td":"Центр города","dc":3,"n":427.52,"vc":"более 100 000","sl":"Элитный","sv":"около 1 000","p":2999.92,"q":40.44,"b":0.0,"ms":24.95,"wi":7.36,"ei":4.12,"as":161.41,"mi":"E","mv":3206,"sc":1,"lpe":75.05,"lpr":2125.1,"lq":1.0,"d":4029},{"pi":"380004","pc":"Электроника","ss":100000,"td":"Фешенебельный район","dc":1,"n":662.5,"vc":"более 200 000","sl":"Элитный","sv":"более 1 000","p":81000.0,"q":51.81,"b":3.6,"ms":2.52,"wi":41.76,"ei":8.78,"as":296.55,"mi":"E","mv":47614,"sc":2,"lpe":97.48,"lpr":12351.94,"lq":1.0,"d":4441},{"pi":"380004","pc":"Электроника","ss":100000,"td":"Фешенебельный район","dc":9,"n":380.44,"vc":"более 20 000","sl":"Очень высокий","sv":"менее 50","p":95000.0,"q":37.08,"b":3.59,"ms":0.01,"wi":41.76,"ei":8.78,"as":296.55,"mi":"E","mv":47614,"sc":2,"lpe":97.48,"lpr":12351.94,"lq":1.0,"d":4441},{"pi":"380004","pc":"Электроника","ss":100000,"td":"Фешенебельный район","dc":5,"n":694.69,"vc":"более 100 000","sl":"Высокий","sv":"более 100","p":15684.17,"q":43.11,"b":1.73,"ms":4.39,"wi":42.38,"ei":5.57,"as":567.91,"mi":"E","mv":4096,"sc":1,"lpe":95.61,"lpr":8978.92,"lq":1.0,"d":452},{"pi":"380004","pc":"Электроника","ss":100000,"td":"Фешенебельный район","dc":1,"n":739.66,"vc":"более 200 000","sl":"Элитный","sv":"около 50","p":132500.0,"q":17.36,"b":0.0,"ms":1.22,"wi":74.46,"ei":10.04,"as":1361.71,"mi":"E","mv":5068,"sc":1,"lpe":98.78,"lpr":28935.19,"lq":1.0,"d":541},{"pi":"380004","pc":"Электроника","ss":100000,"td":"Центр города","dc":1,"n":527.71,"vc":"более 200 000","sl":"Нормальный","sv":"около 50","p":100000.0,"q":33.49,"b":4.73,"ms":1.08,"wi":60.58,"ei":10.27,"as":1004.55,"mi":"E","mv":5464,"sc":1,"lpe":98.92,"lpr":24839.26,"lq":1.0,"d":950},{"pi":"380004","pc":"Электроника","ss":10000,"td":"Фешенебельный район","dc":1,"n":539.79,"vc":"около 5 000","sl":"Элитный","sv":"более 100","p":83500.0,"q":23.85,"b":0.0,"ms":1.88,"wi":86.42,"ei":8.91,"as":872.27,"mi":"E","mv":6012,"sc":1,"lpe":98.12,"lpr":29300.84,"lq":1.0,"d":416},{"pi":"380004","pc":"Электроника","ss":100000,"td":"Центр города","dc":1,"n":371.9,"vc":"более 100 000","sl":"Элитный","sv":"более 1 000","p":48200.0,"q":23.82,"b":0.01,"ms":6.94,"wi":31.11,"ei":15.07,"as":449.38,"mi":"E","mv":21857,"sc":1,"lpe":93.06,"lpr":13876.04,"lq":1.0,"d":4857},{"pi":"380004","pc":"Электроника","ss":100000,"td":"Центр города","dc":1,"n":545.49,"vc":"около 500 000","sl":"Очень высокий","sv":"более 1 000","p":100000.0,"q":26.37,"b":0.0,"ms":3.32,"wi":57.77,"ei":9.84,"as":399.03,"mi":"E","mv":42374,"sc":3,"lpe":94.01,"lpr":35235.24,"lq":1.0,"d":3316},{"pi":"380004","pc":"Электроника","ss":100000,"td":"Центр города","dc":4,"n":409.16,"vc":"более 100 000","sl":"Очень высокий","sv":"более 1 000","p":151000.0,"q":27.22,"b":0.0,"ms":2.49,"wi":57.77,"ei":9.84,"as":399.03,"mi":"E","mv":42374,"sc":3,"lpe":94.01,"lpr":35235.24,"lq":1.0,"d":3316},{"pi":"380004","pc":"Электроника","ss":100000,"td":"Фешенебельный район","dc":1,"n":682.99,"vc":"около 500 000","sl":"Элитный","sv":"около 100","p":292000.0,"q":44.24,"b":3.65,"ms":0.19,"wi":57.77,"ei":9.84,"as":399.03,"mi":"E","mv":42374,"sc":3,"lpe":94.01,"lpr":35235.24,"lq":1.0,"d":3316},{"pi":"380004","pc":"Электроника","ss":100000,"td":"Центр города","dc":2,"n":465.7,"vc":"более 200 000","sl":"Элитный","sv":"более 100","p":95000.0,"q":25.67,"b":0.0,"ms":1.91,"wi":37.38,"ei":4.52,"as":259.04,"mi":"E","mv":5503,"sc":2,"lpe":97.91,"lpr":24862.45,"lq":1.0,"d":1657},{"pi":"380004","pc":"Электроника","ss":100000,"td":"Фешенебельный район","dc":5,"n":480.22,"vc":"более 30 000","sl":"Элитный","sv":"менее 50","p":74000.0,"q":24.07,"b":0.0,"ms":0.18,"wi":37.38,"ei":4.52,"as":259.04,"mi":"E","mv":5503,"sc":2,"lpe":97.91,"lpr":24862.45,"lq":1.0,"d":1657},{"pi":"380004","pc":"Электроника","ss":100000,"td":"Центр города","dc":1,"n":609.94,"vc":"около 500 000","sl":"Очень высокий","sv":"менее 50","p":180000.0,"q":22.66,"b":0.0,"ms":0.07,"wi":93.35,"ei":7.05,"as":574.67,"mi":"E","mv":5701,"sc":2,"lpe":99.91,"lpr":35303.17,"lq":1.0,"d":533},{"pi":"380004","pc":"Электроника","ss":10000,"td":"Центр города","dc":1,"n":221.63,"vc":"более 2 000","sl":"Элитный","sv":"менее 50","p":130000.0,"q":26.03,"b":0.0,"ms":0.02,"wi":93.35,"ei":7.05,"as":574.67,"mi":"E","mv":5701,"sc":2,"lpe":99.91,"lpr":35303.17,"lq":1.0,"d":533},{"pi":"380004","pc":"Электроника","ss":500,"td":"Фешенебельный район","dc":1,"n":731.5,"vc":"более 200","sl":"Элитный","sv":"менее 50","p":27054.7,"q":43.5,"b":4.16,"ms":10.53,"wi":34.04,"ei":8.95,"as":849.54,"mi":"E","mv":190,"sc":1,"lpe":89.47,"lpr":15166.24,"lq":4.99,"d":222},{"pi":"380004","pc":"Электроника","ss":100000,"td":"Фешенебельный район","dc":1,"n":683.24,"vc":"более 200 000","sl":"Элитный","sv":"более 1 000","p":64000.0,"q":51.92,"b":4.04,"ms":4.63,"wi":73.51,"ei":5.78,"as":394.18,"mi":"E","mv":31711,"sc":1,"lpe":95.37,"lpr":12805.61,"lq":1.0,"d":1203},{"pi":"380004","pc":"Электроника","ss":100000,"td":"Фешенебельный район","dc":1,"n":645.77,"vc":"более 200 000","sl":"Элитный","sv":"более 1 000","p":168200.0,"q":26.19,"b":0.0,"ms":4.21,"wi":101.91,"ei":5.55,"as":756.37,"mi":"E","mv":35125,"sc":3,"lpe":95.62,"lpr":45416.76,"lq":1.0,"d":2460},{"pi":"380004","pc":"Электроника","ss":100000,"td":"Центр города","dc":1,"n":294.56,"vc":"около 50 000","sl":"Элитный","sv":"около 50","p":155900.0,"q":26.87,"b":0.0,"ms":0.16,"wi":101.91,"ei":5.55,"as":756.37,"mi":"E","mv":35125,"sc":3,"lpe":95.62,"lpr":45416.76,"lq":1.0,"d":2460},{"pi":"380004","pc":"Электроника","ss":100000,"td":"Фешенебельный район","dc":1,"n":699.16,"vc":"около 500 000","sl":"Элитный","sv":"менее 50","p":328000.0,"q":44.05,"b":3.92,"ms":0.0,"wi":101.91,"ei":5.55,"as":756.37,"mi":"E","mv":35125,"sc":3,"lpe":95.62,"lpr":45416.76,"lq":1.0,"d":2460},{"pi":"380004","pc":"Электроника","ss":100000,"td":"Фешенебельный район","dc":2,"n":715.56,"vc":"более 100 000","sl":"Очень высокий","sv":"около 200","p":2015.07,"q":43.11,"b":2.79,"ms":15.67,"wi":15.58,"ei":7.92,"as":412.76,"mi":"E","mv":1276,"sc":1,"lpe":84.33,"lpr":783.85,"lq":1.07,"d":337},{"pi":"380004","pc":"Электроника","ss":1000,"td":"Фешенебельный район","dc":1,"n":416.07,"vc":"около 1 000","sl":"Элитный","sv":"около 200","p":30000.0,"q":45.01,"b":5.52,"ms":0.55,"wi":63.62,"ei":6.37,"as":335.74,"mi":"E","mv":36183,"sc":1,"lpe":99.45,"lpr":17280.4,"lq":1.0,"d":2140},{"pi":"380004","pc":"Электроника","ss":1000,"td":"Фешенебельный район","dc":1,"n":552.81,"vc":"более 1 000","sl":"Элитный","sv":"около 50","p":15000.0,"q":45.01,"b":5.52,"ms":0.22,"wi":24.66,"ei":8.47,"as":192.56,"mi":"E","mv":22662,"sc":1,"lpe":99.78,"lpr":5369.68,"lq":1.0,"d":5338},{"pi":"380004","pc":"Электроника","ss":100000,"td":"Фешенебельный район","dc":1,"n":664.54,"vc":"более 200 000","sl":"Элитный","sv":"более 2 000","p":60000.0,"q":51.85,"b":4.04,"ms":8.89,"wi":80.2,"ei":6.07,"as":814.94,"mi":"E","mv":26424,"sc":1,"lpe":91.11,"lpr":12956.04,"lq":1.0,"d":1730},{"pi":"380004","pc":"Электроника","ss":100000,"td":"Центр города","dc":1,"n":582.41,"vc":"более 1 000 000","sl":"Высокий","sv":"более 10 000","p":30000.0,"q":44.51,"b":4.67,"ms":11.83,"wi":105.21,"ei":13.87,"as":803.35,"mi":"E","mv":137108,"sc":4,"lpe":88.11,"lpr":52762.18,"lq":1.84,"d":9315},{"pi":"380004","pc":"Электроника","ss":100000,"td":"Центр города","dc":1,"n":394.57,"vc":"более 200 000","sl":"Элитный","sv":"около 100","p":250000.0,"q":42.35,"b":2.77,"ms":0.05,"wi":105.21,"ei":13.87,"as":803.35,"mi":"E","mv":137108,"sc":4,"lpe":88.11,"lpr":52762.18,"lq":1.84,"d":9315},{"pi":"380004","pc":"Электроника","ss":100000,"td":"Фешенебельный район","dc":1,"n":662.32,"vc":"около 500 000","sl":"Очень высокий","sv":"менее 50","p":333000.0,"q":44.24,"b":2.87,"ms":0.0,"wi":105.21,"ei":13.87,"as":803.35,"mi":"E","mv":137108,"sc":4,"lpe":88.11,"lpr":52762.18,"lq":1.84,"d":9315},{"pi":"380004","pc":"Электроника","ss":100000,"td":"Фешенебельный район","dc":1,"n":662.32,"vc":"около 500 000","sl":"Очень высокий","sv":"менее 50","p":333000.0,"q":44.24,"b":2.87,"ms":0.0,"wi":105.21,"ei":13.87,"as":803.35,"mi":"E","mv":137108,"sc":4,"lpe":88.11,"lpr":52762.18,"lq":1.84,"d":9315},{"pi":"380004","pc":"Электроника","ss":100000,"td":"Фешенебельный район","dc":1,"n":644.4,"vc":"около 500 000","sl":"Элитный","sv":"более 1 000","p":110000.0,"q":51.82,"b":3.17,"ms":1.49,"wi":57.42,"ei":5.96,"as":448.87,"mi":"E","mv":93686,"sc":2,"lpe":97.65,"lpr":17128.45,"lq":1.0,"d":5974},{"pi":"380004","pc":"Электроника","ss":10000,"td":"Центр города","dc":2,"n":293.64,"vc":"более 10 000","sl":"Элитный","sv":"около 1 000","p":4999.94,"q":40.44,"b":0.0,"ms":0.85,"wi":57.42,"ei":5.96,"as":448.87,"mi":"E","mv":93686,"sc":2,"lpe":97.65,"lpr":17128.45,"lq":1.0,"d":5974},{"pi":"380004","pc":"Электроника","ss":100000,"td":"Фешенебельный район","dc":1,"n":685.72,"vc":"около 500 000","sl":"Очень высокий","sv":"около 500","p":333000.0,"q":44.24,"b":2.87,"ms":0.52,"wi":89.8,"ei":6.71,"as":470.88,"mi":"E","mv":79893,"sc":2,"lpe":99.46,"lpr":56338.45,"lq":1.0,"d":4994},{"pi":"380004","pc":"Электроника","ss":100000,"td":"Центр города","dc":1,"n":349.6,"vc":"около 100 000","sl":"Элитный","sv":"менее 50","p":18000.0,"q":33.59,"b":1.13,"ms":0.01,"wi":89.8,"ei":6.71,"as":470.88,"mi":"E","mv":79893,"sc":2,"lpe":99.46,"lpr":56338.45,"lq":1.0,"d":4994},{"pi":"380004","pc":"Электроника","ss":10000,"td":"Центр города","dc":1,"n":226.91,"vc":"более 3 000","sl":"Элитный","sv":"менее 50","p":180000.0,"q":26.68,"b":0.0,"ms":0.03,"wi":108.54,"ei":6.2,"as":659.98,"mi":"E","mv":5965,"sc":1,"lpe":99.95,"lpr":49690.42,"lq":1.0,"d":628},{"pi":"380004","pc":"Электроника","ss":500,"td":"Фешенебельный район","dc":1,"n":717.89,"vc":"более 200","sl":"Элитный","sv":"около 50","p":32498.41,"q":32.29,"b":4.16,"ms":4.82,"wi":57.24,"ei":8.33,"as":1106.11,"mi":"E","mv":1038,"sc":1,"lpe":95.18,"lpr":13425.76,"lq":1.0,"d":892},{"pi":"380004","pc":"Электроника","ss":500,"td":"Фешенебельный район","dc":1,"n":700.74,"vc":"около 500","sl":"Элитный","sv":"около 200","p":32585.77,"q":43.5,"b":4.16,"ms":6.82,"wi":64.91,"ei":10.23,"as":1395.94,"mi":"E","mv":2931,"sc":1,"lpe":93.18,"lpr":21673.05,"lq":1.0,"d":185},{"pi":"380004","pc":"Электроника","ss":100000,"td":"Центр города","dc":1,"n":638.78,"vc":"более 2 000 000","sl":"Нормальный","sv":"около 5 000","p":30000.0,"q":46.28,"b":5.41,"ms":9.49,"wi":61.93,"ei":9.19,"as":614.3,"mi":"E","mv":66621,"sc":1,"lpe":90.51,"lpr":27686.93,"lq":1.0,"d":4618},{"pi":"380004","pc":"Электроника","ss":100000,"td":"Фешенебельный район","dc":4,"n":473.02,"vc":"около 50 000","sl":"Элитный","sv":"менее 50","p":60000.0,"q":35.17,"b":0.18,"ms":0.01,"wi":23.05,"ei":6.02,"as":252.1,"mi":"E","mv":10336,"sc":1,"lpe":99.99,"lpr":6959.42,"lq":1.0,"d":1240},{"pi":"380004","pc":"Электроника","ss":1000,"td":"Фешенебельный район","dc":1,"n":449.92,"vc":"около 500","sl":"Элитный","sv":"менее 50","p":15000.0,"q":27.55,"b":4.37,"ms":0.06,"wi":9.17,"ei":6.9,"as":289.66,"mi":"E","mv":1609,"sc":1,"lpe":99.94,"lpr":3034.4,"lq":1.0,"d":1435},{"pi":"380004","pc":"Электроника","ss":100000,"td":"Центр города","dc":8,"n":686.25,"vc":"около 1 000 000","sl":"Очень низкий","sv":"менее 50","p":124214.0,"q":27.06,"b":0.0,"ms":0.21,"wi":50.57,"ei":6.85,"as":545.07,"mi":"E","mv":2835,"sc":1,"lpe":99.79,"lpr":30595.81,"lq":1.0,"d":676},{"pi":"380004","pc":"Электроника","ss":100000,"td":"Фешенебельный район","dc":5,"n":691.35,"vc":"более 200 000","sl":"Высокий","sv":"около 50","p":23529.8,"q":43.11,"b":2.36,"ms":0.43,"wi":43.27,"ei":5.67,"as":599.6,"mi":"E","mv":11733,"sc":1,"lpe":99.57,"lpr":14553.99,"lq":1.0,"d":1065},{"pi":"380004","pc":"Электроника","ss":100000,"td":"Центр города","dc":1,"n":653.77,"vc":"более 1 000 000","sl":"Высокий","sv":"более 1 000","p":45000.0,"q":31.86,"b":5.17,"ms":5.83,"wi":61.21,"ei":5.85,"as":457.01,"mi":"E","mv":17473,"sc":1,"lpe":94.17,"lpr":10335.55,"lq":1.0,"d":773},{"pi":"380004","pc":"Электроника","ss":100000,"td":"Фешенебельный район","dc":1,"n":701.64,"vc":"более 100 000","sl":"Высокий","sv":"около 50","p":15405.69,"q":43.11,"b":2.79,"ms":2.7,"wi":29.44,"ei":9.64,"as":513.1,"mi":"E","mv":1479,"sc":1,"lpe":97.3,"lpr":6406.41,"lq":1.0,"d":640},{"pi":"380004","pc":"Электроника","ss":100000,"td":"Фешенебельный район","dc":1,"n":650.23,"vc":"более 200 000","sl":"Элитный","sv":"более 2 000","p":63000.0,"q":51.82,"b":3.91,"ms":14.14,"wi":109.75,"ei":5.99,"as":977.93,"mi":"E","mv":15871,"sc":1,"lpe":85.86,"lpr":15002.66,"lq":3.74,"d":1102},{"pi":"380004","pc":"Электроника","ss":100000,"td":"Центр города","dc":1,"n":380.23,"vc":"более 100 000","sl":"Элитный","sv":"около 500","p":25000.0,"q":24.07,"b":0.62,"ms":1.53,"wi":48.55,"ei":13.47,"as":398.49,"mi":"E","mv":39279,"sc":2,"lpe":97.63,"lpr":15547.17,"lq":1.0,"d":2831},{"pi":"380004","pc":"Электроника","ss":100000,"td":"Фешенебельный район","dc":1,"n":647.57,"vc":"более 200 000","sl":"Элитный","sv":"около 500","p":82000.0,"q":51.82,"b":3.59,"ms":0.84,"wi":48.55,"ei":13.47,"as":398.49,"mi":"E","mv":39279,"sc":2,"lpe":97.63,"lpr":15547.17,"lq":1.0,"d":2831},{"pi":"380004","pc":"Электроника","ss":100000,"td":"Центр города","dc":1,"n":393.11,"vc":"более 100 000","sl":"Элитный","sv":"около 500","p":25000.0,"q":24.07,"b":0.62,"ms":4.71,"wi":14.14,"ei":9.49,"as":277.36,"mi":"E","mv":8501,"sc":1,"lpe":95.29,"lpr":6690.25,"lq":1.0,"d":2826},{"pi":"380004","pc":"Электроника","ss":100000,"td":"Центр города","dc":1,"n":382.51,"vc":"более 100 000","sl":"Элитный","sv":"около 500","p":25000.0,"q":24.07,"b":0.62,"ms":2.61,"wi":21.66,"ei":13.94,"as":274.27,"mi":"E","mv":22958,"sc":1,"lpe":97.39,"lpr":11510.69,"lq":1.0,"d":6021},{"pi":"380004","pc":"Электроника","ss":100000,"td":"Фешенебельный район","dc":1,"n":692.65,"vc":"около 500 000","sl":"Элитный","sv":"около 2 000","p":20000.0,"q":44.77,"b":6.02,"ms":13.07,"wi":30.42,"ei":13.36,"as":350.27,"mi":"E","mv":15306,"sc":2,"lpe":83.01,"lpr":11990.37,"lq":1.84,"d":3072},{"pi":"380004","pc":"Электроника","ss":100000,"td":"Центр города","dc":1,"n":387.7,"vc":"более 100 000","sl":"Элитный","sv":"около 500","p":25000.0,"q":24.07,"b":0.62,"ms":3.92,"wi":30.42,"ei":13.36,"as":350.27,"mi":"E","mv":15306,"sc":2,"lpe":83.01,"lpr":11990.37,"lq":1.84,"d":3072},{"pi":"380004","pc":"Электроника","ss":100000,"td":"Центр города","dc":1,"n":415.45,"vc":"более 100 000","sl":"Очень высокий","sv":"около 300","p":25000.0,"q":24.07,"b":0.62,"ms":5.74,"wi":10.64,"ei":4.62,"as":250.59,"mi":"E","mv":5223,"sc":1,"lpe":94.26,"lpr":6928.06,"lq":1.0,"d":3952},{"pi":"380004","pc":"Электроника","ss":100000,"td":"Фешенебельный район","dc":1,"n":705.86,"vc":"более 100 000","sl":"Элитный","sv":"более 200","p":370000.0,"q":44.24,"b":3.66,"ms":2.68,"wi":153.98,"ei":9.67,"as":1800.45,"mi":"E","mv":8745,"sc":5,"lpe":92.09,"lpr":94282.48,"lq":2.88,"d":853},{"pi":"380004","pc":"Электроника","ss":100000,"td":"Фешенебельный район","dc":1,"n":714.12,"vc":"более 100 000","sl":"Элитный","sv":"более 200","p":370000.0,"q":44.24,"b":3.66,"ms":2.54,"wi":153.98,"ei":9.67,"as":1800.45,"mi":"E","mv":8745,"sc":5,"lpe":92.09,"lpr":94282.48,"lq":2.88,"d":853},{"pi":"380004","pc":"Электроника","ss":100000,"td":"Центр города","dc":1,"n":489.46,"vc":"более 100 000","sl":"Элитный","sv":"более 100","p":180000.0,"q":34.15,"b":0.0,"ms":1.35,"wi":153.98,"ei":9.67,"as":1800.45,"mi":"E","mv":8745,"sc":5,"lpe":92.09,"lpr":94282.48,"lq":2.88,"d":853},{"pi":"380004","pc":"Электроника","ss":10000,"td":"Фешенебельный район","dc":1,"n":645.77,"vc":"более 10 000","sl":"Элитный","sv":"более 100","p":278800.0,"q":26.17,"b":0.13,"ms":1.29,"wi":153.98,"ei":9.67,"as":1800.45,"mi":"E","mv":8745,"sc":5,"lpe":92.09,"lpr":94282.48,"lq":2.88,"d":853},{"pi":"380004","pc":"Электроника","ss":10000,"td":"Центр города","dc":1,"n":226.18,"vc":"более 3 000","sl":"Элитный","sv":"менее 50","p":260000.0,"q":26.94,"b":0.0,"ms":0.06,"wi":153.98,"ei":9.67,"as":1800.45,"mi":"E","mv":8745,"sc":5,"lpe":92.09,"lpr":94282.48,"lq":2.88,"d":853},{"pi":"380004","pc":"Электроника","ss":500,"td":"Центр города","dc":1,"n":703.57,"vc":"около 500","sl":"Очень высокий","sv":"менее 50","p":135350.0,"q":22.66,"b":0.0,"ms":0.87,"wi":82.3,"ei":7.0,"as":786.76,"mi":"E","mv":344,"sc":1,"lpe":99.13,"lpr":25439.12,"lq":1.0,"d":142},{"pi":"380004","pc":"Электроника","ss":100000,"td":"Центр города","dc":1,"n":506.97,"vc":"около 500 000","sl":"Очень высокий","sv":"менее 50","p":25000.0,"q":32.75,"b":0.0,"ms":0.04,"wi":31.23,"ei":4.2,"as":320.36,"mi":"E","mv":39167,"sc":1,"lpe":99.96,"lpr":3935.51,"lq":1.0,"d":1576},{"pi":"380004","pc":"Электроника","ss":100000,"td":"Центр города","dc":1,"n":538.79,"vc":"более 200 000","sl":"Элитный","sv":"около 500","p":25000.0,"q":23.68,"b":0.61,"ms":14.14,"wi":42.83,"ei":9.89,"as":347.85,"mi":"E","mv":2637,"sc":1,"lpe":85.86,"lpr":3723.05,"lq":1.38,"d":849},{"pi":"380004","pc":"Электроника","ss":1000,"td":"Центр города","dc":1,"n":453.15,"vc":"около 5 000","sl":"Нормальный","sv":"более 100","p":150000.0,"q":34.15,"b":0.04,"ms":0.57,"wi":128.78,"ei":11.53,"as":708.9,"mi":"E","mv":20849,"sc":2,"lpe":99.42,"lpr":55006.75,"lq":1.0,"d":1430},{"pi":"380004","pc":"Электроника","ss":1000,"td":"Фешенебельный район","dc":1,"n":435.52,"vc":"около 1 000","sl":"Элитный","sv":"менее 50","p":285000.0,"q":17.66,"b":0.0,"ms":0.01,"wi":128.78,"ei":11.53,"as":708.9,"mi":"E","mv":20849,"sc":2,"lpe":99.42,"lpr":55006.75,"lq":1.0,"d":1430},{"pi":"380004","pc":"Электроника","ss":100000,"td":"Фешенебельный район","dc":1,"n":645.77,"vc":"более 200 000","sl":"Элитный","sv":"около 5 000","p":87530.0,"q":21.37,"b":0.02,"ms":7.08,"wi":60.17,"ei":10.56,"as":378.1,"mi":"E","mv":57119,"sc":3,"lpe":92.84,"lpr":18992.33,"lq":1.42,"d":6232},{"pi":"380004","pc":"Электроника","ss":100000,"td":"Центр города","dc":9,"n":365.85,"vc":"более 100 000","sl":"Нормальный","sv":"около 50","p":57000.0,"q":37.16,"b":3.45,"ms":0.08,"wi":60.17,"ei":10.56,"as":378.1,"mi":"E","mv":57119,"sc":3,"lpe":92.84,"lpr":18992.33,"lq":1.42,"d":6232},{"pi":"380004","pc":"Электроника","ss":100000,"td":"Центр города","dc":1,"n":283.94,"vc":"около 50 000","sl":"Элитный","sv":"менее 50","p":110000.0,"q":18.2,"b":0.0,"ms":0.0,"wi":60.17,"ei":10.56,"as":378.1,"mi":"E","mv":57119,"sc":3,"lpe":92.84,"lpr":18992.33,"lq":1.42,"d":6232},{"pi":"380004","pc":"Электроника","ss":100000,"td":"Фешенебельный район","dc":1,"n":644.17,"vc":"более 200 000","sl":"Элитный","sv":"около 5 000","p":71000.0,"q":52.18,"b":3.91,"ms":15.07,"wi":103.3,"ei":6.86,"as":986.71,"mi":"E","mv":34087,"sc":1,"lpe":84.93,"lpr":16818.7,"lq":3.88,"d":2516},{"pi":"380004","pc":"Электроника","ss":1000,"td":"Фешенебельный район","dc":1,"n":0.0,"vc":"менее 50","sl":"Элитный","sv":"менее 50","p":24951.7,"q":51.52,"b":2.26,"ms":0.17,"wi":51.07,"ei":5.68,"as":788.75,"mi":"E","mv":3565,"sc":1,"lpe":99.83,"lpr":15966.28,"lq":1.0,"d":370},{"pi":"380004","pc":"Электроника","ss":100000,"td":"Фешенебельный район","dc":1,"n":694.37,"vc":"более 200 000","sl":"Элитный","sv":"около 100","p":22000.0,"q":51.47,"b":0.43,"ms":0.5,"wi":42.97,"ei":7.04,"as":689.17,"mi":"E","mv":19855,"sc":1,"lpe":99.5,"lpr":11079.92,"lq":1.0,"d":1215},{"pi":"380004","pc":"Электроника","ss":100000,"td":"Центр города","dc":2,"n":485.3,"vc":"более 200 000","sl":"Очень высокий","sv":"менее 50","p":155000.0,"q":26.94,"b":0.0,"ms":0.11,"wi":78.29,"ei":8.28,"as":555.07,"mi":"E","mv":8724,"sc":2,"lpe":99.78,"lpr":29314.18,"lq":1.0,"d":847},{"pi":"380004","pc":"Электроника","ss":10000,"td":"Центр города","dc":1,"n":65.68,"vc":"около 1 000","sl":"Элитный","sv":"менее 50","p":60000.0,"q":14.54,"b":0.0,"ms":0.09,"wi":78.29,"ei":8.28,"as":555.07,"mi":"E","mv":8724,"sc":2,"lpe":99.78,"lpr":29314.18,"lq":1.0,"d":847},{"pi":"380004","pc":"Электроника","ss":100000,"td":"Фешенебельный район","dc":3,"n":534.48,"vc":"около 50 000","sl":"Элитный","sv":"менее 50","p":63000.0,"q":16.43,"b":0.0,"ms":0.03,"wi":37.68,"ei":5.52,"as":578.38,"mi":"E","mv":6786,"sc":1,"lpe":99.96,"lpr":9798.3,"lq":1.0,"d":662},{"pi":"380004","pc":"Электроника","ss":100000,"td":"Центр города","dc":1,"n":485.99,"vc":"более 200 000","sl":"Элитный","sv":"менее 50","p":90000.0,"q":10.64,"b":0.0,"ms":0.13,"wi":13.62,"ei":3.86,"as":520.32,"mi":"E","mv":1538,"sc":1,"lpe":99.87,"lpr":13019.97,"lq":1.0,"d":1142},{"pi":"380004","pc":"Электроника","ss":100000,"td":"Центр города","dc":2,"n":532.27,"vc":"около 500 000","sl":"Очень высокий","sv":"около 1 000","p":90000.0,"q":27.3,"b":0.0,"ms":4.44,"wi":66.49,"ei":11.25,"as":422.13,"mi":"E","mv":22531,"sc":3,"lpe":91.9,"lpr":20833.02,"lq":1.0,"d":1852},{"pi":"380004","pc":"Электроника","ss":100000,"td":"Фешенебельный район","dc":3,"n":465.34,"vc":"более 30 000","sl":"Элитный","sv":"около 1 000","p":110000.0,"q":27.18,"b":3.0,"ms":3.47,"wi":66.49,"ei":11.25,"as":422.13,"mi":"E","mv":22531,"sc":3,"lpe":91.9,"lpr":20833.02,"lq":1.0,"d":1852},{"pi":"380004","pc":"Электроника","ss":100000,"td":"Фешенебельный район","dc":9,"n":428.47,"vc":"более 20 000","sl":"Очень высокий","sv":"около 50","p":60000.0,"q":37.16,"b":4.06,"ms":0.2,"wi":66.49,"ei":11.25,"as":422.13,"mi":"E","mv":22531,"sc":3,"lpe":91.9,"lpr":20833.02,"lq":1.0,"d":1852},{"pi":"380004","pc":"Электроника","ss":100000,"td":"Фешенебельный район","dc":2,"n":580.36,"vc":"около 100 000","sl":"Элитный","sv":"около 5 000","p":60000.0,"q":45.01,"b":7.73,"ms":49.0,"wi":79.93,"ei":8.4,"as":865.82,"mi":"C","mv":13621,"sc":7,"lpe":0.0,"lpr":58815.28,"lq":1.0,"d":1983},{"pi":"380004","pc":"Электроника","ss":100000,"td":"Фешенебельный район","dc":2,"n":580.36,"vc":"около 100 000","sl":"Элитный","sv":"около 5 000","p":60000.0,"q":45.01,"b":7.73,"ms":48.66,"wi":79.93,"ei":8.4,"as":865.82,"mi":"C","mv":13621,"sc":7,"lpe":0.0,"lpr":58815.28,"lq":1.0,"d":1983},{"pi":"380004","pc":"Электроника","ss":100000,"td":"Центр города","dc":1,"n":452.44,"vc":"более 100 000","sl":"Элитный","sv":"более 100","p":175000.0,"q":25.45,"b":0.0,"ms":1.06,"wi":79.93,"ei":8.4,"as":865.82,"mi":"C","mv":13621,"sc":7,"lpe":0.0,"lpr":58815.28,"lq":1.0,"d":1983},{"pi":"380004","pc":"Электроника","ss":100000,"td":"Центр города","dc":9,"n":456.81,"vc":"более 100 000","sl":"Нормальный","sv":"около 50","p":100000.0,"q":37.16,"b":4.55,"ms":0.32,"wi":79.93,"ei":8.4,"as":865.82,"mi":"C","mv":13621,"sc":7,"lpe":0.0,"lpr":58815.28,"lq":1.0,"d":1983},{"pi":"380004","pc":"Электроника","ss":10000,"td":"Центр города","dc":1,"n":77.41,"vc":"более 1 000","sl":"Элитный","sv":"около 50","p":180000.0,"q":10.71,"b":0.0,"ms":0.3,"wi":79.93,"ei":8.4,"as":865.82,"mi":"C","mv":13621,"sc":7,"lpe":0.0,"lpr":58815.28,"lq":1.0,"d":1983},{"pi":"380004","pc":"Электроника","ss":10000,"td":"Центр города","dc":4,"n":353.35,"vc":"около 10 000","sl":"Очень высокий","sv":"менее 50","p":90000.0,"q":10.64,"b":0.0,"ms":0.07,"wi":79.93,"ei":8.4,"as":865.82,"mi":"C","mv":13621,"sc":7,"lpe":0.0,"lpr":58815.28,"lq":1.0,"d":1983},{"pi":"380004","pc":"Электроника","ss":100000,"td":"Центр города","dc":2,"n":571.98,"vc":"более 300 000","sl":"Очень высокий","sv":"около 100","p":90000.0,"q":17.49,"b":0.0,"ms":2.49,"wi":73.23,"ei":8.34,"as":986.88,"mi":"E","mv":4010,"sc":2,"lpe":96.41,"lpr":38237.62,"lq":1.0,"d":469},{"pi":"380004","pc":"Электроника","ss":100000,"td":"Центр города","dc":9,"n":532.33,"vc":"более 300 000","sl":"Низкий","sv":"около 50","p":66000.0,"q":37.16,"b":4.55,"ms":1.1,"wi":73.23,"ei":8.34,"as":986.88,"mi":"E","mv":4010,"sc":2,"lpe":96.41,"lpr":38237.62,"lq":1.0,"d":469},{"pi":"380004","pc":"Электроника","ss":100000,"td":"Центр города","dc":2,"n":568.7,"vc":"более 200 000","sl":"Очень высокий","sv":"около 100","p":150000.0,"q":26.94,"b":0.0,"ms":4.0,"wi":63.54,"ei":5.59,"as":474.21,"mi":"E","mv":2500,"sc":1,"lpe":96.0,"lpr":32896.85,"lq":1.0,"d":510},{"pi":"380004","pc":"Электроника","ss":1000,"td":"Центр города","dc":1,"n":523.08,"vc":"около 5 000","sl":"Нормальный","sv":"менее 50","p":185000.0,"q":34.17,"b":0.0,"ms":0.22,"wi":93.23,"ei":6.87,"as":630.83,"mi":"E","mv":8612,"sc":1,"lpe":99.78,"lpr":34149.97,"lq":1.0,"d":757},{"pi":"380004","pc":"Электроника","ss":10000,"td":"Центр города","dc":1,"n":235.17,"vc":"около 5 000","sl":"Элитный","sv":"около 1 000","p":8888.88,"q":40.44,"b":0.0,"ms":1.01,"wi":84.34,"ei":6.6,"as":536.85,"mi":"E","mv":79221,"sc":2,"lpe":98.23,"lpr":22446.53,"lq":1.0,"d":3367},{"pi":"380004","pc":"Электроника","ss":10000,"td":"Центр города","dc":1,"n":368.73,"vc":"более 10 000","sl":"Элитный","sv":"около 500","p":26500.0,"q":24.07,"b":0.61,"ms":0.76,"wi":84.34,"ei":6.6,"as":536.85,"mi":"E","mv":79221,"sc":2,"lpe":98.23,"lpr":22446.53,"lq":1.0,"d":3367},{"pi":"380004","pc":"Электроника","ss":100000,"td":"Центр города","dc":1,"n":566.08,"vc":"около 500 000","sl":"Элитный","sv":"около 200","p":100000.0,"q":45.01,"b":5.93,"ms":10.42,"wi":170.37,"ei":9.3,"as":3947.5,"mi":"E","mv":1919,"sc":1,"lpe":89.58,"lpr":49999.54,"lq":16.92,"d":319},{"pi":"380004","pc":"Электроника","ss":100000,"td":"Центр города","dc":1,"n":673.76,"vc":"более 1 000 000","sl":"Нормальный","sv":"около 10 000","p":17000.0,"q":44.45,"b":5.67,"ms":46.16,"wi":133.29,"ei":12.92,"as":4489.32,"mi":"E","mv":17951,"sc":3,"lpe":52.69,"lpr":22550.35,"lq":5.23,"d":940},{"pi":"380004","pc":"Электроника","ss":100000,"td":"Центр города","dc":1,"n":466.27,"vc":"более 100 000","sl":"Элитный","sv":"около 200","p":20000.0,"q":45.01,"b":5.93,"ms":1.11,"wi":133.29,"ei":12.92,"as":4489.32,"mi":"E","mv":17951,"sc":3,"lpe":52.69,"lpr":22550.35,"lq":5.23,"d":940},{"pi":"380004","pc":"Электроника","ss":100000,"td":"Центр города","dc":1,"n":466.12,"vc":"более 100 000","sl":"Элитный","sv":"менее 50","p":111116.41,"q":38.58,"b":0.0,"ms":0.03,"wi":133.29,"ei":12.92,"as":4489.32,"mi":"E","mv":17951,"sc":3,"lpe":52.69,"lpr":22550.35,"lq":5.23,"d":940},{"pi":"380004","pc":"Электроника","ss":100000,"td":"Центр города","dc":1,"n":466.54,"vc":"более 100 000","sl":"Элитный","sv":"около 300","p":100000.0,"q":45.01,"b":5.93,"ms":1.91,"wi":150.0,"ei":13.64,"as":4851.15,"mi":"E","mv":15687,"sc":3,"lpe":95.95,"lpr":91849.26,"lq":1.0,"d":890},{"pi":"380004","pc":"Электроника","ss":100000,"td":"Центр города","dc":1,"n":605.89,"vc":"около 500 000","sl":"Очень высокий","sv":"более 200","p":368825.68,"q":38.29,"b":0.0,"ms":1.82,"wi":150.0,"ei":13.64,"as":4851.15,"mi":"E","mv":15687,"sc":3,"lpe":95.95,"lpr":91849.26,"lq":1.0,"d":890},{"pi":"380004","pc":"Электроника","ss":10000,"td":"Центр города","dc":1,"n":324.03,"vc":"около 10 000","sl":"Элитный","sv":"около 50","p":155000.0,"q":24.07,"b":0.0,"ms":0.32,"wi":150.0,"ei":13.64,"as":4851.15,"mi":"E","mv":15687,"sc":3,"lpe":95.95,"lpr":91849.26,"lq":1.0,"d":890},{"pi":"380004","pc":"Электроника","ss":10000,"td":"Центр города","dc":1,"n":482.69,"vc":"более 10 000","sl":"Элитный","sv":"более 100","p":90000.0,"q":20.42,"b":0.0,"ms":8.43,"wi":177.29,"ei":8.68,"as":4301.71,"mi":"E","mv":1649,"sc":2,"lpe":85.51,"lpr":36006.91,"lq":9.37,"d":181},{"pi":"380004","pc":"Электроника","ss":100000,"td":"Центр города","dc":1,"n":597.42,"vc":"около 500 000","sl":"Элитный","sv":"около 100","p":100000.0,"q":45.01,"b":5.93,"ms":6.06,"wi":177.29,"ei":8.68,"as":4301.71,"mi":"E","mv":1649,"sc":2,"lpe":85.51,"lpr":36006.91,"lq":9.37,"d":181},{"pi":"380004","pc":"Электроника","ss":100000,"td":"Центр города","dc":1,"n":605.68,"vc":"около 500 000","sl":"Элитный","sv":"около 200","p":60000.0,"q":45.01,"b":5.93,"ms":6.88,"wi":122.87,"ei":8.87,"as":3799.76,"mi":"E","mv":2905,"sc":1,"lpe":93.12,"lpr":29102.18,"lq":1.0,"d":209},{"pi":"380004","pc":"Электроника","ss":100000,"td":"Центр города","dc":1,"n":572.72,"vc":"более 300 000","sl":"Элитный","sv":"около 200","p":100000.0,"q":45.01,"b":5.93,"ms":4.93,"wi":139.78,"ei":8.77,"as":4114.09,"mi":"E","mv":4056,"sc":1,"lpe":95.07,"lpr":32446.82,"lq":1.0,"d":285},{"pi":"380004","pc":"Электроника","ss":100000,"td":"Центр города","dc":1,"n":604.92,"vc":"около 500 000","sl":"Элитный","sv":"около 100","p":100000.0,"q":45.01,"b":5.93,"ms":10.45,"wi":150.93,"ei":9.01,"as":3939.88,"mi":"E","mv":957,"sc":1,"lpe":89.55,"lpr":37187.26,"lq":12.36,"d":169},{"pi":"380004","pc":"Электроника","ss":100000,"td":"Центр города","dc":2,"n":558.25,"vc":"около 500 000","sl":"Низкий","sv":"около 500","p":35000.0,"q":26.47,"b":0.12,"ms":21.54,"wi":32.49,"ei":7.79,"as":564.88,"mi":"E","mv":3366,"sc":1,"lpe":78.46,"lpr":7858.02,"lq":2.73,"d":2529},{"pi":"380004","pc":"Электроника","ss":100000,"td":"Центр города","dc":1,"n":547.28,"vc":"около 500 000","sl":"Элитный","sv":"более 100","p":150000.0,"q":34.15,"b":0.0,"ms":2.41,"wi":103.68,"ei":7.68,"as":1568.05,"mi":"E","mv":4892,"sc":2,"lpe":96.57,"lpr":52096.11,"lq":1.0,"d":634},{"pi":"380004","pc":"Электроника","ss":100000,"td":"Центр города","dc":2,"n":509.38,"vc":"более 200 000","sl":"Элитный","sv":"около 50","p":25000.0,"q":33.59,"b":2.74,"ms":1.02,"wi":103.68,"ei":7.68,"as":1568.05,"mi":"E","mv":4892,"sc":2,"lpe":96.57,"lpr":52096.11,"lq":1.0,"d":634},{"pi":"380004","pc":"Электроника","ss":10000,"td":"Центр города","dc":1,"n":370.61,"vc":"более 10 000","sl":"Элитный","sv":"около 1 000","p":11111.11,"q":40.44,"b":0.0,"ms":7.66,"wi":66.92,"ei":7.09,"as":492.29,"mi":"E","mv":10445,"sc":2,"lpe":92.32,"lpr":16357.75,"lq":1.0,"d":722},{"pi":"380004","pc":"Электроника","ss":100000,"td":"Центр города","dc":2,"n":505.64,"vc":"более 200 000","sl":"Очень высокий","sv":"менее 50","p":100000.0,"q":17.22,"b":0.0,"ms":0.02,"wi":66.92,"ei":7.09,"as":492.29,"mi":"E","mv":10445,"sc":2,"lpe":92.32,"lpr":16357.75,"lq":1.0,"d":722},{"pi":"380004","pc":"Электроника","ss":100000,"td":"Фешенебельный район","dc":1,"n":602.3,"vc":"более 200 000","sl":"Элитный","sv":"около 500","p":50000.0,"q":49.94,"b":0.0,"ms":0.29,"wi":60.74,"ei":5.73,"as":513.33,"mi":"E","mv":147600,"sc":5,"lpe":93.11,"lpr":20989.25,"lq":1.0,"d":9704},{"pi":"380004","pc":"Электроника","ss":100000,"td":"Центр города","dc":9,"n":315.84,"vc":"более 100 000","sl":"Низкий","sv":"около 50","p":53000.0,"q":37.16,"b":2.96,"ms":0.03,"wi":60.74,"ei":5.73,"as":513.33,"mi":"E","mv":147600,"sc":5,"lpe":93.11,"lpr":20989.25,"lq":1.0,"d":9704},{"pi":"380004","pc":"Электроника","ss":100000,"td":"Центр города","dc":10,"n":622.83,"vc":"более 2 000 000","sl":"Очень низкий","sv":"менее 50","p":138853.51,"q":38.93,"b":1.6,"ms":0.0,"wi":60.74,"ei":5.73,"as":513.33,"mi":"E","mv":147600,"sc":5,"lpe":93.11,"lpr":20989.25,"lq":1.0,"d":9704},{"pi":"380004","pc":"Электроника","ss":100000,"td":"Фешенебельный район","dc":10,"n":622.83,"vc":"более 200 000","sl":"Низкий","sv":"менее 50","p":142136.08,"q":38.93,"b":1.6,"ms":0.0,"wi":60.74,"ei":5.73,"as":513.33,"mi":"E","mv":147600,"sc":5,"lpe":93.11,"lpr":20989.25,"lq":1.0,"d":9704},{"pi":"380004","pc":"Электроника","ss":100000,"td":"Центр города","dc":1,"n":411.36,"vc":"более 100 000","sl":"Элитный","sv":"около 500","p":100000.0,"q":45.01,"b":0.24,"ms":1.08,"wi":66.62,"ei":7.76,"as":564.62,"mi":"E","mv":46350,"sc":3,"lpe":98.82,"lpr":30104.0,"lq":1.0,"d":3493},{"pi":"380004","pc":"Электроника","ss":100000,"td":"Центр города","dc":9,"n":388.67,"vc":"более 100 000","sl":"Нормальный","sv":"около 50","p":70000.0,"q":37.16,"b":3.69,"ms":0.09,"wi":66.62,"ei":7.76,"as":564.62,"mi":"E","mv":46350,"sc":3,"lpe":98.82,"lpr":30104.0,"lq":1.0,"d":3493},{"pi":"380004","pc":"Электроника","ss":100000,"td":"Фешенебельный район","dc":1,"n":645.63,"vc":"более 200 000","sl":"Элитный","sv":"менее 50","p":233700.0,"q":23.72,"b":0.98,"ms":0.0,"wi":66.62,"ei":7.76,"as":564.62,"mi":"E","mv":46350,"sc":3,"lpe":98.82,"lpr":30104.0,"lq":1.0,"d":3493},{"pi":"380004","pc":"Электроника","ss":100000,"td":"Центр города","dc":2,"n":685.42,"vc":"около 500 000","sl":"Высокий","sv":"около 50","p":151998.11,"q":20.95,"b":0.0,"ms":8.71,"wi":109.47,"ei":8.16,"as":2833.35,"mi":"E","mv":425,"sc":1,"lpe":91.29,"lpr":33029.22,"lq":1.0,"d":521},{"pi":"380004","pc":"Электроника","ss":1000,"td":"Центр города","dc":1,"n":687.96,"vc":"более 10 000","sl":"Низкий","sv":"менее 50","p":30000.0,"q":45.01,"b":7.22,"ms":1.76,"wi":22.05,"ei":8.2,"as":543.77,"mi":"E","mv":1707,"sc":1,"lpe":98.24,"lpr":7783.71,"lq":1.0,"d":414},{"pi":"380004","pc":"Электроника","ss":100000,"td":"Фешенебельный район","dc":3,"n":698.05,"vc":"более 100 000","sl":"Элитный","sv":"около 200","p":30000.0,"q":31.4,"b":6.68,"ms":4.21,"wi":113.22,"ei":8.72,"as":3458.72,"mi":"E","mv":4745,"sc":3,"lpe":95.13,"lpr":8395.53,"lq":1.0,"d":346},{"pi":"380004","pc":"Электроника","ss":100000,"td":"Фешенебельный район","dc":2,"n":712.9,"vc":"более 100 000","sl":"Элитный","sv":"менее 50","p":50000.0,"q":43.56,"b":8.14,"ms":0.44,"wi":113.22,"ei":8.72,"as":3458.72,"mi":"E","mv":4745,"sc":3,"lpe":95.13,"lpr":8395.53,"lq":1.0,"d":346},{"pi":"380004","pc":"Электроника","ss":100000,"td":"Фешенебельный район","dc":3,"n":689.54,"vc":"более 100 000","sl":"Очень высокий","sv":"менее 50","p":40139.1,"q":32.29,"b":2.79,"ms":0.21,"wi":113.22,"ei":8.72,"as":3458.72,"mi":"E","mv":4745,"sc":3,"lpe":95.13,"lpr":8395.53,"lq":1.0,"d":346},{"pi":"380004","pc":"Электроника","ss":1000,"td":"Фешенебельный район","dc":1,"n":633.05,"vc":"около 1 000","sl":"Элитный","sv":"около 50","p":25000.0,"q":45.01,"b":7.22,"ms":2.14,"wi":29.61,"ei":12.72,"as":467.01,"mi":"E","mv":2332,"sc":3,"lpe":96.96,"lpr":5762.37,"lq":1.0,"d":745},{"pi":"380004","pc":"Электроника","ss":500,"td":"Фешенебельный район","dc":1,"n":699.6,"vc":"более 300","sl":"Элитный","sv":"менее 50","p":13104.26,"q":32.29,"b":3.56,"ms":0.86,"wi":29.61,"ei":12.72,"as":467.01,"mi":"E","mv":2332,"sc":3,"lpe":96.96,"lpr":5762.37,"lq":1.0,"d":745},{"pi":"380004","pc":"Электроника","ss":1000,"td":"Спальный район","dc":10,"n":224.54,"vc":"около 500","sl":"Высокий","sv":"менее 50","p":11700.0,"q":33.15,"b":0.0,"ms":0.04,"wi":29.61,"ei":12.72,"as":467.01,"mi":"E","mv":2332,"sc":3,"lpe":96.96,"lpr":5762.37,"lq":1.0,"d":745},{"pi":"380004","pc":"Электроника","ss":1000,"td":"Фешенебельный район","dc":1,"n":512.96,"vc":"около 500","sl":"Элитный","sv":"более 100","p":45079.5,"q":21.59,"b":0.59,"ms":1.39,"wi":34.3,"ei":9.54,"as":519.17,"mi":"E","mv":8775,"sc":4,"lpe":96.3,"lpr":8621.16,"lq":1.0,"d":929},{"pi":"380004","pc":"Электроника","ss":500,"td":"Фешенебельный район","dc":1,"n":686.99,"vc":"около 500","sl":"Очень высокий","sv":"около 100","p":22595.72,"q":43.5,"b":3.56,"ms":1.14,"wi":34.3,"ei":9.54,"as":519.17,"mi":"E","mv":8775,"sc":4,"lpe":96.3,"lpr":8621.16,"lq":1.0,"d":929},{"pi":"380004","pc":"Электроника","ss":1000,"td":"Фешенебельный район","dc":1,"n":725.03,"vc":"более 2 000","sl":"Очень высокий","sv":"около 100","p":30000.0,"q":45.01,"b":7.22,"ms":1.14,"wi":34.3,"ei":9.54,"as":519.17,"mi":"E","mv":8775,"sc":4,"lpe":96.3,"lpr":8621.16,"lq":1.0,"d":929},{"pi":"380004","pc":"Электроника","ss":1000,"td":"Центр города","dc":1,"n":235.27,"vc":"более 1 000","sl":"Элитный","sv":"менее 50","p":50000.0,"q":18.98,"b":2.29,"ms":0.02,"wi":34.3,"ei":9.54,"as":519.17,"mi":"E","mv":8775,"sc":4,"lpe":96.3,"lpr":8621.16,"lq":1.0,"d":929},{"pi":"380004","pc":"Электроника","ss":100000,"td":"Центр города","dc":1,"n":547.79,"vc":"около 500 000","sl":"Очень высокий","sv":"около 1 000","p":63000.0,"q":45.01,"b":4.21,"ms":1.28,"wi":75.37,"ei":9.56,"as":419.1,"mi":"E","mv":77871,"sc":5,"lpe":97.81,"lpr":34498.5,"lq":1.0,"d":3663},{"pi":"380004","pc":"Электроника","ss":100000,"td":"Центр города","dc":4,"n":537.89,"vc":"около 500 000","sl":"Низкий","sv":"около 500","p":155000.0,"q":17.43,"b":0.0,"ms":0.48,"wi":75.37,"ei":9.56,"as":419.1,"mi":"E","mv":77871,"sc":5,"lpe":97.81,"lpr":34498.5,"lq":1.0,"d":3663},{"pi":"380004","pc":"Электроника","ss":10000,"td":"Фешенебельный район","dc":1,"n":645.77,"vc":"более 10 000","sl":"Элитный","sv":"более 100","p":198800.0,"q":20.92,"b":0.01,"ms":0.15,"wi":75.37,"ei":9.56,"as":419.1,"mi":"E","mv":77871,"sc":5,"lpe":97.81,"lpr":34498.5,"lq":1.0,"d":3663},{"pi":"380004","pc":"Электроника","ss":100000,"td":"Центр города","dc":1,"n":426.79,"vc":"более 100 000","sl":"Элитный","sv":"более 100","p":165000.0,"q":34.15,"b":0.0,"ms":0.15,"wi":75.37,"ei":9.56,"as":419.1,"mi":"E","mv":77871,"sc":5,"lpe":97.81,"lpr":34498.5,"lq":1.0,"d":3663},{"pi":"380004","pc":"Электроника","ss":100000,"td":"Центр города","dc":9,"n":650.07,"vc":"более 1 000 000","sl":"Очень низкий","sv":"около 100","p":203946.05,"q":38.72,"b":1.97,"ms":0.13,"wi":75.37,"ei":9.56,"as":419.1,"mi":"E","mv":77871,"sc":5,"lpe":97.81,"lpr":34498.5,"lq":1.0,"d":3663},{"pi":"380004","pc":"Электроника","ss":100000,"td":"Фешенебельный район","dc":1,"n":590.25,"vc":"более 100 000","sl":"Элитный","sv":"более 10 000","p":70000.0,"q":49.94,"b":3.89,"ms":14.21,"wi":100.43,"ei":12.79,"as":804.73,"mi":"E","mv":87951,"sc":4,"lpe":72.72,"lpr":26848.94,"lq":3.6,"d":4137},{"pi":"380004","pc":"Электроника","ss":100000,"td":"Фешенебельный район","dc":1,"n":645.77,"vc":"более 200 000","sl":"Элитный","sv":"более 10 000","p":124800.0,"q":20.54,"b":0.0,"ms":12.75,"wi":100.43,"ei":12.79,"as":804.73,"mi":"E","mv":87951,"sc":4,"lpe":72.72,"lpr":26848.94,"lq":3.6,"d":4137},{"pi":"380004","pc":"Электроника","ss":100000,"td":"Центр города","dc":1,"n":368.8,"vc":"более 100 000","sl":"Элитный","sv":"более 200","p":160000.0,"q":34.15,"b":0.0,"ms":0.26,"wi":100.43,"ei":12.79,"as":804.73,"mi":"E","mv":87951,"sc":4,"lpe":72.72,"lpr":26848.94,"lq":3.6,"d":4137},{"pi":"380004","pc":"Электроника","ss":100000,"td":"Спальный район","dc":9,"n":370.95,"vc":"около 100 000","sl":"Очень высокий","sv":"около 50","p":75000.0,"q":37.16,"b":3.35,"ms":0.05,"wi":100.43,"ei":12.79,"as":804.73,"mi":"E","mv":87951,"sc":4,"lpe":72.72,"lpr":26848.94,"lq":3.6,"d":4137},{"pi":"380004","pc":"Электроника","ss":100000,"td":"Центр города","dc":5,"n":533.06,"vc":"около 500 000","sl":"Низкий","sv":"более 2 000","p":140000.0,"q":17.63,"b":4.23,"ms":7.19,"wi":146.31,"ei":15.52,"as":2307.77,"mi":"E","mv":34398,"sc":6,"lpe":85.29,"lpr":56043.58,"lq":4.49,"d":2095},{"pi":"380004","pc":"Электроника","ss":100000,"td":"Фешенебельный район","dc":1,"n":689.19,"vc":"около 500 000","sl":"Элитный","sv":"более 2 000","p":80000.0,"q":47.44,"b":5.53,"ms":6.98,"wi":146.31,"ei":15.52,"as":2307.77,"mi":"E","mv":34398,"sc":6,"lpe":85.29,"lpr":56043.58,"lq":4.49,"d":2095},{"pi":"380004","pc":"Электроника","ss":100000,"td":"Спальный район","dc":1,"n":491.75,"vc":"более 200 000","sl":"Элитный","sv":"более 100","p":160000.0,"q":34.15,"b":0.0,"ms":0.34,"wi":146.31,"ei":15.52,"as":2307.77,"mi":"E","mv":34398,"sc":6,"lpe":85.29,"lpr":56043.58,"lq":4.49,"d":2095},{"pi":"380004","pc":"Электроника","ss":100000,"td":"Окраина","dc":10,"n":418.04,"vc":"около 100 000","sl":"Высокий","sv":"около 50","p":130000.0,"q":37.16,"b":3.35,"ms":0.13,"wi":146.31,"ei":15.52,"as":2307.77,"mi":"E","mv":34398,"sc":6,"lpe":85.29,"lpr":56043.58,"lq":4.49,"d":2095},{"pi":"380004","pc":"Электроника","ss":100000,"td":"Центр города","dc":1,"n":594.96,"vc":"около 1 000 000","sl":"Высокий","sv":"менее 50","p":200000.0,"q":27.15,"b":0.17,"ms":0.06,"wi":146.31,"ei":15.52,"as":2307.77,"mi":"E","mv":34398,"sc":6,"lpe":85.29,"lpr":56043.58,"lq":4.49,"d":2095},{"pi":"380004","pc":"Электроника","ss":100000,"td":"Фешенебельный район","dc":1,"n":553.28,"vc":"около 100 000","sl":"Элитный","sv":"менее 50","p":222634.29,"q":10.42,"b":0.0,"ms":0.01,"wi":146.31,"ei":15.52,"as":2307.77,"mi":"E","mv":34398,"sc":6,"lpe":85.29,"lpr":56043.58,"lq":4.49,"d":2095},{"pi":"380004","pc":"Электроника","ss":500,"td":"Фешенебельный район","dc":1,"n":696.88,"vc":"около 500","sl":"Элитный","sv":"около 50","p":23930.35,"q":43.5,"b":1.86,"ms":2.17,"wi":36.78,"ei":7.4,"as":274.72,"mi":"E","mv":2303,"sc":1,"lpe":97.83,"lpr":13065.69,"lq":1.0,"d":399},{"pi":"380004","pc":"Электроника","ss":100000,"td":"Центр города","dc":10,"n":675.34,"vc":"более 1 000 000","sl":"Очень низкий","sv":"более 1 000","p":204397.43,"q":38.72,"b":1.97,"ms":4.26,"wi":76.09,"ei":6.5,"as":327.59,"mi":"E","mv":30246,"sc":2,"lpe":95.35,"lpr":40702.84,"lq":1.0,"d":1541},{"pi":"380004","pc":"Электроника","ss":100000,"td":"Центр города","dc":1,"n":465.88,"vc":"более 200 000","sl":"Элитный","sv":"более 100","p":161850.0,"q":34.15,"b":0.0,"ms":0.39,"wi":76.09,"ei":6.5,"as":327.59,"mi":"E","mv":30246,"sc":2,"lpe":95.35,"lpr":40702.84,"lq":1.0,"d":1541},{"pi":"380004","pc":"Электроника","ss":100000,"td":"Центр города","dc":1,"n":505.42,"vc":"около 500 000","sl":"Очень высокий","sv":"около 50 000","p":55000.0,"q":55.84,"b":4.68,"ms":31.69,"wi":132.97,"ei":9.27,"as":1723.67,"mi":"E","mv":120280,"sc":3,"lpe":59.16,"lpr":25616.43,"lq":5.99,"d":8477},{"pi":"380004","pc":"Электроника","ss":100000,"td":"Фешенебельный район","dc":1,"n":619.31,"vc":"более 200 000","sl":"Элитный","sv":"около 10 000","p":35000.0,"q":44.07,"b":5.53,"ms":8.31,"wi":132.97,"ei":9.27,"as":1723.67,"mi":"E","mv":120280,"sc":3,"lpe":59.16,"lpr":25616.43,"lq":5.99,"d":8477},{"pi":"380004","pc":"Электроника","ss":100000,"td":"Центр города","dc":1,"n":431.03,"vc":"около 500 000","sl":"Элитный","sv":"около 1 000","p":30000.0,"q":45.01,"b":4.21,"ms":0.83,"wi":132.97,"ei":9.27,"as":1723.67,"mi":"E","mv":120280,"sc":3,"lpe":59.16,"lpr":25616.43,"lq":5.99,"d":8477},{"pi":"380004","pc":"Электроника","ss":100000,"td":"Фешенебельный район","dc":2,"n":722.01,"vc":"более 100 000","sl":"Нормальный","sv":"около 100","p":20691.08,"q":43.11,"b":2.7,"ms":12.99,"wi":40.37,"ei":6.73,"as":517.11,"mi":"E","mv":770,"sc":1,"lpe":87.01,"lpr":11338.99,"lq":3.02,"d":1689},{"pi":"380004","pc":"Электроника","ss":100000,"td":"Фешенебельный район","dc":1,"n":668.41,"vc":"более 200 000","sl":"Элитный","sv":"около 5 000","p":65000.0,"q":51.82,"b":3.99,"ms":9.92,"wi":68.47,"ei":6.3,"as":344.56,"mi":"E","mv":33735,"sc":2,"lpe":88.59,"lpr":12548.27,"lq":4.0,"d":4355},{"pi":"380004","pc":"Электроника","ss":100000,"td":"Спальный район","dc":1,"n":411.88,"vc":"более 100 000","sl":"Элитный","sv":"около 500","p":40000.0,"q":45.01,"b":4.49,"ms":1.48,"wi":68.47,"ei":6.3,"as":344.56,"mi":"E","mv":33735,"sc":2,"lpe":88.59,"lpr":12548.27,"lq":4.0,"d":4355},{"pi":"380004","pc":"Электроника","ss":100000,"td":"Фешенебельный район","dc":1,"n":701.78,"vc":"около 500 000","sl":"Элитный","sv":"менее 50","p":335000.0,"q":44.05,"b":2.78,"ms":0.0,"wi":93.64,"ei":6.95,"as":590.98,"mi":"E","mv":39222,"sc":1,"lpe":100.0,"lpr":41577.24,"lq":1.0,"d":2212},{"pi":"380004","pc":"Электроника","ss":100000,"td":"Центр города","dc":2,"n":300.64,"vc":"более 100 000","sl":"Элитный","sv":"около 1 000","p":100000.0,"q":26.07,"b":0.0,"ms":0.52,"wi":108.19,"ei":6.67,"as":874.7,"mi":"E","mv":192632,"sc":2,"lpe":83.14,"lpr":28895.19,"lq":8.13,"d":12114},{"pi":"380004","pc":"Электроника","ss":100000,"td":"Центр города","dc":6,"n":125.52,"vc":"более 20 000","sl":"Высокий","sv":"менее 50","p":17000.0,"q":1.0,"b":0.0,"ms":0.0,"wi":33.37,"ei":5.09,"as":182.41,"mi":"E","mv":320768,"sc":3,"lpe":100.0,"lpr":9191.54,"lq":1.0,"d":22072},{"pi":"380004","pc":"Электроника","ss":100000,"td":"Центр города","dc":1,"n":154.4,"vc":"более 20 000","sl":"Элитный","sv":"менее 50","p":61700.0,"q":40.67,"b":0.0,"ms":0.0,"wi":33.37,"ei":5.09,"as":182.41,"mi":"E","mv":320768,"sc":3,"lpe":100.0,"lpr":9191.54,"lq":1.0,"d":22072},{"pi":"380004","pc":"Электроника","ss":100000,"td":"Центр города","dc":5,"n":154.23,"vc":"более 20 000","sl":"Элитный","sv":"менее 50","p":47969.0,"q":9.53,"b":0.79,"ms":0.0,"wi":33.37,"ei":5.09,"as":182.41,"mi":"E","mv":320768,"sc":3,"lpe":100.0,"lpr":9191.54,"lq":1.0,"d":22072},{"pi":"380004","pc":"Электроника","ss":500,"td":"Фешенебельный район","dc":1,"n":703.19,"vc":"более 300","sl":"Элитный","sv":"около 300","p":16222.98,"q":43.11,"b":2.7,"ms":26.69,"wi":49.32,"ei":11.89,"as":1058.67,"mi":"E","mv":1124,"sc":1,"lpe":73.31,"lpr":8360.38,"lq":2.92,"d":442},{"pi":"380004","pc":"Электроника","ss":10000,"td":"Фешенебельный район","dc":1,"n":695.07,"vc":"более 10 000","sl":"Элитный","sv":"около 100","p":100000.0,"q":32.75,"b":4.52,"ms":2.46,"wi":75.97,"ei":9.64,"as":709.18,"mi":"E","mv":3577,"sc":2,"lpe":97.51,"lpr":26993.31,"lq":1.0,"d":316},{"pi":"380004","pc":"Электроника","ss":100000,"td":"Центр города","dc":1,"n":609.08,"vc":"около 500 000","sl":"Элитный","sv":"менее 50","p":165000.0,"q":22.66,"b":0.0,"ms":0.03,"wi":75.97,"ei":9.64,"as":709.18,"mi":"E","mv":3577,"sc":2,"lpe":97.51,"lpr":26993.31,"lq":1.0,"d":316},{"pi":"380004","pc":"Электроника","ss":100000,"td":"Центр города","dc":1,"n":685.08,"vc":"около 500 000","sl":"Очень высокий","sv":"около 50","p":20000.0,"q":23.71,"b":0.62,"ms":5.52,"wi":23.31,"ei":4.9,"as":263.32,"mi":"E","mv":1178,"sc":1,"lpe":94.48,"lpr":2897.03,"lq":1.0,"d":350},{"pi":"380004","pc":"Электроника","ss":100000,"td":"Центр города","dc":1,"n":360.25,"vc":"более 100 000","sl":"Элитный","sv":"менее 50","p":75000.0,"q":26.94,"b":0.0,"ms":0.01,"wi":11.61,"ei":4.73,"as":416.97,"mi":"E","mv":7505,"sc":1,"lpe":99.99,"lpr":9548.77,"lq":1.0,"d":6442},{"pi":"380004","pc":"Электроника","ss":100000,"td":"Центр города","dc":1,"n":517.77,"vc":"около 1 000 000","sl":"Очень высокий","sv":"более 1 000","p":28000.0,"q":29.67,"b":0.0,"ms":0.32,"wi":52.01,"ei":4.8,"as":338.83,"mi":"E","mv":325369,"sc":2,"lpe":99.68,"lpr":8954.42,"lq":1.0,"d":11930},{"pi":"380004","pc":"Электроника","ss":100000,"td":"Спальный район","dc":1,"n":220.68,"vc":"около 50 000","sl":"Элитный","sv":"менее 50","p":16180.56,"q":26.94,"b":0.0,"ms":0.0,"wi":52.01,"ei":4.8,"as":338.83,"mi":"E","mv":325369,"sc":2,"lpe":99.68,"lpr":8954.42,"lq":1.0,"d":11930},{"pi":"380004","pc":"Электроника","ss":100000,"td":"Фешенебельный район","dc":1,"n":84.44,"vc":"более 1 000","sl":"Элитный","sv":"более 200","p":18000.0,"q":32.29,"b":1.01,"ms":0.13,"wi":57.22,"ei":5.1,"as":348.24,"mi":"E","mv":177249,"sc":1,"lpe":99.87,"lpr":9381.41,"lq":1.0,"d":6499},{"pi":"380004","pc":"Электроника","ss":10000,"td":"Центр города","dc":1,"n":262.11,"vc":"около 5 000","sl":"Элитный","sv":"более 200","p":80000.0,"q":19.25,"b":2.53,"ms":6.88,"wi":52.72,"ei":6.99,"as":429.77,"mi":"E","mv":4140,"sc":1,"lpe":93.12,"lpr":21128.87,"lq":1.0,"d":930},{"pi":"380004","pc":"Электроника","ss":100000,"td":"Центр города","dc":1,"n":515.53,"vc":"более 300 000","sl":"Элитный","sv":"более 100","p":165000.0,"q":34.15,"b":0.0,"ms":0.8,"wi":70.58,"ei":6.82,"as":357.76,"mi":"E","mv":14673,"sc":1,"lpe":99.2,"lpr":39413.59,"lq":1.0,"d":1780},{"pi":"380004","pc":"Электроника","ss":100000,"td":"Центр города","dc":1,"n":551.9,"vc":"около 500 000","sl":"Элитный","sv":"более 100","p":185737.5,"q":34.15,"b":0.0,"ms":0.97,"wi":94.83,"ei":6.08,"as":329.42,"mi":"E","mv":12210,"sc":1,"lpe":99.03,"lpr":56158.2,"lq":1.0,"d":645},{"pi":"380004","pc":"Электроника","ss":100000,"td":"Центр города","dc":6,"n":532.54,"vc":"более 200 000","sl":"Нормальный","sv":"около 500","p":175000.0,"q":17.53,"b":4.23,"ms":7.69,"wi":128.02,"ei":8.73,"as":1034.79,"mi":"E","mv":9623,"sc":2,"lpe":91.08,"lpr":61593.11,"lq":1.0,"d":811},{"pi":"380004","pc":"Электроника","ss":100000,"td":"Центр города","dc":1,"n":491.06,"vc":"более 200 000","sl":"Элитный","sv":"более 100","p":180000.0,"q":34.15,"b":0.0,"ms":1.23,"wi":128.02,"ei":8.73,"as":1034.79,"mi":"E","mv":9623,"sc":2,"lpe":91.08,"lpr":61593.11,"lq":1.0,"d":811},{"pi":"380004","pc":"Электроника","ss":100000,"td":"Центр города","dc":1,"n":699.77,"vc":"около 500 000","sl":"Очень высокий","sv":"менее 50","p":25000.0,"q":23.66,"b":0.65,"ms":16.48,"wi":32.45,"ei":5.15,"as":546.84,"mi":"E","mv":176,"sc":1,"lpe":83.52,"lpr":3251.02,"lq":1.58,"d":290},{"pi":"380004","pc":"Электроника","ss":100000,"td":"Центр города","dc":2,"n":579.85,"vc":"около 500 000","sl":"Очень низкий","sv":"менее 50","p":33000.0,"q":27.55,"b":4.27,"ms":0.06,"wi":71.42,"ei":6.52,"as":865.93,"mi":"E","mv":17295,"sc":1,"lpe":99.94,"lpr":10499.08,"lq":1.0,"d":1560},{"pi":"380004","pc":"Электроника","ss":100000,"td":"Фешенебельный район","dc":1,"n":709.88,"vc":"около 500 000","sl":"Элитный","sv":"около 1 000","p":370000.0,"q":44.24,"b":3.66,"ms":4.32,"wi":94.66,"ei":5.73,"as":634.32,"mi":"E","mv":20156,"sc":2,"lpe":95.09,"lpr":58838.38,"lq":1.0,"d":1375},{"pi":"380004","pc":"Электроника","ss":100000,"td":"Центр города","dc":1,"n":468.91,"vc":"более 100 000","sl":"Элитный","sv":"более 100","p":169621.82,"q":34.15,"b":0.0,"ms":0.59,"wi":94.66,"ei":5.73,"as":634.32,"mi":"E","mv":20156,"sc":2,"lpe":95.09,"lpr":58838.38,"lq":1.0,"d":1375},{"pi":"380004","pc":"Электроника","ss":100000,"td":"Фешенебельный район","dc":4,"n":588.56,"vc":"более 100 000","sl":"Элитный","sv":"около 500","p":116355.07,"q":43.11,"b":1.77,"ms":2.24,"wi":105.14,"ei":8.27,"as":1023.96,"mi":"E","mv":31203,"sc":2,"lpe":97.38,"lpr":75356.25,"lq":1.0,"d":2847},{"pi":"380004","pc":"Электроника","ss":100000,"td":"Центр города","dc":1,"n":434.55,"vc":"более 100 000","sl":"Элитный","sv":"более 100","p":128785.0,"q":34.15,"b":0.0,"ms":0.38,"wi":105.14,"ei":8.27,"as":1023.96,"mi":"E","mv":31203,"sc":2,"lpe":97.38,"lpr":75356.25,"lq":1.0,"d":2847},{"pi":"380004","pc":"Электроника","ss":10000,"td":"Центр города","dc":1,"n":344.74,"vc":"около 5 000","sl":"Элитный","sv":"менее 50","p":42000.0,"q":18.93,"b":2.42,"ms":0.33,"wi":43.07,"ei":6.1,"as":320.0,"mi":"E","mv":3602,"sc":1,"lpe":99.67,"lpr":8766.03,"lq":1.0,"d":201},{"pi":"380004","pc":"Электроника","ss":100000,"td":"Фешенебельный район","dc":1,"n":690.03,"vc":"более 200 000","sl":"Элитный","sv":"более 1 000","p":30000.0,"q":31.13,"b":6.8,"ms":9.51,"wi":50.17,"ei":6.4,"as":344.62,"mi":"E","mv":18603,"sc":2,"lpe":89.84,"lpr":5745.96,"lq":1.0,"d":788},{"pi":"380004","pc":"Электроника","ss":100000,"td":"Центр города","dc":2,"n":685.22,"vc":"более 1 000 000","sl":"Низкий","sv":"более 100","p":25785.38,"q":21.62,"b":0.0,"ms":0.64,"wi":50.17,"ei":6.4,"as":344.62,"mi":"E","mv":18603,"sc":2,"lpe":89.84,"lpr":5745.96,"lq":1.0,"d":788},{"pi":"380004","pc":"Электроника","ss":100000,"td":"Фешенебельный район","dc":1,"n":706.08,"vc":"более 200 000","sl":"Элитный","sv":"более 1 000","p":352000.0,"q":44.24,"b":3.66,"ms":7.87,"wi":119.43,"ei":9.92,"as":1514.88,"mi":"E","mv":19463,"sc":2,"lpe":89.56,"lpr":68534.23,"lq":1.75,"d":1420},{"pi":"380004","pc":"Электроника","ss":100000,"td":"Центр города","dc":3,"n":471.76,"vc":"более 200 000","sl":"Высокий","sv":"около 500","p":115000.0,"q":10.64,"b":0.0,"ms":2.57,"wi":119.43,"ei":9.92,"as":1514.88,"mi":"E","mv":19463,"sc":2,"lpe":89.56,"lpr":68534.23,"lq":1.75,"d":1420},{"pi":"380004","pc":"Электроника","ss":100000,"td":"Центр города","dc":1,"n":491.71,"vc":"более 200 000","sl":"Элитный","sv":"более 100","p":165000.0,"q":34.15,"b":0.0,"ms":0.45,"wi":96.23,"ei":6.22,"as":403.52,"mi":"E","mv":26286,"sc":2,"lpe":99.53,"lpr":41066.48,"lq":1.0,"d":1193},{"pi":"380004","pc":"Электроника","ss":10000,"td":"Фешенебельный район","dc":1,"n":645.77,"vc":"более 10 000","sl":"Элитный","sv":"менее 50","p":295600.0,"q":23.83,"b":0.03,"ms":0.01,"wi":96.23,"ei":6.22,"as":403.52,"mi":"E","mv":26286,"sc":2,"lpe":99.53,"lpr":41066.48,"lq":1.0,"d":1193},{"pi":"380004","pc":"Электроника","ss":100000,"td":"Спальный район","dc":1,"n":28.57,"vc":"более 1 000","sl":"Элитный","sv":"около 1 000","p":70000.0,"q":45.01,"b":4.21,"ms":5.58,"wi":97.28,"ei":5.35,"as":374.69,"mi":"E","mv":17927,"sc":2,"lpe":91.49,"lpr":39016.85,"lq":1.0,"d":804},{"pi":"380004","pc":"Электроника","ss":100000,"td":"Фешенебельный район","dc":2,"n":480.68,"vc":"около 50 000","sl":"Элитный","sv":"около 500","p":180000.0,"q":26.95,"b":0.0,"ms":2.93,"wi":97.28,"ei":5.35,"as":374.69,"mi":"E","mv":17927,"sc":2,"lpe":91.49,"lpr":39016.85,"lq":1.0,"d":804},{"pi":"380004","pc":"Электроника","ss":10000,"td":"Фешенебельный район","dc":1,"n":645.77,"vc":"более 10 000","sl":"Элитный","sv":"более 1 000","p":187900.0,"q":26.19,"b":0.13,"ms":3.47,"wi":95.22,"ei":7.84,"as":648.74,"mi":"E","mv":32989,"sc":3,"lpe":96.1,"lpr":46602.95,"lq":1.0,"d":1471},{"pi":"380004","pc":"Электроника","ss":100000,"td":"Центр города","dc":1,"n":465.49,"vc":"более 200 000","sl":"Элитный","sv":"более 100","p":150000.0,"q":34.15,"b":0.0,"ms":0.36,"wi":95.22,"ei":7.84,"as":648.74,"mi":"E","mv":32989,"sc":3,"lpe":96.1,"lpr":46602.95,"lq":1.0,"d":1471},{"pi":"380004","pc":"Электроника","ss":100000,"td":"Центр города","dc":1,"n":454.97,"vc":"более 200 000","sl":"Элитный","sv":"менее 50","p":150000.0,"q":33.59,"b":2.74,"ms":0.08,"wi":95.22,"ei":7.84,"as":648.74,"mi":"E","mv":32989,"sc":3,"lpe":96.1,"lpr":46602.95,"lq":1.0,"d":1471},{"pi":"380004","pc":"Электроника","ss":100000,"td":"Центр города","dc":3,"n":498.72,"vc":"более 200 000","sl":"Высокий","sv":"менее 50","p":80000.0,"q":17.98,"b":0.0,"ms":0.05,"wi":37.5,"ei":5.07,"as":451.06,"mi":"E","mv":6014,"sc":1,"lpe":99.95,"lpr":13897.85,"lq":1.0,"d":3038},{"pi":"380004","pc":"Электроника","ss":100000,"td":"Фешенебельный район","dc":1,"n":690.15,"vc":"более 200 000","sl":"Элитный","sv":"около 1 000","p":150000.0,"q":50.27,"b":0.0,"ms":9.25,"wi":105.35,"ei":7.18,"as":506.56,"mi":"E","mv":10629,"sc":1,"lpe":90.75,"lpr":29680.73,"lq":1.0,"d":1026},{"pi":"380004","pc":"Электроника","ss":100000,"td":"Центр города","dc":3,"n":607.98,"vc":"около 500 000","sl":"Нормальный","sv":"более 200","p":96596.57,"q":23.15,"b":3.36,"ms":5.77,"wi":43.39,"ei":4.17,"as":254.56,"mi":"E","mv":3915,"sc":1,"lpe":94.23,"lpr":16549.03,"lq":1.0,"d":592},{"pi":"380004","pc":"Электроника","ss":100000,"td":"Фешенебельный район","dc":1,"n":658.08,"vc":"более 200 000","sl":"Элитный","sv":"более 1 000","p":73000.0,"q":51.82,"b":3.95,"ms":4.09,"wi":47.55,"ei":12.32,"as":481.26,"mi":"E","mv":33835,"sc":3,"lpe":95.75,"lpr":12941.61,"lq":1.0,"d":2667},{"pi":"380004","pc":"Электроника","ss":100000,"td":"Фешенебельный район","dc":2,"n":520.88,"vc":"около 100 000","sl":"Элитный","sv":"около 50","p":23219.79,"q":43.5,"b":0.0,"ms":0.15,"wi":47.55,"ei":12.32,"as":481.26,"mi":"E","mv":33835,"sc":3,"lpe":95.75,"lpr":12941.61,"lq":1.0,"d":2667},{"pi":"380004","pc":"Электроника","ss":100000,"td":"Фешенебельный район","dc":3,"n":401.26,"vc":"более 10 000","sl":"Элитный","sv":"менее 50","p":84000.0,"q":26.04,"b":0.0,"ms":0.01,"wi":47.55,"ei":12.32,"as":481.26,"mi":"E","mv":33835,"sc":3,"lpe":95.75,"lpr":12941.61,"lq":1.0,"d":2667},{"pi":"380004","pc":"Электроника","ss":100000,"td":"Центр города","dc":1,"n":562.76,"vc":"более 1 000 000","sl":"Высокий","sv":"более 10 000","p":45000.0,"q":45.35,"b":4.64,"ms":7.36,"wi":91.03,"ei":12.41,"as":652.46,"mi":"E","mv":236945,"sc":6,"lpe":81.66,"lpr":23329.29,"lq":7.93,"d":15986},{"pi":"380004","pc":"Электроника","ss":100000,"td":"Центр города","dc":1,"n":376.7,"vc":"более 200 000","sl":"Элитный","sv":"более 10 000","p":58000.0,"q":48.41,"b":3.65,"ms":5.0,"wi":91.03,"ei":12.41,"as":652.46,"mi":"E","mv":236945,"sc":6,"lpe":81.66,"lpr":23329.29,"lq":7.93,"d":15986},{"pi":"380004","pc":"Электроника","ss":100000,"td":"Центр города","dc":1,"n":452.3,"vc":"около 500 000","sl":"Очень высокий","sv":"около 1 000","p":80000.0,"q":33.8,"b":4.15,"ms":0.42,"wi":91.03,"ei":12.41,"as":652.46,"mi":"E","mv":236945,"sc":6,"lpe":81.66,"lpr":23329.29,"lq":7.93,"d":15986},{"pi":"380004","pc":"Электроника","ss":100000,"td":"Центр города","dc":1,"n":370.56,"vc":"более 200 000","sl":"Элитный","sv":"более 100","p":65000.0,"q":34.15,"b":0.04,"ms":0.05,"wi":91.03,"ei":12.41,"as":652.46,"mi":"E","mv":236945,"sc":6,"lpe":81.66,"lpr":23329.29,"lq":7.93,"d":15986},{"pi":"380004","pc":"Электроника","ss":100000,"td":"Центр города","dc":1,"n":277.93,"vc":"около 100 000","sl":"Элитный","sv":"около 50","p":151250.0,"q":34.17,"b":0.0,"ms":0.02,"wi":91.03,"ei":12.41,"as":652.46,"mi":"E","mv":236945,"sc":6,"lpe":81.66,"lpr":23329.29,"lq":7.93,"d":15986},{"pi":"380004","pc":"Электроника","ss":100000,"td":"Фешенебельный район","dc":1,"n":699.11,"vc":"около 500 000","sl":"Очень высокий","sv":"около 5 000","p":129000.0,"q":47.05,"b":4.64,"ms":6.38,"wi":117.9,"ei":6.83,"as":721.28,"mi":"E","mv":78371,"sc":3,"lpe":90.66,"lpr":29168.66,"lq":1.0,"d":4698},{"pi":"380004","pc":"Электроника","ss":100000,"td":"Спальный район","dc":1,"n":554.08,"vc":"около 500 000","sl":"Очень высокий","sv":"более 2 000","p":51500.0,"q":29.67,"b":0.0,"ms":2.81,"wi":117.9,"ei":6.83,"as":721.28,"mi":"E","mv":78371,"sc":3,"lpe":90.66,"lpr":29168.66,"lq":1.0,"d":4698},{"pi":"380004","pc":"Электроника","ss":100000,"td":"Центр города","dc":1,"n":369.31,"vc":"более 100 000","sl":"Элитный","sv":"более 100","p":125737.5,"q":34.15,"b":0.04,"ms":0.15,"wi":117.9,"ei":6.83,"as":721.28,"mi":"E","mv":78371,"sc":3,"lpe":90.66,"lpr":29168.66,"lq":1.0,"d":4698},{"pi":"380004","pc":"Электроника","ss":100000,"td":"Центр города","dc":1,"n":571.94,"vc":"около 500 000","sl":"Элитный","sv":"более 100","p":160000.0,"q":34.15,"b":0.0,"ms":2.34,"wi":135.19,"ei":7.52,"as":745.51,"mi":"E","mv":5050,"sc":2,"lpe":97.62,"lpr":71107.86,"lq":1.0,"d":352},{"pi":"380004","pc":"Электроника","ss":1000,"td":"Центр города","dc":1,"n":546.38,"vc":"около 5 000","sl":"Нормальный","sv":"менее 50","p":255619.03,"q":19.4,"b":0.0,"ms":0.04,"wi":135.19,"ei":7.52,"as":745.51,"mi":"E","mv":5050,"sc":2,"lpe":97.62,"lpr":71107.86,"lq":1.0,"d":352},{"pi":"380004","pc":"Электроника","ss":100000,"td":"Фешенебельный район","dc":2,"n":658.14,"vc":"более 200 000","sl":"Элитный","sv":"около 500","p":27280.63,"q":43.11,"b":1.41,"ms":6.23,"wi":29.1,"ei":9.68,"as":218.57,"mi":"E","mv":9634,"sc":1,"lpe":93.77,"lpr":10429.02,"lq":1.0,"d":1619},{"pi":"380004","pc":"Электроника","ss":100000,"td":"Фешенебельный район","dc":1,"n":684.31,"vc":"более 200 000","sl":"Элитный","sv":"менее 50","p":155000.0,"q":25.39,"b":0.0,"ms":0.01,"wi":60.97,"ei":7.92,"as":423.5,"mi":"E","mv":26448,"sc":1,"lpe":99.99,"lpr":21055.18,"lq":1.0,"d":1657},{"pi":"380004","pc":"Электроника","ss":500,"td":"Фешенебельный район","dc":1,"n":709.0,"vc":"около 500","sl":"Элитный","sv":"около 100","p":23355.45,"q":43.11,"b":2.7,"ms":13.66,"wi":22.85,"ei":8.95,"as":626.98,"mi":"E","mv":732,"sc":1,"lpe":86.34,"lpr":11186.37,"lq":3.47,"d":1420},{"pi":"380004","pc":"Электроника","ss":100000,"td":"Центр города","dc":1,"n":526.38,"vc":"около 500 000","sl":"Элитный","sv":"более 100","p":160000.0,"q":27.05,"b":0.0,"ms":1.09,"wi":74.62,"ei":6.62,"as":334.94,"mi":"E","mv":16489,"sc":1,"lpe":98.91,"lpr":30531.74,"lq":1.0,"d":3589},{"pi":"380004","pc":"Электроника","ss":500,"td":"Фешенебельный район","dc":1,"n":433.14,"vc":"более 100","sl":"Элитный","sv":"около 1 000","p":40000.0,"q":45.01,"b":7.54,"ms":5.88,"wi":77.72,"ei":6.25,"as":754.07,"mi":"E","mv":16798,"sc":2,"lpe":85.88,"lpr":30290.72,"lq":1.0,"d":1415},{"pi":"380004","pc":"Электроника","ss":500,"td":"Фешенебельный район","dc":1,"n":734.6,"vc":"более 100","sl":"Элитный","sv":"менее 50","p":30000.0,"q":51.54,"b":10.98,"ms":23.33,"wi":44.58,"ei":9.3,"as":3618.26,"mi":"E","mv":90,"sc":2,"lpe":56.67,"lpr":11097.4,"lq":3.85,"d":68},{"pi":"380004","pc":"Электроника","ss":500,"td":"Центр города","dc":1,"n":707.23,"vc":"около 1 000","sl":"Высокий","sv":"менее 50","p":28000.0,"q":29.82,"b":0.29,"ms":20.0,"wi":44.58,"ei":9.3,"as":3618.26,"mi":"E","mv":90,"sc":2,"lpe":56.67,"lpr":11097.4,"lq":3.85,"d":68},{"pi":"380004","pc":"Электроника","ss":100000,"td":"Центр города","dc":1,"n":468.07,"vc":"более 100 000","sl":"Элитный","sv":"около 100","p":89000.0,"q":10.64,"b":0.0,"ms":1.99,"wi":30.76,"ei":13.94,"as":309.49,"mi":"E","mv":3919,"sc":1,"lpe":98.01,"lpr":16490.91,"lq":1.0,"d":1051},{"pi":"380004","pc":"Электроника","ss":100000,"td":"Фешенебельный район","dc":1,"n":711.67,"vc":"более 100 000","sl":"Элитный","sv":"около 100","p":23847.09,"q":43.5,"b":2.39,"ms":6.29,"wi":52.43,"ei":5.87,"as":492.49,"mi":"E","mv":1589,"sc":1,"lpe":93.71,"lpr":12245.81,"lq":1.0,"d":213},{"pi":"380004","pc":"Электроника","ss":100000,"td":"Центр города","dc":8,"n":372.69,"vc":"около 50 000","sl":"Очень высокий","sv":"менее 50","p":90920.0,"q":10.64,"b":0.0,"ms":0.28,"wi":30.6,"ei":3.23,"as":225.59,"mi":"E","mv":3550,"sc":1,"lpe":99.72,"lpr":17693.66,"lq":1.0,"d":653},{"pi":"380004","pc":"Электроника","ss":100000,"td":"Центр города","dc":1,"n":516.08,"vc":"более 200 000","sl":"Элитный","sv":"около 2 000","p":20000.0,"q":33.59,"b":0.28,"ms":16.2,"wi":53.0,"ei":5.3,"as":524.72,"mi":"E","mv":12347,"sc":1,"lpe":83.8,"lpr":5129.47,"lq":1.8,"d":858},{"pi":"380004","pc":"Электроника","ss":100000,"td":"Фешенебельный район","dc":1,"n":630.17,"vc":"более 200 000","sl":"Элитный","sv":"около 1 000","p":50000.0,"q":51.47,"b":0.22,"ms":1.44,"wi":64.5,"ei":14.69,"as":1178.45,"mi":"E","mv":69438,"sc":4,"lpe":98.14,"lpr":27081.85,"lq":1.0,"d":4918},{"pi":"380004","pc":"Электроника","ss":100000,"td":"Центр города","dc":1,"n":360.23,"vc":"более 100 000","sl":"Элитный","sv":"более 200","p":150000.0,"q":34.15,"b":0.0,"ms":0.3,"wi":64.5,"ei":14.69,"as":1178.45,"mi":"E","mv":69438,"sc":4,"lpe":98.14,"lpr":27081.85,"lq":1.0,"d":4918},{"pi":"380004","pc":"Электроника","ss":100000,"td":"Фешенебельный район","dc":10,"n":645.08,"vc":"более 200 000","sl":"Низкий","sv":"около 100","p":166181.51,"q":38.72,"b":2.62,"ms":0.12,"wi":64.5,"ei":14.69,"as":1178.45,"mi":"E","mv":69438,"sc":4,"lpe":98.14,"lpr":27081.85,"lq":1.0,"d":4918},{"pi":"380004","pc":"Электроника","ss":100000,"td":"Фешенебельный район","dc":1,"n":683.05,"vc":"около 500 000","sl":"Элитный","sv":"менее 50","p":286000.0,"q":44.21,"b":3.48,"ms":0.0,"wi":64.5,"ei":14.69,"as":1178.45,"mi":"E","mv":69438,"sc":4,"lpe":98.14,"lpr":27081.85,"lq":1.0,"d":4918},{"pi":"380004","pc":"Электроника","ss":100000,"td":"Фешенебельный район","dc":10,"n":683.75,"vc":"около 100 000","sl":"Высокий","sv":"менее 50","p":139462.56,"q":38.72,"b":1.6,"ms":1.88,"wi":17.75,"ei":3.78,"as":238.56,"mi":"E","mv":1011,"sc":1,"lpe":98.12,"lpr":20964.29,"lq":1.0,"d":2346},{"pi":"380004","pc":"Электроника","ss":100000,"td":"Центр города","dc":1,"n":428.52,"vc":"более 200 000","sl":"Элитный","sv":"менее 50","p":145125.0,"q":34.17,"b":0.0,"ms":0.07,"wi":60.82,"ei":10.27,"as":909.2,"mi":"E","mv":28313,"sc":1,"lpe":99.93,"lpr":25054.11,"lq":1.0,"d":2215},{"pi":"380004","pc":"Электроника","ss":100000,"td":"Центр города","dc":1,"n":515.79,"vc":"более 300 000","sl":"Элитный","sv":"менее 50","p":131623.1,"q":25.65,"b":0.54,"ms":0.01,"wi":68.54,"ei":16.36,"as":1196.71,"mi":"E","mv":10158,"sc":1,"lpe":99.97,"lpr":21489.66,"lq":1.0,"d":693},{"pi":"380004","pc":"Электроника","ss":100000,"td":"Центр города","dc":1,"n":514.64,"vc":"более 200 000","sl":"Элитный","sv":"менее 50","p":155737.5,"q":22.66,"b":0.0,"ms":0.01,"wi":62.57,"ei":13.98,"as":1863.8,"mi":"E","mv":9973,"sc":1,"lpe":99.99,"lpr":23963.69,"lq":1.0,"d":787},{"pi":"380004","pc":"Электроника","ss":100000,"td":"Фешенебельный район","dc":2,"n":527.25,"vc":"около 50 000","sl":"Элитный","sv":"около 500","p":55000.0,"q":26.06,"b":0.0,"ms":3.53,"wi":31.02,"ei":6.12,"as":349.08,"mi":"E","mv":17058,"sc":1,"lpe":96.47,"lpr":10913.27,"lq":1.0,"d":2029},{"pi":"380004","pc":"Электроника","ss":100000,"td":"Центр города","dc":2,"n":500.45,"vc":"более 200 000","sl":"Элитный","sv":"около 100","p":65000.0,"q":26.06,"b":0.0,"ms":2.41,"wi":38.82,"ei":9.28,"as":428.03,"mi":"E","mv":4152,"sc":1,"lpe":97.59,"lpr":32156.82,"lq":1.0,"d":2002},{"pi":"380004","pc":"Электроника","ss":100000,"td":"Центр города","dc":2,"n":498.97,"vc":"более 100 000","sl":"Очень высокий","sv":"около 500","p":40000.0,"q":27.3,"b":0.0,"ms":12.48,"wi":37.43,"ei":9.03,"as":427.1,"mi":"E","mv":4007,"sc":1,"lpe":87.52,"lpr":8002.23,"lq":2.79,"d":1137},{"pi":"380004","pc":"Электроника","ss":10000,"td":"Центр города","dc":1,"n":423.59,"vc":"более 10 000","sl":"Очень высокий","sv":"более 200","p":60000.0,"q":27.3,"b":0.0,"ms":1.27,"wi":75.59,"ei":8.41,"as":636.04,"mi":"E","mv":19888,"sc":1,"lpe":98.73,"lpr":25453.66,"lq":1.0,"d":974},{"pi":"380004","pc":"Электроника","ss":100000,"td":"Фешенебельный район","dc":5,"n":649.98,"vc":"более 100 000","sl":"Очень высокий","sv":"около 1 000","p":19479.6,"q":43.11,"b":4.71,"ms":13.79,"wi":49.83,"ei":4.32,"as":536.62,"mi":"E","mv":7250,"sc":1,"lpe":86.21,"lpr":10094.23,"lq":3.08,"d":863},{"pi":"380004","pc":"Электроника","ss":100000,"td":"Фешенебельный район","dc":1,"n":624.28,"vc":"более 100 000","sl":"Элитный","sv":"более 200","p":110000.0,"q":25.62,"b":0.0,"ms":3.75,"wi":54.97,"ei":6.55,"as":534.15,"mi":"E","mv":6834,"sc":1,"lpe":96.25,"lpr":16522.45,"lq":1.0,"d":1278},{"pi":"380004","pc":"Электроника","ss":1000,"td":"Фешенебельный район","dc":1,"n":685.12,"vc":"более 1 000","sl":"Очень высокий","sv":"около 200","p":30000.0,"q":45.01,"b":5.84,"ms":3.36,"wi":80.52,"ei":8.2,"as":766.39,"mi":"E","mv":5960,"sc":1,"lpe":96.64,"lpr":19794.17,"lq":1.0,"d":532},{"pi":"380004","pc":"Электроника","ss":1000,"td":"Фешенебельный район","dc":1,"n":516.71,"vc":"около 500","sl":"Элитный","sv":"около 200","p":30000.0,"q":45.01,"b":5.84,"ms":2.21,"wi":78.65,"ei":6.93,"as":514.15,"mi":"E","mv":9062,"sc":1,"lpe":97.79,"lpr":15501.42,"lq":1.0,"d":2980},{"pi":"380004","pc":"Электроника","ss":1000,"td":"Фешенебельный район","dc":1,"n":654.94,"vc":"более 3 000","sl":"Высокий","sv":"около 200","p":100000.0,"q":45.01,"b":5.84,"ms":2.06,"wi":79.2,"ei":9.12,"as":724.54,"mi":"E","mv":9730,"sc":1,"lpe":97.94,"lpr":19380.79,"lq":1.0,"d":1255},{"pi":"380004","pc":"Электроника","ss":1000,"td":"Центр города","dc":1,"n":416.41,"vc":"около 5 000","sl":"Высокий","sv":"около 500","p":100000.0,"q":50.72,"b":4.04,"ms":2.03,"wi":79.27,"ei":12.05,"as":894.85,"mi":"E","mv":24617,"sc":4,"lpe":94.72,"lpr":32280.96,"lq":1.0,"d":6441},{"pi":"380004","pc":"Электроника","ss":1000,"td":"Центр города","dc":1,"n":482.71,"vc":"около 5 000","sl":"Нормальный","sv":"около 500","p":100000.0,"q":50.72,"b":4.04,"ms":2.03,"wi":79.27,"ei":12.05,"as":894.85,"mi":"E","mv":24617,"sc":4,"lpe":94.72,"lpr":32280.96,"lq":1.0,"d":6441},{"pi":"380004","pc":"Электроника","ss":1000,"td":"Фешенебельный район","dc":1,"n":426.04,"vc":"около 500","sl":"Элитный","sv":"около 200","p":100000.0,"q":45.01,"b":5.84,"ms":0.81,"wi":79.27,"ei":12.05,"as":894.85,"mi":"E","mv":24617,"sc":4,"lpe":94.72,"lpr":32280.96,"lq":1.0,"d":6441},{"pi":"380004","pc":"Электроника","ss":1000,"td":"Центр города","dc":1,"n":267.72,"vc":"более 2 000","sl":"Очень высокий","sv":"около 100","p":30000.0,"q":25.18,"b":0.0,"ms":0.41,"wi":79.27,"ei":12.05,"as":894.85,"mi":"E","mv":24617,"sc":4,"lpe":94.72,"lpr":32280.96,"lq":1.0,"d":6441},{"pi":"380004","pc":"Электроника","ss":100000,"td":"Фешенебельный район","dc":1,"n":664.35,"vc":"более 100 000","sl":"Элитный","sv":"более 100","p":25000.0,"q":33.59,"b":0.0,"ms":1.25,"wi":80.74,"ei":6.32,"as":440.09,"mi":"E","mv":14927,"sc":1,"lpe":98.75,"lpr":21099.84,"lq":1.0,"d":718},{"pi":"380004","pc":"Электроника","ss":100000,"td":"Фешенебельный район","dc":1,"n":660.95,"vc":"более 200 000","sl":"Элитный","sv":"более 3 000","p":70000.0,"q":51.22,"b":0.0,"ms":7.53,"wi":88.06,"ei":7.67,"as":429.01,"mi":"E","mv":41067,"sc":1,"lpe":92.47,"lpr":15450.11,"lq":1.08,"d":2707},{"pi":"380004","pc":"Электроника","ss":1000,"td":"Фешенебельный район","dc":1,"n":683.7,"vc":"более 1 000","sl":"Элитный","sv":"менее 50","p":20000.0,"q":44.98,"b":7.22,"ms":5.48,"wi":29.25,"ei":7.83,"as":649.96,"mi":"E","mv":566,"sc":1,"lpe":94.52,"lpr":3809.57,"lq":1.0,"d":206},{"pi":"380004","pc":"Электроника","ss":100000,"td":"Фешенебельный район","dc":2,"n":689.54,"vc":"более 200 000","sl":"Элитный","sv":"около 500","p":10557.89,"q":43.11,"b":1.39,"ms":10.15,"wi":11.03,"ei":4.68,"as":265.66,"mi":"E","mv":3939,"sc":1,"lpe":89.85,"lpr":4325.81,"lq":1.4,"d":2348},{"pi":"380004","pc":"Электроника","ss":100000,"td":"Спальный район","dc":1,"n":467.56,"vc":"более 100 000","sl":"Элитный","sv":"около 500","p":100000.0,"q":45.01,"b":4.49,"ms":1.92,"wi":76.26,"ei":6.13,"as":361.83,"mi":"E","mv":26075,"sc":1,"lpe":98.08,"lpr":40965.66,"lq":1.0,"d":1965},{"pi":"380004","pc":"Электроника","ss":100000,"td":"Фешенебельный район","dc":1,"n":619.95,"vc":"более 100 000","sl":"Элитный","sv":"около 5 000","p":55000.0,"q":31.4,"b":0.0,"ms":10.99,"wi":108.24,"ei":7.46,"as":1400.18,"mi":"E","mv":39794,"sc":3,"lpe":81.1,"lpr":18088.0,"lq":6.39,"d":1661},{"pi":"380004","pc":"Электроника","ss":100000,"td":"Центр города","dc":1,"n":483.12,"vc":"более 200 000","sl":"Очень высокий","sv":"более 3 000","p":63000.0,"q":50.71,"b":4.12,"ms":7.88,"wi":108.24,"ei":7.46,"as":1400.18,"mi":"E","mv":39794,"sc":3,"lpe":81.1,"lpr":18088.0,"lq":6.39,"d":1661},{"pi":"380004","pc":"Электроника","ss":100000,"td":"Центр города","dc":1,"n":573.21,"vc":"около 500 000","sl":"Очень высокий","sv":"менее 50","p":89000.0,"q":17.55,"b":0.0,"ms":0.03,"wi":108.24,"ei":7.46,"as":1400.18,"mi":"E","mv":39794,"sc":3,"lpe":81.1,"lpr":18088.0,"lq":6.39,"d":1661},{"pi":"380004","pc":"Электроника","ss":100000,"td":"Фешенебельный район","dc":2,"n":442.13,"vc":"более 10 000","sl":"Элитный","sv":"менее 50","p":140733.33,"q":26.7,"b":0.0,"ms":0.08,"wi":50.37,"ei":3.0,"as":214.48,"mi":"E","mv":9037,"sc":1,"lpe":99.92,"lpr":17014.1,"lq":1.0,"d":491},{"pi":"380004","pc":"Электроника","ss":10000,"td":"Центр города","dc":1,"n":593.81,"vc":"более 20 000","sl":"Элитный","sv":"более 200","p":25000.0,"q":23.65,"b":0.65,"ms":21.05,"wi":40.95,"ei":7.02,"as":429.25,"mi":"E","mv":1102,"sc":1,"lpe":78.95,"lpr":4339.89,"lq":1.55,"d":809},{"pi":"380004","pc":"Электроника","ss":500,"td":"Центр города","dc":1,"n":556.45,"vc":"более 1 000","sl":"Нормальный","sv":"менее 50","p":90000.0,"q":33.59,"b":4.52,"ms":0.06,"wi":66.16,"ei":6.9,"as":452.74,"mi":"E","mv":6780,"sc":2,"lpe":99.93,"lpr":25447.63,"lq":1.0,"d":1371},{"pi":"380004","pc":"Электроника","ss":500,"td":"Центр города","dc":1,"n":562.18,"vc":"более 1 000","sl":"Нормальный","sv":"менее 50","p":160000.0,"q":22.66,"b":0.0,"ms":0.01,"wi":66.16,"ei":6.9,"as":452.74,"mi":"E","mv":6780,"sc":2,"lpe":99.93,"lpr":25447.63,"lq":1.0,"d":1371},{"pi":"380004","pc":"Электроника","ss":100000,"td":"Фешенебельный район","dc":2,"n":706.33,"vc":"более 100 000","sl":"Элитный","sv":"около 50","p":21251.59,"q":43.11,"b":2.79,"ms":3.42,"wi":27.24,"ei":8.07,"as":382.04,"mi":"E","mv":1460,"sc":1,"lpe":96.58,"lpr":9937.87,"lq":1.0,"d":970},{"pi":"380004","pc":"Электроника","ss":100000,"td":"Центр города","dc":1,"n":681.28,"vc":"около 500 000","sl":"Очень высокий","sv":"около 50","p":130318.75,"q":34.12,"b":0.0,"ms":1.98,"wi":77.91,"ei":9.63,"as":1565.9,"mi":"E","mv":1668,"sc":1,"lpe":97.96,"lpr":29904.56,"lq":1.0,"d":169},{"pi":"380004","pc":"Электроника","ss":100000,"td":"Центр города","dc":2,"n":483.66,"vc":"более 200 000","sl":"Элитный","sv":"около 100","p":45000.0,"q":27.3,"b":0.0,"ms":2.05,"wi":37.42,"ei":10.46,"as":633.22,"mi":"E","mv":4875,"sc":1,"lpe":97.95,"lpr":18407.86,"lq":1.0,"d":1291},{"pi":"380004","pc":"Электроника","ss":10000,"td":"Центр города","dc":1,"n":560.03,"vc":"более 20 000","sl":"Очень высокий","sv":"более 200","p":25000.0,"q":23.74,"b":0.65,"ms":7.24,"wi":34.68,"ei":6.16,"as":388.83,"mi":"E","mv":2983,"sc":1,"lpe":92.76,"lpr":4793.22,"lq":1.0,"d":306},{"pi":"380004","pc":"Электроника","ss":10000,"td":"Центр города","dc":1,"n":553.9,"vc":"более 20 000","sl":"Очень высокий","sv":"более 200","p":25000.0,"q":23.66,"b":0.65,"ms":8.95,"wi":53.39,"ei":8.85,"as":536.19,"mi":"E","mv":2470,"sc":1,"lpe":91.05,"lpr":4956.87,"lq":1.0,"d":410}]