[{"pi":"15747","pc":"Продукты питания","ss":500,"td":"Фешенебельный район","dc":3,"n":62.35,"vc":"около 50","sl":"Элитный","sv":"более 100","p":18.0,"q":1.0,"b":0.0,"ms":0.01,"wi":0.39,"ei":5.5,"as":350.0,"mi":"E","mv":1066024,"sc":1,"lpe":99.99,"lpr":30.52,"lq":1.0,"d":600},{"pi":"15747","pc":"Продукты питания","ss":500,"td":"Фешенебельный район","dc":1,"n":38.13,"vc":"менее 50","sl":"Элитный","sv":"менее 50","p":16.0,"q":1.81,"b":0.0,"ms":0.01,"wi":0.16,"ei":4.26,"as":141.04,"mi":"E","mv":228840,"sc":1,"lpe":99.99,"lpr":12.32,"lq":1.0,"d":232}]