[{"pi":"423950","pc":"Аптека","ss":500,"td":"Фешенебельный район","dc":1,"n":582.22,"vc":"около 500","sl":"Очень высокий","sv":"более 2 000","p":2824.38,"q":8.83,"b":0.0,"ms":0.79,"wi":75.85,"ei":12.1,"as":729.22,"mi":"E","mv":329554,"sc":2,"lpe":99.18,"lpr":1545.43,"lq":1.0,"d":1235},{"pi":"423950","pc":"Аптека","ss":1000,"td":"Центр города","dc":2,"n":106.02,"vc":"около 500","sl":"Элитный","sv":"около 100","p":2780.0,"q":7.33,"b":0.0,"ms":0.03,"wi":75.85,"ei":12.1,"as":729.22,"mi":"E","mv":329554,"sc":2,"lpe":99.18,"lpr":1545.43,"lq":1.0,"d":1235},{"pi":"423950","pc":"Аптека","ss":10000,"td":"Центр города","dc":1,"n":606.3,"vc":"около 100 000","sl":"Нормальный","sv":"около 10 000","p":7000.0,"q":8.88,"b":0.0,"ms":1.88,"wi":60.32,"ei":7.58,"as":403.37,"mi":"E","mv":513907,"sc":1,"lpe":98.12,"lpr":3229.39,"lq":1.0,"d":2108},{"pi":"423950","pc":"Аптека","ss":100000,"td":"Центр города","dc":2,"n":408.64,"vc":"более 200 000","sl":"Элитный","sv":"около 5 000","p":4800.0,"q":6.65,"b":0.0,"ms":0.43,"wi":82.91,"ei":6.91,"as":1080.49,"mi":"E","mv":1418957,"sc":1,"lpe":99.57,"lpr":2294.46,"lq":1.0,"d":5342},{"pi":"423950","pc":"Аптека","ss":100000,"td":"Фешенебельный район","dc":1,"n":694.53,"vc":"более 200 000","sl":"Элитный","sv":"более 100 000","p":13000.0,"q":9.69,"b":5.79,"ms":50.62,"wi":143.39,"ei":7.29,"as":661.55,"mi":"D","mv":230546,"sc":1,"lpe":49.38,"lpr":4959.28,"lq":1.66,"d":1029},{"pi":"423950","pc":"Аптека","ss":10000,"td":"Фешенебельный район","dc":1,"n":611.84,"vc":"более 10 000","sl":"Очень высокий","sv":"около 5 000","p":3400.0,"q":7.33,"b":0.0,"ms":0.68,"wi":59.46,"ei":5.22,"as":274.68,"mi":"E","mv":740315,"sc":1,"lpe":99.32,"lpr":1731.4,"lq":1.0,"d":2794},{"pi":"423950","pc":"Аптека","ss":100000,"td":"Спальный район","dc":2,"n":412.51,"vc":"более 100 000","sl":"Элитный","sv":"около 5 000","p":4800.0,"q":6.81,"b":0.0,"ms":0.53,"wi":74.13,"ei":6.14,"as":484.11,"mi":"E","mv":753404,"sc":1,"lpe":99.47,"lpr":2244.31,"lq":1.0,"d":2838},{"pi":"423950","pc":"Аптека","ss":100000,"td":"Центр города","dc":3,"n":380.62,"vc":"более 100 000","sl":"Элитный","sv":"около 5 000","p":2500.0,"q":7.83,"b":0.0,"ms":0.6,"wi":65.25,"ei":7.61,"as":597.75,"mi":"E","mv":760160,"sc":1,"lpe":99.4,"lpr":1312.96,"lq":1.0,"d":2865},{"pi":"423950","pc":"Аптека","ss":100000,"td":"Центр города","dc":1,"n":583.88,"vc":"около 500 000","sl":"Очень высокий","sv":"около 100 000","p":8499.0,"q":5.85,"b":0.0,"ms":17.85,"wi":164.51,"ei":10.67,"as":1516.17,"mi":"E","mv":519486,"sc":1,"lpe":82.15,"lpr":4554.88,"lq":2.3,"d":1885},{"pi":"423950","pc":"Аптека","ss":1000,"td":"Центр города","dc":1,"n":507.2,"vc":"более 10 000","sl":"Низкий","sv":"более 10 000","p":2000.0,"q":8.26,"b":0.0,"ms":2.81,"wi":61.55,"ei":11.03,"as":913.67,"mi":"E","mv":450952,"sc":5,"lpe":96.05,"lpr":1673.42,"lq":1.0,"d":12392},{"pi":"423950","pc":"Аптека","ss":500,"td":"Центр города","dc":1,"n":485.1,"vc":"более 2 000","sl":"Низкий","sv":"около 3 000","p":1500.0,"q":8.96,"b":0.0,"ms":0.67,"wi":61.55,"ei":11.03,"as":913.67,"mi":"E","mv":450952,"sc":5,"lpe":96.05,"lpr":1673.42,"lq":1.0,"d":12392},{"pi":"423950","pc":"Аптека","ss":500,"td":"Фешенебельный район","dc":1,"n":620.01,"vc":"около 500","sl":"Очень высокий","sv":"около 1 000","p":3111.19,"q":8.89,"b":0.0,"ms":0.22,"wi":61.55,"ei":11.03,"as":913.67,"mi":"E","mv":450952,"sc":5,"lpe":96.05,"lpr":1673.42,"lq":1.0,"d":12392},{"pi":"423950","pc":"Аптека","ss":1000,"td":"Центр города","dc":1,"n":422.99,"vc":"около 5 000","sl":"Нормальный","sv":"около 1 000","p":2222.0,"q":8.96,"b":0.0,"ms":0.22,"wi":61.55,"ei":11.03,"as":913.67,"mi":"E","mv":450952,"sc":5,"lpe":96.05,"lpr":1673.42,"lq":1.0,"d":12392},{"pi":"423950","pc":"Аптека","ss":1000,"td":"Спальный район","dc":1,"n":413.24,"vc":"около 5 000","sl":"Высокий","sv":"более 100","p":3500.0,"q":5.42,"b":0.0,"ms":0.02,"wi":61.55,"ei":11.03,"as":913.67,"mi":"E","mv":450952,"sc":5,"lpe":96.05,"lpr":1673.42,"lq":1.0,"d":12392},{"pi":"423950","pc":"Аптека","ss":500,"td":"Фешенебельный район","dc":1,"n":694.47,"vc":"около 500","sl":"Элитный","sv":"около 2 000","p":1844.86,"q":8.89,"b":0.0,"ms":3.79,"wi":25.95,"ei":5.33,"as":485.38,"mi":"E","mv":52814,"sc":2,"lpe":96.21,"lpr":1009.0,"lq":1.0,"d":3176},{"pi":"423950","pc":"Аптека","ss":500,"td":"Спальный район","dc":3,"n":121.57,"vc":"более 100","sl":"Очень высокий","sv":"менее 50","p":2700.0,"q":7.33,"b":0.0,"ms":0.01,"wi":25.95,"ei":5.33,"as":485.38,"mi":"E","mv":52814,"sc":2,"lpe":96.21,"lpr":1009.0,"lq":1.0,"d":3176},{"pi":"423950","pc":"Аптека","ss":1000,"td":"Центр города","dc":1,"n":418.31,"vc":"около 5 000","sl":"Высокий","sv":"около 5 000","p":2000.0,"q":8.95,"b":0.0,"ms":3.84,"wi":24.94,"ei":11.06,"as":782.89,"mi":"E","mv":104107,"sc":2,"lpe":95.2,"lpr":1178.71,"lq":1.0,"d":5728},{"pi":"423950","pc":"Аптека","ss":500,"td":"Фешенебельный район","dc":1,"n":688.89,"vc":"около 500","sl":"Очень высокий","sv":"около 1 000","p":1991.19,"q":8.89,"b":0.0,"ms":0.96,"wi":24.94,"ei":11.06,"as":782.89,"mi":"E","mv":104107,"sc":2,"lpe":95.2,"lpr":1178.71,"lq":1.0,"d":5728},{"pi":"423950","pc":"Аптека","ss":100000,"td":"Центр города","dc":2,"n":525.69,"vc":"более 200 000","sl":"Очень высокий","sv":"около 50 000","p":2500.0,"q":8.33,"b":0.0,"ms":52.1,"wi":72.41,"ei":6.56,"as":684.14,"mi":"D","mv":67183,"sc":1,"lpe":47.9,"lpr":1298.15,"lq":1.52,"d":397},{"pi":"423950","pc":"Аптека","ss":100000,"td":"Центр города","dc":4,"n":405.82,"vc":"более 100 000","sl":"Элитный","sv":"более 10 000","p":555.55,"q":10.48,"b":0.0,"ms":3.24,"wi":24.23,"ei":4.88,"as":222.61,"mi":"E","mv":347757,"sc":1,"lpe":96.76,"lpr":570.16,"lq":1.0,"d":1468},{"pi":"423950","pc":"Аптека","ss":100000,"td":"Центр города","dc":3,"n":402.73,"vc":"более 100 000","sl":"Элитный","sv":"более 10 000","p":1111.11,"q":10.48,"b":0.0,"ms":3.11,"wi":41.97,"ei":4.43,"as":182.26,"mi":"E","mv":361419,"sc":2,"lpe":96.82,"lpr":1340.45,"lq":1.0,"d":1812},{"pi":"423950","pc":"Аптека","ss":10000,"td":"Центр города","dc":1,"n":191.9,"vc":"около 5 000","sl":"Элитный","sv":"более 200","p":2500.0,"q":7.33,"b":0.0,"ms":0.07,"wi":41.97,"ei":4.43,"as":182.26,"mi":"E","mv":361419,"sc":2,"lpe":96.82,"lpr":1340.45,"lq":1.0,"d":1812},{"pi":"423950","pc":"Аптека","ss":100000,"td":"Пригород","dc":10,"n":490.88,"vc":"около 100 000","sl":"Очень высокий","sv":"менее 50","p":978.46,"q":1.0,"b":0.0,"ms":0.0,"wi":7.36,"ei":4.12,"as":161.41,"mi":"E","mv":48300,"sc":1,"lpe":100.0,"lpr":590.9,"lq":1.0,"d":4029},{"pi":"423950","pc":"Аптека","ss":100000,"td":"Спальный район","dc":3,"n":393.45,"vc":"более 100 000","sl":"Элитный","sv":"около 500","p":2800.0,"q":7.53,"b":0.0,"ms":0.06,"wi":41.76,"ei":8.78,"as":296.55,"mi":"E","mv":841666,"sc":1,"lpe":99.94,"lpr":977.2,"lq":1.0,"d":4441},{"pi":"423950","pc":"Аптека","ss":100000,"td":"Центр города","dc":1,"n":695.0,"vc":"более 1 000 000","sl":"Нормальный","sv":"около 5 000","p":4000.0,"q":11.76,"b":5.79,"ms":5.97,"wi":60.58,"ei":10.27,"as":1004.55,"mi":"E","mv":104131,"sc":1,"lpe":94.03,"lpr":1498.84,"lq":1.0,"d":950},{"pi":"423950","pc":"Аптека","ss":10000,"td":"Центр города","dc":1,"n":369.5,"vc":"более 20 000","sl":"Элитный","sv":"около 1 000","p":1000.0,"q":8.92,"b":0.0,"ms":0.11,"wi":31.11,"ei":15.07,"as":449.38,"mi":"E","mv":921299,"sc":1,"lpe":99.89,"lpr":559.18,"lq":1.0,"d":4857},{"pi":"423950","pc":"Аптека","ss":100000,"td":"Фешенебельный район","dc":1,"n":491.41,"vc":"около 50 000","sl":"Элитный","sv":"более 10 000","p":4400.0,"q":4.19,"b":0.0,"ms":1.5,"wi":57.77,"ei":9.84,"as":399.03,"mi":"E","mv":675393,"sc":1,"lpe":98.5,"lpr":3002.22,"lq":1.0,"d":3316},{"pi":"423950","pc":"Аптека","ss":100000,"td":"Центр города","dc":2,"n":457.53,"vc":"более 200 000","sl":"Низкий","sv":"около 50 000","p":1000.0,"q":6.9,"b":3.06,"ms":16.81,"wi":37.38,"ei":4.52,"as":259.04,"mi":"E","mv":237904,"sc":1,"lpe":83.19,"lpr":744.82,"lq":1.0,"d":1657},{"pi":"423950","pc":"Аптека","ss":1000,"td":"Фешенебельный район","dc":1,"n":725.64,"vc":"более 1 000","sl":"Элитный","sv":"более 200","p":1797.4,"q":8.44,"b":0.0,"ms":5.22,"wi":34.04,"ei":8.95,"as":849.54,"mi":"E","mv":5729,"sc":1,"lpe":94.78,"lpr":769.94,"lq":1.0,"d":222},{"pi":"423950","pc":"Аптека","ss":100000,"td":"Спальный район","dc":5,"n":346.03,"vc":"около 50 000","sl":"Нормальный","sv":"более 20 000","p":1500.0,"q":6.2,"b":4.89,"ms":3.89,"wi":101.91,"ei":5.55,"as":756.37,"mi":"E","mv":643306,"sc":2,"lpe":95.14,"lpr":3140.05,"lq":1.0,"d":2460},{"pi":"423950","pc":"Аптека","ss":10000,"td":"Центр города","dc":2,"n":113.5,"vc":"более 2 000","sl":"Очень высокий","sv":"около 5 000","p":2900.0,"q":3.84,"b":0.0,"ms":0.97,"wi":101.91,"ei":5.55,"as":756.37,"mi":"E","mv":643306,"sc":2,"lpe":95.14,"lpr":3140.05,"lq":1.0,"d":2460},{"pi":"423950","pc":"Аптека","ss":1000,"td":"Фешенебельный район","dc":1,"n":577.57,"vc":"более 1 000","sl":"Очень высокий","sv":"более 200","p":6000.0,"q":8.16,"b":3.6,"ms":0.05,"wi":63.62,"ei":6.37,"as":335.74,"mi":"E","mv":554863,"sc":3,"lpe":99.93,"lpr":1801.7,"lq":1.0,"d":2140},{"pi":"423950","pc":"Аптека","ss":1000,"td":"Фешенебельный район","dc":1,"n":512.49,"vc":"более 1 000","sl":"Элитный","sv":"около 100","p":5000.0,"q":5.52,"b":2.27,"ms":0.02,"wi":63.62,"ei":6.37,"as":335.74,"mi":"E","mv":554863,"sc":3,"lpe":99.93,"lpr":1801.7,"lq":1.0,"d":2140},{"pi":"423950","pc":"Аптека","ss":1000,"td":"Спальный район","dc":1,"n":437.91,"vc":"около 5 000","sl":"Высокий","sv":"менее 50","p":6000.0,"q":6.47,"b":0.0,"ms":0.0,"wi":63.62,"ei":6.37,"as":335.74,"mi":"E","mv":554863,"sc":3,"lpe":99.93,"lpr":1801.7,"lq":1.0,"d":2140},{"pi":"423950","pc":"Аптека","ss":100000,"td":"Центр города","dc":1,"n":546.89,"vc":"более 1 000 000","sl":"Высокий","sv":"более 100 000","p":8899.0,"q":5.86,"b":0.0,"ms":5.08,"wi":105.21,"ei":13.87,"as":803.35,"mi":"E","mv":2184912,"sc":2,"lpe":93.77,"lpr":5166.68,"lq":1.0,"d":9315},{"pi":"423950","pc":"Аптека","ss":100000,"td":"Центр города","dc":1,"n":430.74,"vc":"более 200 000","sl":"Элитный","sv":"более 20 000","p":5500.0,"q":6.63,"b":0.0,"ms":1.14,"wi":105.21,"ei":13.87,"as":803.35,"mi":"E","mv":2184912,"sc":2,"lpe":93.77,"lpr":5166.68,"lq":1.0,"d":9315},{"pi":"423950","pc":"Аптека","ss":10000,"td":"Центр города","dc":2,"n":293.64,"vc":"более 10 000","sl":"Элитный","sv":"более 10 000","p":1111.11,"q":10.48,"b":0.0,"ms":0.72,"wi":57.42,"ei":5.96,"as":448.87,"mi":"E","mv":1564911,"sc":2,"lpe":99.27,"lpr":1361.4,"lq":1.0,"d":5974},{"pi":"423950","pc":"Аптека","ss":10000,"td":"Центр города","dc":1,"n":127.19,"vc":"около 5 000","sl":"Элитный","sv":"более 200","p":2500.0,"q":7.33,"b":0.0,"ms":0.02,"wi":57.42,"ei":5.96,"as":448.87,"mi":"E","mv":1564911,"sc":2,"lpe":99.27,"lpr":1361.4,"lq":1.0,"d":5974},{"pi":"423950","pc":"Аптека","ss":10000,"td":"Спальный район","dc":3,"n":305.82,"vc":"около 10 000","sl":"Элитный","sv":"более 10 000","p":555.55,"q":10.48,"b":0.0,"ms":1.81,"wi":28.96,"ei":5.25,"as":307.54,"mi":"E","mv":622906,"sc":1,"lpe":98.19,"lpr":602.18,"lq":1.0,"d":2906},{"pi":"423950","pc":"Аптека","ss":1000,"td":"Центр города","dc":1,"n":597.3,"vc":"около 5 000","sl":"Нормальный","sv":"около 5 000","p":2222.0,"q":8.92,"b":0.0,"ms":10.38,"wi":64.91,"ei":10.23,"as":1395.94,"mi":"E","mv":35058,"sc":2,"lpe":83.92,"lpr":1453.31,"lq":1.3,"d":185},{"pi":"423950","pc":"Аптека","ss":1000,"td":"Центр города","dc":1,"n":608.04,"vc":"около 10 000","sl":"Низкий","sv":"около 2 000","p":2222.0,"q":8.94,"b":0.0,"ms":5.7,"wi":64.91,"ei":10.23,"as":1395.94,"mi":"E","mv":35058,"sc":2,"lpe":83.92,"lpr":1453.31,"lq":1.3,"d":185},{"pi":"423950","pc":"Аптека","ss":100000,"td":"Фешенебельный район","dc":1,"n":541.75,"vc":"около 100 000","sl":"Элитный","sv":"около 50 000","p":4500.0,"q":9.8,"b":4.14,"ms":3.37,"wi":61.93,"ei":9.19,"as":614.3,"mi":"E","mv":1151572,"sc":2,"lpe":96.63,"lpr":2252.64,"lq":1.0,"d":4618},{"pi":"423950","pc":"Аптека","ss":10000,"td":"Спальный район","dc":1,"n":139.24,"vc":"около 5 000","sl":"Элитный","sv":"около 50","p":4500.0,"q":6.63,"b":0.0,"ms":0.0,"wi":61.93,"ei":9.19,"as":614.3,"mi":"E","mv":1151572,"sc":2,"lpe":96.63,"lpr":2252.64,"lq":1.0,"d":4618},{"pi":"423950","pc":"Аптека","ss":100000,"td":"Центр города","dc":3,"n":550.33,"vc":"более 200 000","sl":"Очень высокий","sv":"около 5 000","p":8000.0,"q":6.07,"b":0.0,"ms":65.24,"wi":50.57,"ei":6.85,"as":545.07,"mi":"AAA","mv":9278,"sc":3,"lpe":0.0,"lpr":15842.52,"lq":3.85,"d":676},{"pi":"423950","pc":"Аптека","ss":100000,"td":"Фешенебельный район","dc":3,"n":648.63,"vc":"более 100 000","sl":"Элитный","sv":"более 2 000","p":8500.0,"q":7.27,"b":7.93,"ms":28.42,"wi":50.57,"ei":6.85,"as":545.07,"mi":"AAA","mv":9278,"sc":3,"lpe":0.0,"lpr":15842.52,"lq":3.85,"d":676},{"pi":"423950","pc":"Аптека","ss":10000,"td":"Центр города","dc":1,"n":512.26,"vc":"более 20 000","sl":"Элитный","sv":"около 500","p":15721.0,"q":7.33,"b":0.0,"ms":6.34,"wi":50.57,"ei":6.85,"as":545.07,"mi":"AAA","mv":9278,"sc":3,"lpe":0.0,"lpr":15842.52,"lq":3.85,"d":676},{"pi":"423950","pc":"Аптека","ss":100000,"td":"Фешенебельный район","dc":1,"n":518.92,"vc":"около 100 000","sl":"Элитный","sv":"более 200","p":5000.0,"q":5.0,"b":1.1,"ms":0.03,"wi":82.96,"ei":5.2,"as":388.24,"mi":"E","mv":744248,"sc":1,"lpe":99.97,"lpr":1864.36,"lq":1.0,"d":2728},{"pi":"423950","pc":"Аптека","ss":100000,"td":"Фешенебельный район","dc":3,"n":666.6,"vc":"около 100 000","sl":"Элитный","sv":"около 50","p":5000.0,"q":7.24,"b":6.5,"ms":0.42,"wi":65.16,"ei":6.07,"as":504.13,"mi":"E","mv":14154,"sc":1,"lpe":99.58,"lpr":1469.02,"lq":1.0,"d":206},{"pi":"423950","pc":"Аптека","ss":100000,"td":"Центр города","dc":1,"n":547.06,"vc":"более 300 000","sl":"Элитный","sv":"менее 50","p":3000.0,"q":4.02,"b":0.0,"ms":0.01,"wi":39.5,"ei":5.7,"as":354.74,"mi":"E","mv":64479,"sc":1,"lpe":99.99,"lpr":923.92,"lq":1.0,"d":601},{"pi":"423950","pc":"Аптека","ss":100000,"td":"Центр города","dc":1,"n":547.02,"vc":"около 500 000","sl":"Элитный","sv":"около 1 000","p":5000.0,"q":8.92,"b":0.0,"ms":0.34,"wi":109.75,"ei":5.99,"as":977.93,"mi":"E","mv":295506,"sc":1,"lpe":99.66,"lpr":2750.27,"lq":1.0,"d":1102},{"pi":"423950","pc":"Аптека","ss":10000,"td":"Спальный район","dc":1,"n":392.89,"vc":"более 10 000","sl":"Элитный","sv":"около 20 000","p":899.0,"q":10.33,"b":0.0,"ms":13.33,"wi":14.14,"ei":9.49,"as":277.36,"mi":"E","mv":150041,"sc":1,"lpe":86.67,"lpr":550.77,"lq":1.02,"d":2826},{"pi":"423950","pc":"Аптека","ss":10000,"td":"Пригород","dc":2,"n":481.77,"vc":"около 10 000","sl":"Элитный","sv":"около 1 000","p":5000.0,"q":7.83,"b":4.47,"ms":0.61,"wi":153.98,"ei":9.67,"as":1800.45,"mi":"D","mv":164962,"sc":2,"lpe":10.8,"lpr":8586.29,"lq":1.52,"d":853},{"pi":"423950","pc":"Аптека","ss":10000,"td":"Центр города","dc":1,"n":505.7,"vc":"около 50 000","sl":"Очень высокий","sv":"около 3 000","p":1800.0,"q":7.83,"b":0.0,"ms":0.82,"wi":50.92,"ei":6.29,"as":646.18,"mi":"E","mv":367832,"sc":1,"lpe":99.18,"lpr":999.48,"lq":1.0,"d":1917},{"pi":"423950","pc":"Аптека","ss":100000,"td":"Центр города","dc":1,"n":304.11,"vc":"около 50 000","sl":"Очень высокий","sv":"более 1 000","p":3500.0,"q":6.58,"b":0.0,"ms":0.45,"wi":63.61,"ei":6.03,"as":429.32,"mi":"E","mv":358245,"sc":1,"lpe":99.55,"lpr":1510.65,"lq":1.0,"d":1331},{"pi":"423950","pc":"Аптека","ss":100000,"td":"Центр города","dc":5,"n":525.05,"vc":"около 500 000","sl":"Низкий","sv":"около 100 000","p":4000.0,"q":6.63,"b":0.0,"ms":8.24,"wi":60.17,"ei":10.56,"as":378.1,"mi":"E","mv":1024068,"sc":1,"lpe":91.76,"lpr":2347.13,"lq":1.0,"d":6232},{"pi":"423950","pc":"Аптека","ss":100000,"td":"Центр города","dc":1,"n":379.9,"vc":"более 100 000","sl":"Низкий","sv":"более 2 000","p":4000.0,"q":6.63,"b":0.0,"ms":0.33,"wi":103.3,"ei":6.86,"as":986.71,"mi":"E","mv":672871,"sc":2,"lpe":96.82,"lpr":2914.64,"lq":1.0,"d":2516},{"pi":"423950","pc":"Аптека","ss":100000,"td":"Центр города","dc":2,"n":670.23,"vc":"около 500 000","sl":"Нормальный","sv":"около 5 000","p":1500.0,"q":8.96,"b":0.0,"ms":12.62,"wi":51.07,"ei":5.68,"as":788.75,"mi":"E","mv":39620,"sc":1,"lpe":87.38,"lpr":1540.8,"lq":1.22,"d":370},{"pi":"423950","pc":"Аптека","ss":100000,"td":"Фешенебельный район","dc":3,"n":465.34,"vc":"более 30 000","sl":"Элитный","sv":"около 5 000","p":3000.0,"q":7.49,"b":0.0,"ms":1.49,"wi":66.49,"ei":11.25,"as":422.13,"mi":"E","mv":402850,"sc":1,"lpe":98.51,"lpr":3234.56,"lq":1.0,"d":1852},{"pi":"423950","pc":"Аптека","ss":100000,"td":"Центр города","dc":1,"n":523.76,"vc":"более 200 000","sl":"Элитный","sv":"около 5 000","p":4950.0,"q":6.73,"b":0.0,"ms":4.27,"wi":73.23,"ei":8.34,"as":986.88,"mi":"E","mv":94878,"sc":1,"lpe":95.73,"lpr":2111.82,"lq":1.0,"d":469},{"pi":"423950","pc":"Аптека","ss":100000,"td":"Центр города","dc":1,"n":686.9,"vc":"более 1 000 000","sl":"Высокий","sv":"более 2 000","p":5500.0,"q":6.79,"b":0.0,"ms":4.92,"wi":63.54,"ei":5.59,"as":474.21,"mi":"E","mv":58426,"sc":1,"lpe":95.08,"lpr":1867.78,"lq":1.0,"d":510},{"pi":"423950","pc":"Аптека","ss":1000,"td":"Центр города","dc":2,"n":11.97,"vc":"около 500","sl":"Элитный","sv":"около 3 000","p":1800.0,"q":6.56,"b":0.0,"ms":0.34,"wi":84.34,"ei":6.6,"as":536.85,"mi":"E","mv":892114,"sc":1,"lpe":99.66,"lpr":2574.13,"lq":1.0,"d":3367},{"pi":"423950","pc":"Аптека","ss":10000,"td":"Центр города","dc":1,"n":618.86,"vc":"около 50 000","sl":"Высокий","sv":"более 10 000","p":2905.67,"q":8.44,"b":3.34,"ms":10.0,"wi":64.2,"ei":11.8,"as":404.3,"mi":"E","mv":119079,"sc":1,"lpe":90.0,"lpr":1338.04,"lq":1.03,"d":11826},{"pi":"423950","pc":"Аптека","ss":10000,"td":"Центр города","dc":1,"n":654.15,"vc":"около 50 000","sl":"Высокий","sv":"около 5 000","p":8739.25,"q":8.44,"b":3.34,"ms":8.52,"wi":170.37,"ei":9.3,"as":3947.5,"mi":"E","mv":52578,"sc":1,"lpe":91.48,"lpr":4000.55,"lq":1.0,"d":319},{"pi":"423950","pc":"Аптека","ss":10000,"td":"Центр города","dc":1,"n":549.74,"vc":"около 50 000","sl":"Очень высокий","sv":"более 10 000","p":4217.06,"q":8.44,"b":3.34,"ms":8.17,"wi":133.29,"ei":12.92,"as":4489.32,"mi":"E","mv":205018,"sc":2,"lpe":89.87,"lpr":2289.07,"lq":1.22,"d":940},{"pi":"423950","pc":"Аптека","ss":100000,"td":"Центр города","dc":5,"n":526.12,"vc":"около 500 000","sl":"Нормальный","sv":"около 5 000","p":3000.0,"q":6.2,"b":5.34,"ms":1.96,"wi":133.29,"ei":12.92,"as":4489.32,"mi":"E","mv":205018,"sc":2,"lpe":89.87,"lpr":2289.07,"lq":1.22,"d":940},{"pi":"423950","pc":"Аптека","ss":10000,"td":"Центр города","dc":1,"n":536.45,"vc":"более 30 000","sl":"Очень высокий","sv":"более 10 000","p":7049.09,"q":8.44,"b":3.34,"ms":6.23,"wi":150.0,"ei":13.64,"as":4851.15,"mi":"E","mv":204148,"sc":2,"lpe":90.34,"lpr":3565.5,"lq":1.14,"d":890},{"pi":"423950","pc":"Аптека","ss":100000,"td":"Центр города","dc":1,"n":594.84,"vc":"около 500 000","sl":"Очень высокий","sv":"около 5 000","p":4400.0,"q":8.92,"b":0.0,"ms":3.43,"wi":150.0,"ei":13.64,"as":4851.15,"mi":"E","mv":204148,"sc":2,"lpe":90.34,"lpr":3565.5,"lq":1.14,"d":890},{"pi":"423950","pc":"Аптека","ss":10000,"td":"Центр города","dc":1,"n":608.16,"vc":"около 50 000","sl":"Очень высокий","sv":"более 3 000","p":3500.0,"q":8.93,"b":0.0,"ms":8.94,"wi":177.29,"ei":8.68,"as":4301.71,"mi":"E","mv":34813,"sc":2,"lpe":88.94,"lpr":1759.72,"lq":2.06,"d":181},{"pi":"423950","pc":"Аптека","ss":10000,"td":"Центр города","dc":1,"n":682.55,"vc":"около 50 000","sl":"Высокий","sv":"около 500","p":4121.82,"q":8.44,"b":3.34,"ms":2.12,"wi":177.29,"ei":8.68,"as":4301.71,"mi":"E","mv":34813,"sc":2,"lpe":88.94,"lpr":1759.72,"lq":2.06,"d":181},{"pi":"423950","pc":"Аптека","ss":10000,"td":"Центр города","dc":1,"n":687.29,"vc":"около 50 000","sl":"Высокий","sv":"около 10 000","p":5114.7,"q":8.44,"b":3.34,"ms":25.0,"wi":122.87,"ei":8.87,"as":3799.76,"mi":"E","mv":31268,"sc":1,"lpe":75.0,"lpr":2731.49,"lq":1.19,"d":209},{"pi":"423950","pc":"Аптека","ss":1000,"td":"Центр города","dc":5,"n":88.67,"vc":"около 500","sl":"Очень высокий","sv":"около 100","p":1000.0,"q":7.01,"b":0.0,"ms":0.08,"wi":33.29,"ei":6.93,"as":379.1,"mi":"E","mv":131941,"sc":1,"lpe":99.92,"lpr":550.21,"lq":1.0,"d":626},{"pi":"423950","pc":"Аптека","ss":1000,"td":"Центр города","dc":1,"n":155.72,"vc":"около 1 000","sl":"Элитный","sv":"около 10 000","p":1126.3,"q":10.33,"b":0.0,"ms":5.85,"wi":53.31,"ei":7.07,"as":338.39,"mi":"E","mv":150242,"sc":1,"lpe":94.15,"lpr":1049.85,"lq":1.0,"d":954},{"pi":"423950","pc":"Аптека","ss":10000,"td":"Центр города","dc":1,"n":675.43,"vc":"около 50 000","sl":"Высокий","sv":"более 10 000","p":4702.5,"q":8.44,"b":3.34,"ms":25.0,"wi":139.78,"ei":8.77,"as":4114.09,"mi":"E","mv":48168,"sc":1,"lpe":75.0,"lpr":2344.71,"lq":1.15,"d":285},{"pi":"423950","pc":"Аптека","ss":10000,"td":"Центр города","dc":1,"n":687.15,"vc":"около 50 000","sl":"Высокий","sv":"более 3 000","p":4951.2,"q":8.44,"b":3.34,"ms":10.0,"wi":150.93,"ei":9.01,"as":3939.88,"mi":"E","mv":31578,"sc":1,"lpe":90.0,"lpr":2439.1,"lq":1.09,"d":169},{"pi":"423950","pc":"Аптека","ss":10000,"td":"Центр города","dc":1,"n":267.25,"vc":"около 5 000","sl":"Элитный","sv":"менее 50","p":2500.0,"q":7.33,"b":0.0,"ms":0.0,"wi":38.92,"ei":5.51,"as":395.99,"mi":"E","mv":90252,"sc":1,"lpe":100.0,"lpr":729.18,"lq":1.0,"d":402},{"pi":"423950","pc":"Аптека","ss":10000,"td":"Центр города","dc":1,"n":582.63,"vc":"около 50 000","sl":"Очень высокий","sv":"около 10 000","p":1111.0,"q":8.96,"b":0.0,"ms":5.62,"wi":45.68,"ei":7.04,"as":429.01,"mi":"E","mv":178066,"sc":1,"lpe":94.38,"lpr":1149.09,"lq":1.0,"d":1098},{"pi":"423950","pc":"Аптека","ss":10000,"td":"Спальный район","dc":1,"n":499.09,"vc":"более 10 000","sl":"Элитный","sv":"более 10 000","p":2400.0,"q":3.89,"b":0.0,"ms":11.59,"wi":103.68,"ei":7.68,"as":1568.05,"mi":"E","mv":129771,"sc":1,"lpe":88.41,"lpr":2279.91,"lq":2.18,"d":634},{"pi":"423950","pc":"Аптека","ss":100000,"td":"Окраина","dc":1,"n":338.3,"vc":"более 30 000","sl":"Элитный","sv":"более 100","p":2100.0,"q":3.86,"b":2.03,"ms":0.11,"wi":40.44,"ei":6.34,"as":216.87,"mi":"E","mv":167785,"sc":1,"lpe":99.89,"lpr":927.16,"lq":1.0,"d":1495},{"pi":"423950","pc":"Аптека","ss":100000,"td":"Спальный район","dc":2,"n":535.08,"vc":"около 500 000","sl":"Высокий","sv":"около 20 000","p":3000.0,"q":8.92,"b":0.07,"ms":0.89,"wi":60.74,"ei":5.73,"as":513.33,"mi":"E","mv":2247907,"sc":5,"lpe":98.52,"lpr":2081.14,"lq":1.0,"d":9704},{"pi":"423950","pc":"Аптека","ss":100000,"td":"Центр города","dc":1,"n":335.82,"vc":"более 100 000","sl":"Элитный","sv":"около 5 000","p":4200.0,"q":7.83,"b":0.0,"ms":0.24,"wi":60.74,"ei":5.73,"as":513.33,"mi":"E","mv":2247907,"sc":5,"lpe":98.52,"lpr":2081.14,"lq":1.0,"d":9704},{"pi":"423950","pc":"Аптека","ss":100000,"td":"Центр города","dc":1,"n":570.3,"vc":"около 1 000 000","sl":"Высокий","sv":"около 5 000","p":4890.0,"q":7.33,"b":0.0,"ms":0.22,"wi":60.74,"ei":5.73,"as":513.33,"mi":"E","mv":2247907,"sc":5,"lpe":98.52,"lpr":2081.14,"lq":1.0,"d":9704},{"pi":"423950","pc":"Аптека","ss":100000,"td":"Центр города","dc":1,"n":416.89,"vc":"более 200 000","sl":"Элитный","sv":"более 2 000","p":5500.0,"q":6.9,"b":0.0,"ms":0.1,"wi":60.74,"ei":5.73,"as":513.33,"mi":"E","mv":2247907,"sc":5,"lpe":98.52,"lpr":2081.14,"lq":1.0,"d":9704},{"pi":"423950","pc":"Аптека","ss":100000,"td":"Фешенебельный район","dc":1,"n":457.67,"vc":"около 50 000","sl":"Элитный","sv":"около 500","p":6000.0,"q":6.02,"b":2.99,"ms":0.02,"wi":60.74,"ei":5.73,"as":513.33,"mi":"E","mv":2247907,"sc":5,"lpe":98.52,"lpr":2081.14,"lq":1.0,"d":9704},{"pi":"423950","pc":"Аптека","ss":100000,"td":"Фешенебельный район","dc":3,"n":590.97,"vc":"более 100 000","sl":"Элитный","sv":"более 20 000","p":6000.0,"q":7.21,"b":3.85,"ms":3.14,"wi":66.62,"ei":7.76,"as":564.62,"mi":"E","mv":728908,"sc":1,"lpe":96.86,"lpr":2516.47,"lq":1.0,"d":3493},{"pi":"423950","pc":"Аптека","ss":1000,"td":"Окраина","dc":4,"n":148.05,"vc":"более 200","sl":"Очень высокий","sv":"менее 50","p":3996.34,"q":7.33,"b":0.0,"ms":0.07,"wi":167.37,"ei":8.38,"as":3356.62,"mi":"E","mv":27957,"sc":1,"lpe":99.93,"lpr":3628.38,"lq":1.0,"d":140},{"pi":"423950","pc":"Аптека","ss":1000,"td":"Центр города","dc":5,"n":103.77,"vc":"около 500","sl":"Очень высокий","sv":"около 100","p":1100.0,"q":7.01,"b":0.0,"ms":0.09,"wi":34.3,"ei":9.54,"as":519.17,"mi":"E","mv":113529,"sc":2,"lpe":99.47,"lpr":844.67,"lq":1.0,"d":929},{"pi":"423950","pc":"Аптека","ss":100000,"td":"Центр города","dc":4,"n":537.89,"vc":"около 500 000","sl":"Низкий","sv":"около 50 000","p":7000.0,"q":6.63,"b":0.0,"ms":7.33,"wi":75.37,"ei":9.56,"as":419.1,"mi":"E","mv":478211,"sc":3,"lpe":91.92,"lpr":3953.04,"lq":2.88,"d":3663},{"pi":"423950","pc":"Аптека","ss":100000,"td":"Центр города","dc":7,"n":599.2,"vc":"около 1 000 000","sl":"Очень низкий","sv":"около 5 000","p":11000.0,"q":8.59,"b":5.85,"ms":0.7,"wi":75.37,"ei":9.56,"as":419.1,"mi":"E","mv":478211,"sc":3,"lpe":91.92,"lpr":3953.04,"lq":2.88,"d":3663},{"pi":"423950","pc":"Аптека","ss":10000,"td":"Центр города","dc":4,"n":283.13,"vc":"около 5 000","sl":"Элитный","sv":"более 100","p":6100.0,"q":3.34,"b":0.0,"ms":0.04,"wi":75.37,"ei":9.56,"as":419.1,"mi":"E","mv":478211,"sc":3,"lpe":91.92,"lpr":3953.04,"lq":2.88,"d":3663},{"pi":"423950","pc":"Аптека","ss":100000,"td":"Центр города","dc":1,"n":586.41,"vc":"более 1 000 000","sl":"Высокий","sv":"около 100 000","p":8099.0,"q":5.85,"b":0.0,"ms":9.05,"wi":100.43,"ei":12.79,"as":804.73,"mi":"E","mv":974996,"sc":1,"lpe":90.95,"lpr":3704.98,"lq":1.0,"d":4137},{"pi":"423950","pc":"Аптека","ss":100000,"td":"Центр города","dc":1,"n":591.06,"vc":"около 500 000","sl":"Очень высокий","sv":"около 50 000","p":6299.0,"q":5.87,"b":0.0,"ms":10.99,"wi":146.31,"ei":15.52,"as":2307.77,"mi":"E","mv":470045,"sc":2,"lpe":88.79,"lpr":4133.43,"lq":4.12,"d":2095},{"pi":"423950","pc":"Аптека","ss":100000,"td":"Окраина","dc":2,"n":439.58,"vc":"около 100 000","sl":"Элитный","sv":"около 1 000","p":5000.0,"q":7.83,"b":4.47,"ms":0.21,"wi":146.31,"ei":15.52,"as":2307.77,"mi":"E","mv":470045,"sc":2,"lpe":88.79,"lpr":4133.43,"lq":4.12,"d":2095},{"pi":"423950","pc":"Аптека","ss":100000,"td":"Центр города","dc":4,"n":544.41,"vc":"около 500 000","sl":"Низкий","sv":"более 20 000","p":7000.0,"q":5.9,"b":0.0,"ms":8.81,"wi":76.09,"ei":6.5,"as":327.59,"mi":"E","mv":275097,"sc":2,"lpe":89.38,"lpr":4347.86,"lq":3.23,"d":1541},{"pi":"423950","pc":"Аптека","ss":100000,"td":"Центр города","dc":1,"n":527.91,"vc":"более 200 000","sl":"Очень высокий","sv":"около 5 000","p":7300.0,"q":7.33,"b":0.0,"ms":1.82,"wi":76.09,"ei":6.5,"as":327.59,"mi":"E","mv":275097,"sc":2,"lpe":89.38,"lpr":4347.86,"lq":3.23,"d":1541},{"pi":"423950","pc":"Аптека","ss":100000,"td":"Центр города","dc":1,"n":553.22,"vc":"более 1 000 000","sl":"Высокий","sv":"более 100 000","p":7699.0,"q":5.84,"b":0.0,"ms":6.15,"wi":132.97,"ei":9.27,"as":1723.67,"mi":"E","mv":2249756,"sc":2,"lpe":91.77,"lpr":4808.35,"lq":1.0,"d":8477},{"pi":"423950","pc":"Аптека","ss":100000,"td":"Центр города","dc":1,"n":673.52,"vc":"около 5 000 000","sl":"Низкий","sv":"около 50 000","p":8000.0,"q":3.61,"b":0.0,"ms":2.08,"wi":132.97,"ei":9.27,"as":1723.67,"mi":"E","mv":2249756,"sc":2,"lpe":91.77,"lpr":4808.35,"lq":1.0,"d":8477},{"pi":"423950","pc":"Аптека","ss":100000,"td":"Фешенебельный район","dc":1,"n":525.49,"vc":"более 10 000","sl":"Элитный","sv":"около 500","p":3560.0,"q":6.01,"b":0.0,"ms":4.4,"wi":40.37,"ei":6.73,"as":517.11,"mi":"E","mv":12794,"sc":2,"lpe":94.8,"lpr":1549.4,"lq":1.0,"d":1689},{"pi":"423950","pc":"Аптека","ss":500,"td":"Центр города","dc":5,"n":377.93,"vc":"около 500","sl":"Низкий","sv":"более 100","p":2453.08,"q":7.26,"b":0.0,"ms":0.8,"wi":40.37,"ei":6.73,"as":517.11,"mi":"E","mv":12794,"sc":2,"lpe":94.8,"lpr":1549.4,"lq":1.0,"d":1689},{"pi":"423950","pc":"Аптека","ss":10000,"td":"Центр города","dc":1,"n":512.36,"vc":"около 50 000","sl":"Высокий","sv":"около 50 000","p":4500.0,"q":6.97,"b":0.0,"ms":9.82,"wi":68.47,"ei":6.3,"as":344.56,"mi":"E","mv":460937,"sc":1,"lpe":90.18,"lpr":2921.72,"lq":1.74,"d":4355},{"pi":"423950","pc":"Аптека","ss":100000,"td":"Центр города","dc":2,"n":363.88,"vc":"более 200 000","sl":"Очень высокий","sv":"более 200 000","p":4977.54,"q":3.31,"b":0.0,"ms":6.72,"wi":108.19,"ei":6.67,"as":874.7,"mi":"E","mv":3210784,"sc":3,"lpe":90.48,"lpr":5206.2,"lq":1.34,"d":12114},{"pi":"423950","pc":"Аптека","ss":100000,"td":"Центр города","dc":1,"n":539.51,"vc":"более 1 000 000","sl":"Высокий","sv":"около 50 000","p":10299.0,"q":5.91,"b":0.0,"ms":1.71,"wi":108.19,"ei":6.67,"as":874.7,"mi":"E","mv":3210784,"sc":3,"lpe":90.48,"lpr":5206.2,"lq":1.34,"d":12114},{"pi":"423950","pc":"Аптека","ss":100000,"td":"Центр города","dc":1,"n":548.2,"vc":"более 1 000 000","sl":"Высокий","sv":"около 50 000","p":7000.0,"q":8.92,"b":0.0,"ms":1.09,"wi":108.19,"ei":6.67,"as":874.7,"mi":"E","mv":3210784,"sc":3,"lpe":90.48,"lpr":5206.2,"lq":1.34,"d":12114},{"pi":"423950","pc":"Аптека","ss":100000,"td":"Центр города","dc":1,"n":327.35,"vc":"более 100 000","sl":"Элитный","sv":"более 100 000","p":2147.77,"q":8.08,"b":0.0,"ms":3.04,"wi":33.37,"ei":5.09,"as":182.41,"mi":"E","mv":3781373,"sc":3,"lpe":96.94,"lpr":1015.45,"lq":1.0,"d":22072},{"pi":"423950","pc":"Аптека","ss":100000,"td":"Центр города","dc":1,"n":196.34,"vc":"более 30 000","sl":"Элитный","sv":"около 500","p":3000.0,"q":7.11,"b":3.44,"ms":0.02,"wi":33.37,"ei":5.09,"as":182.41,"mi":"E","mv":3781373,"sc":3,"lpe":96.94,"lpr":1015.45,"lq":1.0,"d":22072},{"pi":"423950","pc":"Аптека","ss":100000,"td":"Центр города","dc":5,"n":168.97,"vc":"более 20 000","sl":"Элитный","sv":"менее 50","p":3012.0,"q":5.84,"b":0.0,"ms":0.0,"wi":33.37,"ei":5.09,"as":182.41,"mi":"E","mv":3781373,"sc":3,"lpe":96.94,"lpr":1015.45,"lq":1.0,"d":22072},{"pi":"423950","pc":"Аптека","ss":1000,"td":"Центр города","dc":1,"n":464.18,"vc":"более 2 000","sl":"Очень высокий","sv":"около 500","p":1500.0,"q":7.83,"b":0.0,"ms":1.18,"wi":49.32,"ei":11.89,"as":1058.67,"mi":"E","mv":46690,"sc":1,"lpe":98.82,"lpr":904.62,"lq":1.0,"d":442},{"pi":"423950","pc":"Аптека","ss":10000,"td":"Спальный район","dc":1,"n":691.89,"vc":"около 50 000","sl":"Очень высокий","sv":"около 10 000","p":750.0,"q":8.25,"b":0.0,"ms":48.64,"wi":23.31,"ei":4.9,"as":263.32,"mi":"E","mv":17657,"sc":1,"lpe":51.36,"lpr":469.61,"lq":2.12,"d":350},{"pi":"423950","pc":"Аптека","ss":100000,"td":"Спальный район","dc":2,"n":573.34,"vc":"около 1 000 000","sl":"Низкий","sv":"около 500 000","p":1345.97,"q":8.42,"b":0.0,"ms":25.69,"wi":57.22,"ei":5.1,"as":348.24,"mi":"E","mv":1741784,"sc":2,"lpe":67.48,"lpr":902.42,"lq":1.06,"d":6499},{"pi":"423950","pc":"Аптека","ss":100000,"td":"Центр города","dc":2,"n":578.01,"vc":"более 1 000 000","sl":"Низкий","sv":"более 100 000","p":1250.0,"q":8.95,"b":0.97,"ms":6.83,"wi":57.22,"ei":5.1,"as":348.24,"mi":"E","mv":1741784,"sc":2,"lpe":67.48,"lpr":902.42,"lq":1.06,"d":6499},{"pi":"423950","pc":"Аптека","ss":100000,"td":"Центр города","dc":1,"n":632.18,"vc":"около 500 000","sl":"Очень высокий","sv":"более 10 000","p":1000.0,"q":8.96,"b":0.0,"ms":14.28,"wi":38.01,"ei":7.91,"as":509.72,"mi":"E","mv":126075,"sc":2,"lpe":85.45,"lpr":539.84,"lq":1.15,"d":856},{"pi":"423950","pc":"Аптека","ss":1000,"td":"Центр города","dc":4,"n":260.19,"vc":"более 1 000","sl":"Нормальный","sv":"около 500","p":950.0,"q":7.0,"b":0.0,"ms":0.28,"wi":38.01,"ei":7.91,"as":509.72,"mi":"E","mv":126075,"sc":2,"lpe":85.45,"lpr":539.84,"lq":1.15,"d":856},{"pi":"423950","pc":"Аптека","ss":1000,"td":"Центр города","dc":1,"n":103.41,"vc":"около 500","sl":"Элитный","sv":"более 1 000","p":1000.0,"q":7.01,"b":0.0,"ms":1.65,"wi":27.58,"ei":5.63,"as":336.93,"mi":"E","mv":82686,"sc":1,"lpe":98.35,"lpr":551.53,"lq":1.0,"d":471},{"pi":"423950","pc":"Аптека","ss":10000,"td":"Центр города","dc":1,"n":479.79,"vc":"более 10 000","sl":"Элитный","sv":"около 10 000","p":12098.0,"q":5.38,"b":3.68,"ms":6.16,"wi":94.83,"ei":6.08,"as":329.42,"mi":"E","mv":127002,"sc":3,"lpe":92.76,"lpr":6127.17,"lq":1.09,"d":645},{"pi":"423950","pc":"Аптека","ss":1000,"td":"Фешенебельный район","dc":2,"n":233.98,"vc":"более 100","sl":"Элитный","sv":"более 1 000","p":9000.0,"q":7.94,"b":3.9,"ms":0.92,"wi":94.83,"ei":6.08,"as":329.42,"mi":"E","mv":127002,"sc":3,"lpe":92.76,"lpr":6127.17,"lq":1.09,"d":645},{"pi":"423950","pc":"Аптека","ss":1000,"td":"Спальный район","dc":3,"n":77.53,"vc":"более 300","sl":"Очень высокий","sv":"около 200","p":6985.24,"q":5.42,"b":4.35,"ms":0.16,"wi":94.83,"ei":6.08,"as":329.42,"mi":"E","mv":127002,"sc":3,"lpe":92.76,"lpr":6127.17,"lq":1.09,"d":645},{"pi":"423950","pc":"Аптека","ss":10000,"td":"Окраина","dc":2,"n":483.36,"vc":"более 10 000","sl":"Элитный","sv":"около 1 000","p":3000.0,"q":7.83,"b":4.47,"ms":0.55,"wi":128.02,"ei":8.73,"as":1034.79,"mi":"E","mv":181863,"sc":1,"lpe":99.45,"lpr":7137.47,"lq":1.0,"d":811},{"pi":"423950","pc":"Аптека","ss":100000,"td":"Центр города","dc":1,"n":645.45,"vc":"более 1 000 000","sl":"Нормальный","sv":"более 2 000","p":4890.0,"q":6.01,"b":0.0,"ms":0.81,"wi":71.42,"ei":6.52,"as":865.93,"mi":"E","mv":296178,"sc":2,"lpe":98.38,"lpr":1951.3,"lq":1.0,"d":1560},{"pi":"423950","pc":"Аптека","ss":100000,"td":"Центр города","dc":1,"n":645.45,"vc":"более 1 000 000","sl":"Нормальный","sv":"более 2 000","p":4890.0,"q":6.01,"b":0.0,"ms":0.81,"wi":71.42,"ei":6.52,"as":865.93,"mi":"E","mv":296178,"sc":2,"lpe":98.38,"lpr":1951.3,"lq":1.0,"d":1560},{"pi":"423950","pc":"Аптека","ss":100000,"td":"Центр города","dc":1,"n":582.9,"vc":"около 1 000 000","sl":"Очень высокий","sv":"около 50 000","p":6699.0,"q":5.89,"b":0.0,"ms":11.39,"wi":105.14,"ei":8.27,"as":1023.96,"mi":"E","mv":429558,"sc":1,"lpe":88.61,"lpr":3464.44,"lq":1.16,"d":2847},{"pi":"423950","pc":"Аптека","ss":100000,"td":"Центр города","dc":8,"n":313.83,"vc":"около 50 000","sl":"Очень низкий","sv":"около 500","p":2671.76,"q":7.33,"b":0.0,"ms":0.31,"wi":50.17,"ei":6.4,"as":344.62,"mi":"E","mv":195506,"sc":4,"lpe":99.34,"lpr":1551.05,"lq":1.0,"d":788},{"pi":"423950","pc":"Аптека","ss":100000,"td":"Фешенебельный район","dc":3,"n":628.13,"vc":"более 100 000","sl":"Элитный","sv":"около 500","p":4000.0,"q":6.03,"b":0.0,"ms":0.29,"wi":50.17,"ei":6.4,"as":344.62,"mi":"E","mv":195506,"sc":4,"lpe":99.34,"lpr":1551.05,"lq":1.0,"d":788},{"pi":"423950","pc":"Аптека","ss":10000,"td":"Центр города","dc":1,"n":192.95,"vc":"более 2 000","sl":"Очень высокий","sv":"около 100","p":3200.0,"q":7.33,"b":0.0,"ms":0.05,"wi":50.17,"ei":6.4,"as":344.62,"mi":"E","mv":195506,"sc":4,"lpe":99.34,"lpr":1551.05,"lq":1.0,"d":788},{"pi":"423950","pc":"Аптека","ss":10000,"td":"Центр города","dc":1,"n":94.34,"vc":"более 1 000","sl":"Элитный","sv":"менее 50","p":4000.0,"q":6.48,"b":0.0,"ms":0.01,"wi":50.17,"ei":6.4,"as":344.62,"mi":"E","mv":195506,"sc":4,"lpe":99.34,"lpr":1551.05,"lq":1.0,"d":788},{"pi":"423950","pc":"Аптека","ss":100000,"td":"Центр города","dc":1,"n":587.59,"vc":"около 1 000 000","sl":"Очень высокий","sv":"около 50 000","p":6099.0,"q":5.87,"b":0.0,"ms":12.24,"wi":119.43,"ei":9.92,"as":1514.88,"mi":"E","mv":361623,"sc":1,"lpe":87.76,"lpr":3486.4,"lq":3.3,"d":1420},{"pi":"423950","pc":"Аптека","ss":100000,"td":"Фешенебельный район","dc":1,"n":455.01,"vc":"более 30 000","sl":"Элитный","sv":"более 10 000","p":9058.0,"q":5.76,"b":3.75,"ms":5.18,"wi":95.22,"ei":7.84,"as":648.74,"mi":"E","mv":300322,"sc":1,"lpe":94.82,"lpr":6578.17,"lq":1.0,"d":1471},{"pi":"423950","pc":"Аптека","ss":1000,"td":"Окраина","dc":3,"n":202.47,"vc":"около 500","sl":"Очень высокий","sv":"менее 50","p":1110.0,"q":8.35,"b":0.0,"ms":0.0,"wi":35.89,"ei":4.7,"as":190.96,"mi":"E","mv":82323,"sc":1,"lpe":100.0,"lpr":845.91,"lq":1.0,"d":502},{"pi":"423950","pc":"Аптека","ss":10000,"td":"Центр города","dc":1,"n":454.39,"vc":"более 20 000","sl":"Элитный","sv":"более 2 000","p":4000.0,"q":5.42,"b":0.0,"ms":8.62,"wi":27.06,"ei":7.08,"as":417.48,"mi":"E","mv":28988,"sc":2,"lpe":90.26,"lpr":3874.35,"lq":1.0,"d":1058},{"pi":"423950","pc":"Аптека","ss":100000,"td":"Фешенебельный район","dc":3,"n":238.65,"vc":"более 2 000","sl":"Элитный","sv":"около 500","p":8000.0,"q":4.47,"b":5.51,"ms":1.12,"wi":27.06,"ei":7.08,"as":417.48,"mi":"E","mv":28988,"sc":2,"lpe":90.26,"lpr":3874.35,"lq":1.0,"d":1058},{"pi":"423950","pc":"Аптека","ss":100000,"td":"Фешенебельный район","dc":2,"n":683.45,"vc":"более 100 000","sl":"Элитный","sv":"около 5 000","p":3600.0,"q":4.58,"b":0.58,"ms":10.25,"wi":43.39,"ei":4.17,"as":254.56,"mi":"E","mv":63861,"sc":1,"lpe":89.75,"lpr":1552.98,"lq":1.0,"d":592},{"pi":"423950","pc":"Аптека","ss":100000,"td":"Центр города","dc":1,"n":573.28,"vc":"около 1 000 000","sl":"Очень высокий","sv":"около 50 000","p":1800.0,"q":8.07,"b":0.0,"ms":7.29,"wi":47.55,"ei":12.32,"as":481.26,"mi":"E","mv":667725,"sc":2,"lpe":91.21,"lpr":754.99,"lq":1.0,"d":2667},{"pi":"423950","pc":"Аптека","ss":100000,"td":"Фешенебельный район","dc":3,"n":559.53,"vc":"около 100 000","sl":"Элитный","sv":"около 10 000","p":1093.39,"q":8.89,"b":0.1,"ms":1.5,"wi":47.55,"ei":12.32,"as":481.26,"mi":"E","mv":667725,"sc":2,"lpe":91.21,"lpr":754.99,"lq":1.0,"d":2667},{"pi":"423950","pc":"Аптека","ss":100000,"td":"Фешенебельный район","dc":2,"n":554.87,"vc":"более 200 000","sl":"Элитный","sv":"более 100 000","p":6000.0,"q":9.52,"b":0.0,"ms":4.44,"wi":91.03,"ei":12.41,"as":652.46,"mi":"E","mv":4361765,"sc":5,"lpe":87.97,"lpr":3183.1,"lq":2.24,"d":15986},{"pi":"423950","pc":"Аптека","ss":100000,"td":"Центр города","dc":1,"n":562.79,"vc":"более 1 000 000","sl":"Нормальный","sv":"более 100 000","p":7500.0,"q":11.77,"b":4.34,"ms":4.24,"wi":91.03,"ei":12.41,"as":652.46,"mi":"E","mv":4361765,"sc":5,"lpe":87.97,"lpr":3183.1,"lq":2.24,"d":15986},{"pi":"423950","pc":"Аптека","ss":100000,"td":"Центр города","dc":2,"n":397.96,"vc":"более 300 000","sl":"Очень высокий","sv":"более 100 000","p":5000.0,"q":8.33,"b":2.78,"ms":2.75,"wi":91.03,"ei":12.41,"as":652.46,"mi":"E","mv":4361765,"sc":5,"lpe":87.97,"lpr":3183.1,"lq":2.24,"d":15986},{"pi":"423950","pc":"Аптека","ss":100000,"td":"Центр города","dc":1,"n":441.99,"vc":"около 500 000","sl":"Очень высокий","sv":"более 20 000","p":6000.0,"q":6.88,"b":2.34,"ms":0.57,"wi":91.03,"ei":12.41,"as":652.46,"mi":"E","mv":4361765,"sc":5,"lpe":87.97,"lpr":3183.1,"lq":2.24,"d":15986},{"pi":"423950","pc":"Аптека","ss":100000,"td":"Центр города","dc":1,"n":512.08,"vc":"около 500 000","sl":"Очень низкий","sv":"около 500","p":9000.0,"q":8.69,"b":0.0,"ms":0.01,"wi":91.03,"ei":12.41,"as":652.46,"mi":"E","mv":4361765,"sc":5,"lpe":87.97,"lpr":3183.1,"lq":2.24,"d":15986},{"pi":"423950","pc":"Аптека","ss":100000,"td":"Центр города","dc":2,"n":463.2,"vc":"около 500 000","sl":"Очень высокий","sv":"около 20 000","p":4000.0,"q":8.33,"b":2.78,"ms":1.65,"wi":117.9,"ei":6.83,"as":721.28,"mi":"E","mv":1209923,"sc":2,"lpe":97.93,"lpr":5922.66,"lq":1.0,"d":4698},{"pi":"423950","pc":"Аптека","ss":100000,"td":"Спальный район","dc":1,"n":573.87,"vc":"около 500 000","sl":"Очень высокий","sv":"около 5 000","p":5000.0,"q":8.92,"b":0.0,"ms":0.41,"wi":117.9,"ei":6.83,"as":721.28,"mi":"E","mv":1209923,"sc":2,"lpe":97.93,"lpr":5922.66,"lq":1.0,"d":4698},{"pi":"423950","pc":"Аптека","ss":10000,"td":"Фешенебельный район","dc":1,"n":285.94,"vc":"около 500","sl":"Элитный","sv":"более 2 000","p":6000.0,"q":7.33,"b":0.0,"ms":4.14,"wi":135.19,"ei":7.52,"as":745.51,"mi":"E","mv":64918,"sc":1,"lpe":95.86,"lpr":7081.78,"lq":1.0,"d":352},{"pi":"423950","pc":"Аптека","ss":1000,"td":"Центр города","dc":2,"n":8.65,"vc":"около 500","sl":"Элитный","sv":"около 5 000","p":580.0,"q":6.56,"b":0.0,"ms":0.57,"wi":35.46,"ei":4.9,"as":349.93,"mi":"E","mv":696450,"sc":1,"lpe":99.43,"lpr":607.65,"lq":1.0,"d":3190},{"pi":"423950","pc":"Аптека","ss":100000,"td":"Спальный район","dc":1,"n":663.45,"vc":"около 1 000 000","sl":"Очень высокий","sv":"менее 50","p":6225.0,"q":5.57,"b":1.45,"ms":0.0,"wi":60.41,"ei":8.56,"as":400.24,"mi":"E","mv":252107,"sc":1,"lpe":100.0,"lpr":1728.81,"lq":1.0,"d":1589},{"pi":"423950","pc":"Аптека","ss":500,"td":"Фешенебельный район","dc":1,"n":583.2,"vc":"около 50","sl":"Элитный","sv":"около 100","p":7000.0,"q":7.13,"b":8.54,"ms":6.1,"wi":44.58,"ei":9.3,"as":3618.26,"mi":"E","mv":1230,"sc":2,"lpe":88.29,"lpr":4263.51,"lq":1.88,"d":68},{"pi":"423950","pc":"Аптека","ss":500,"td":"Спальный район","dc":1,"n":745.37,"vc":"около 500","sl":"Очень высокий","sv":"около 50","p":7500.0,"q":7.07,"b":0.0,"ms":5.61,"wi":44.58,"ei":9.3,"as":3618.26,"mi":"E","mv":1230,"sc":2,"lpe":88.29,"lpr":4263.51,"lq":1.88,"d":68},{"pi":"423950","pc":"Аптека","ss":1000,"td":"Центр города","dc":1,"n":380.43,"vc":"более 1 000","sl":"Элитный","sv":"около 5 000","p":4000.0,"q":7.33,"b":0.0,"ms":19.93,"wi":6.42,"ei":4.75,"as":104.01,"mi":"E","mv":20072,"sc":1,"lpe":80.07,"lpr":4136.02,"lq":3.81,"d":44633},{"pi":"423950","pc":"Аптека","ss":10000,"td":"Фешенебельный район","dc":1,"n":361.52,"vc":"более 1 000","sl":"Элитный","sv":"более 2 000","p":3500.0,"q":7.33,"b":0.0,"ms":1.72,"wi":53.0,"ei":5.3,"as":524.72,"mi":"E","mv":125612,"sc":1,"lpe":98.28,"lpr":2115.32,"lq":1.0,"d":858},{"pi":"423950","pc":"Аптека","ss":500,"td":"Спальный район","dc":2,"n":141.56,"vc":"более 100","sl":"Элитный","sv":"менее 50","p":750.0,"q":7.06,"b":0.0,"ms":0.03,"wi":14.29,"ei":3.8,"as":156.09,"mi":"E","mv":34596,"sc":1,"lpe":99.97,"lpr":550.6,"lq":1.0,"d":188},{"pi":"423950","pc":"Аптека","ss":100000,"td":"Центр города","dc":3,"n":573.67,"vc":"около 500 000","sl":"Нормальный","sv":"около 50 000","p":2000.0,"q":8.92,"b":0.0,"ms":17.23,"wi":75.59,"ei":8.41,"as":636.04,"mi":"E","mv":261108,"sc":2,"lpe":82.04,"lpr":1409.88,"lq":1.83,"d":974},{"pi":"423950","pc":"Аптека","ss":10000,"td":"Центр города","dc":1,"n":508.76,"vc":"около 50 000","sl":"Высокий","sv":"более 1 000","p":2800.0,"q":6.71,"b":0.0,"ms":0.73,"wi":75.59,"ei":8.41,"as":636.04,"mi":"E","mv":261108,"sc":2,"lpe":82.04,"lpr":1409.88,"lq":1.83,"d":974},{"pi":"423950","pc":"Аптека","ss":100000,"td":"Спальный район","dc":1,"n":386.96,"vc":"около 100 000","sl":"Элитный","sv":"около 30 000","p":700.0,"q":8.25,"b":0.0,"ms":5.41,"wi":38.51,"ei":4.85,"as":365.3,"mi":"E","mv":554536,"sc":1,"lpe":94.59,"lpr":550.67,"lq":1.0,"d":2236},{"pi":"423950","pc":"Аптека","ss":100000,"td":"Центр города","dc":2,"n":536.53,"vc":"около 500 000","sl":"Очень высокий","sv":"более 10 000","p":2750.0,"q":8.92,"b":0.0,"ms":8.43,"wi":80.59,"ei":6.94,"as":418.95,"mi":"E","mv":207641,"sc":1,"lpe":91.57,"lpr":1717.99,"lq":1.0,"d":793},{"pi":"423950","pc":"Аптека","ss":500,"td":"Фешенебельный район","dc":1,"n":699.73,"vc":"более 200","sl":"Элитный","sv":"около 1 000","p":1851.45,"q":8.89,"b":0.0,"ms":3.41,"wi":52.0,"ei":4.19,"as":731.38,"mi":"E","mv":29363,"sc":1,"lpe":96.59,"lpr":1369.04,"lq":1.0,"d":827},{"pi":"423950","pc":"Аптека","ss":1000,"td":"Центр города","dc":1,"n":545.87,"vc":"около 5 000","sl":"Нормальный","sv":"менее 50","p":5000.0,"q":8.0,"b":0.0,"ms":0.02,"wi":80.52,"ei":8.2,"as":766.39,"mi":"E","mv":97305,"sc":1,"lpe":99.98,"lpr":1578.48,"lq":1.0,"d":532},{"pi":"423950","pc":"Аптека","ss":100000,"td":"Центр города","dc":1,"n":438.85,"vc":"более 100 000","sl":"Элитный","sv":"около 50 000","p":5899.0,"q":5.98,"b":0.0,"ms":5.69,"wi":81.74,"ei":8.69,"as":530.19,"mi":"E","mv":795289,"sc":1,"lpe":94.31,"lpr":3134.7,"lq":1.0,"d":3080},{"pi":"423950","pc":"Аптека","ss":1000,"td":"Центр города","dc":1,"n":583.9,"vc":"около 10 000","sl":"Низкий","sv":"около 10 000","p":2000.0,"q":8.33,"b":4.42,"ms":7.79,"wi":78.65,"ei":6.93,"as":514.15,"mi":"E","mv":128319,"sc":1,"lpe":92.21,"lpr":1377.21,"lq":1.0,"d":2980},{"pi":"423950","pc":"Аптека","ss":100000,"td":"Центр города","dc":1,"n":575.64,"vc":"около 500 000","sl":"Очень высокий","sv":"более 20 000","p":5099.0,"q":5.88,"b":0.0,"ms":7.05,"wi":77.97,"ei":7.69,"as":463.52,"mi":"E","mv":414209,"sc":2,"lpe":91.5,"lpr":2420.07,"lq":1.0,"d":1663},{"pi":"423950","pc":"Аптека","ss":100000,"td":"Центр города","dc":2,"n":410.19,"vc":"более 100 000","sl":"Элитный","sv":"около 5 000","p":5000.0,"q":7.21,"b":0.0,"ms":1.45,"wi":77.97,"ei":7.69,"as":463.52,"mi":"E","mv":414209,"sc":2,"lpe":91.5,"lpr":2420.07,"lq":1.0,"d":1663},{"pi":"423950","pc":"Аптека","ss":500,"td":"Фешенебельный район","dc":1,"n":654.93,"vc":"около 500","sl":"Очень высокий","sv":"около 1 000","p":3624.98,"q":8.89,"b":0.0,"ms":0.6,"wi":79.2,"ei":9.12,"as":724.54,"mi":"E","mv":165709,"sc":1,"lpe":99.4,"lpr":2110.69,"lq":1.0,"d":1255},{"pi":"423950","pc":"Аптека","ss":1000,"td":"Фешенебельный район","dc":1,"n":583.29,"vc":"более 2 000","sl":"Очень высокий","sv":"более 20 000","p":4315.7,"q":8.4,"b":3.06,"ms":6.18,"wi":79.27,"ei":12.05,"as":894.85,"mi":"E","mv":333683,"sc":4,"lpe":90.55,"lpr":2740.74,"lq":1.63,"d":6441},{"pi":"423950","pc":"Аптека","ss":1000,"td":"Спальный район","dc":1,"n":416.41,"vc":"около 5 000","sl":"Высокий","sv":"около 10 000","p":4199.0,"q":10.33,"b":0.0,"ms":3.0,"wi":79.27,"ei":12.05,"as":894.85,"mi":"E","mv":333683,"sc":4,"lpe":90.55,"lpr":2740.74,"lq":1.63,"d":6441},{"pi":"423950","pc":"Аптека","ss":1000,"td":"Центр города","dc":1,"n":422.89,"vc":"около 5 000","sl":"Высокий","sv":"около 500","p":7000.0,"q":8.09,"b":4.42,"ms":0.21,"wi":79.27,"ei":12.05,"as":894.85,"mi":"E","mv":333683,"sc":4,"lpe":90.55,"lpr":2740.74,"lq":1.63,"d":6441},{"pi":"423950","pc":"Аптека","ss":1000,"td":"Центр города","dc":2,"n":416.4,"vc":"около 5 000","sl":"Низкий","sv":"более 200","p":7000.0,"q":7.88,"b":4.42,"ms":0.06,"wi":79.27,"ei":12.05,"as":894.85,"mi":"E","mv":333683,"sc":4,"lpe":90.55,"lpr":2740.74,"lq":1.63,"d":6441},{"pi":"423950","pc":"Аптека","ss":1000,"td":"Центр города","dc":6,"n":268.11,"vc":"около 500","sl":"Высокий","sv":"около 100","p":3000.0,"q":7.01,"b":0.0,"ms":1.53,"wi":29.25,"ei":7.83,"as":649.96,"mi":"E","mv":6521,"sc":1,"lpe":98.47,"lpr":3385.27,"lq":1.0,"d":206},{"pi":"423950","pc":"Аптека","ss":100000,"td":"Центр города","dc":1,"n":483.12,"vc":"более 200 000","sl":"Очень высокий","sv":"около 50 000","p":2000.0,"q":8.33,"b":4.12,"ms":13.38,"wi":108.24,"ei":7.46,"as":1400.18,"mi":"E","mv":373810,"sc":3,"lpe":75.12,"lpr":1076.78,"lq":1.4,"d":1661},{"pi":"423950","pc":"Аптека","ss":100000,"td":"Центр города","dc":2,"n":608.62,"vc":"около 1 000 000","sl":"Нормальный","sv":"около 50 000","p":2100.0,"q":8.96,"b":2.33,"ms":11.5,"wi":108.24,"ei":7.46,"as":1400.18,"mi":"E","mv":373810,"sc":3,"lpe":75.12,"lpr":1076.78,"lq":1.4,"d":1661},{"pi":"423950","pc":"Аптека","ss":100000,"td":"Спальный район","dc":1,"n":505.97,"vc":"более 200 000","sl":"Элитный","sv":"менее 50","p":3558.0,"q":6.45,"b":0.0,"ms":0.0,"wi":108.24,"ei":7.46,"as":1400.18,"mi":"E","mv":373810,"sc":3,"lpe":75.12,"lpr":1076.78,"lq":1.4,"d":1661},{"pi":"423950","pc":"Аптека","ss":100000,"td":"Фешенебельный район","dc":1,"n":695.02,"vc":"более 100 000","sl":"Элитный","sv":"около 5 000","p":5000.0,"q":9.94,"b":0.0,"ms":6.38,"wi":50.37,"ei":3.0,"as":214.48,"mi":"E","mv":103372,"sc":1,"lpe":93.62,"lpr":1338.78,"lq":1.0,"d":491}]