[{"pi":"423925","pc":"Продукты питания","ss":1000,"td":"Фешенебельный район","dc":1,"n":649.5,"vc":"более 1 000","sl":"Элитный","sv":"более 1 000","p":7000.0,"q":15.73,"b":5.52,"ms":0.58,"wi":112.04,"ei":5.7,"as":525.47,"mi":"E","mv":275950,"sc":1,"lpe":99.42,"lpr":1880.57,"lq":1.0,"d":632},{"pi":"423925","pc":"Продукты питания","ss":1000,"td":"Центр города","dc":2,"n":92.77,"vc":"более 1 000","sl":"Очень высокий","sv":"около 5 000","p":2000.0,"q":20.55,"b":0.0,"ms":0.75,"wi":75.85,"ei":12.1,"as":729.22,"mi":"E","mv":549257,"sc":3,"lpe":98.79,"lpr":812.72,"lq":1.0,"d":1235},{"pi":"423925","pc":"Продукты питания","ss":1000,"td":"Центр города","dc":1,"n":444.77,"vc":"около 5 000","sl":"Нормальный","sv":"более 2 000","p":400.0,"q":20.55,"b":0.0,"ms":0.46,"wi":75.85,"ei":12.1,"as":729.22,"mi":"E","mv":549257,"sc":3,"lpe":98.79,"lpr":812.72,"lq":1.0,"d":1235},{"pi":"423925","pc":"Продукты питания","ss":1000,"td":"Фешенебельный район","dc":2,"n":44.23,"vc":"около 100","sl":"Элитный","sv":"около 50","p":2000.0,"q":6.06,"b":0.0,"ms":0.01,"wi":75.85,"ei":12.1,"as":729.22,"mi":"E","mv":549257,"sc":3,"lpe":98.79,"lpr":812.72,"lq":1.0,"d":1235},{"pi":"423925","pc":"Продукты питания","ss":10000,"td":"Центр города","dc":1,"n":255.59,"vc":"около 5 000","sl":"Элитный","sv":"около 5 000","p":1250.0,"q":17.6,"b":0.0,"ms":4.11,"wi":59.58,"ei":5.32,"as":655.26,"mi":"E","mv":170433,"sc":1,"lpe":95.89,"lpr":553.76,"lq":1.0,"d":422},{"pi":"423925","pc":"Продукты питания","ss":100000,"td":"Центр города","dc":2,"n":581.73,"vc":"около 500 000","sl":"Нормальный","sv":"более 100 000","p":600.0,"q":20.55,"b":0.0,"ms":14.85,"wi":60.32,"ei":7.58,"as":403.37,"mi":"E","mv":813558,"sc":2,"lpe":85.15,"lpr":552.32,"lq":1.35,"d":2108},{"pi":"423925","pc":"Продукты питания","ss":1000,"td":"Центр города","dc":5,"n":115.25,"vc":"более 1 000","sl":"Нормальный","sv":"менее 50","p":550.0,"q":13.91,"b":0.0,"ms":0.0,"wi":60.32,"ei":7.58,"as":403.37,"mi":"E","mv":813558,"sc":2,"lpe":85.15,"lpr":552.32,"lq":1.35,"d":2108},{"pi":"423925","pc":"Продукты питания","ss":10000,"td":"Центр города","dc":2,"n":507.65,"vc":"более 20 000","sl":"Очень высокий","sv":"около 5 000","p":400.0,"q":20.55,"b":0.0,"ms":5.3,"wi":28.37,"ei":5.25,"as":322.45,"mi":"E","mv":94271,"sc":1,"lpe":94.7,"lpr":553.61,"lq":1.0,"d":914},{"pi":"423925","pc":"Продукты питания","ss":100000,"td":"Фешенебельный район","dc":3,"n":647.27,"vc":"более 100 000","sl":"Очень высокий","sv":"более 10 000","p":5000.0,"q":8.26,"b":0.0,"ms":2.86,"wi":143.39,"ei":7.29,"as":661.55,"mi":"E","mv":420134,"sc":2,"lpe":96.07,"lpr":2111.41,"lq":1.0,"d":1029},{"pi":"423925","pc":"Продукты питания","ss":1000,"td":"Центр города","dc":2,"n":73.9,"vc":"около 500","sl":"Элитный","sv":"около 5 000","p":480.0,"q":18.97,"b":0.0,"ms":1.08,"wi":143.39,"ei":7.29,"as":661.55,"mi":"E","mv":420134,"sc":2,"lpe":96.07,"lpr":2111.41,"lq":1.0,"d":1029},{"pi":"423925","pc":"Продукты питания","ss":10000,"td":"Центр города","dc":3,"n":133.79,"vc":"более 1 000","sl":"Элитный","sv":"около 500","p":600.0,"q":19.24,"b":0.0,"ms":0.12,"wi":91.16,"ei":12.05,"as":819.44,"mi":"E","mv":501282,"sc":1,"lpe":99.88,"lpr":2274.33,"lq":1.0,"d":1294},{"pi":"423925","pc":"Продукты питания","ss":10000,"td":"Спальный район","dc":1,"n":131.03,"vc":"более 2 000","sl":"Элитный","sv":"более 200","p":3050.0,"q":7.9,"b":0.0,"ms":0.02,"wi":74.13,"ei":6.14,"as":484.11,"mi":"E","mv":1255672,"sc":1,"lpe":99.98,"lpr":1183.99,"lq":1.0,"d":2838},{"pi":"423925","pc":"Продукты питания","ss":1000,"td":"Центр города","dc":1,"n":422.99,"vc":"около 5 000","sl":"Нормальный","sv":"около 5 000","p":555.0,"q":20.55,"b":0.0,"ms":0.67,"wi":61.55,"ei":11.03,"as":913.67,"mi":"E","mv":751587,"sc":1,"lpe":99.33,"lpr":945.12,"lq":1.0,"d":12392},{"pi":"423925","pc":"Продукты питания","ss":100000,"td":"Фешенебельный район","dc":3,"n":647.46,"vc":"более 100 000","sl":"Очень высокий","sv":"около 500","p":4000.0,"q":12.5,"b":0.0,"ms":0.15,"wi":120.4,"ei":7.25,"as":2008.8,"mi":"E","mv":277767,"sc":1,"lpe":99.85,"lpr":1364.14,"lq":1.0,"d":663},{"pi":"423925","pc":"Продукты питания","ss":100000,"td":"Центр города","dc":1,"n":432.43,"vc":"более 100 000","sl":"Очень высокий","sv":"более 10 000","p":950.0,"q":15.6,"b":2.86,"ms":2.64,"wi":24.23,"ei":4.88,"as":222.61,"mi":"E","mv":569011,"sc":1,"lpe":97.36,"lpr":535.39,"lq":1.0,"d":1468},{"pi":"423925","pc":"Продукты питания","ss":100000,"td":"Пригород","dc":10,"n":490.88,"vc":"около 100 000","sl":"Очень высокий","sv":"менее 50","p":286.85,"q":6.73,"b":0.0,"ms":0.0,"wi":7.36,"ei":4.12,"as":161.41,"mi":"E","mv":63657,"sc":1,"lpe":100.0,"lpr":406.81,"lq":1.0,"d":4029},{"pi":"423925","pc":"Продукты питания","ss":100000,"td":"Спальный район","dc":3,"n":393.45,"vc":"более 100 000","sl":"Элитный","sv":"около 10 000","p":1305.0,"q":20.55,"b":0.0,"ms":0.71,"wi":41.76,"ei":8.78,"as":296.55,"mi":"E","mv":1402777,"sc":1,"lpe":99.29,"lpr":551.65,"lq":1.0,"d":4441},{"pi":"423925","pc":"Продукты питания","ss":500,"td":"Пригород","dc":1,"n":58.55,"vc":"около 100","sl":"Элитный","sv":"менее 50","p":273.15,"q":5.86,"b":0.0,"ms":0.0,"wi":13.35,"ei":5.83,"as":163.84,"mi":"E","mv":409766,"sc":1,"lpe":100.0,"lpr":237.57,"lq":1.0,"d":1598},{"pi":"423925","pc":"Продукты питания","ss":100000,"td":"Центр города","dc":3,"n":513.74,"vc":"более 200 000","sl":"Высокий","sv":"около 100","p":1300.0,"q":8.26,"b":0.0,"ms":0.1,"wi":14.0,"ei":5.01,"as":238.54,"mi":"E","mv":97128,"sc":1,"lpe":99.9,"lpr":555.4,"lq":1.0,"d":734},{"pi":"423925","pc":"Продукты питания","ss":100000,"td":"Центр города","dc":1,"n":557.06,"vc":"около 500 000","sl":"Высокий","sv":"около 500","p":2000.0,"q":14.25,"b":0.0,"ms":0.75,"wi":42.38,"ei":5.57,"as":567.91,"mi":"E","mv":89030,"sc":1,"lpe":99.25,"lpr":551.92,"lq":1.0,"d":452},{"pi":"423925","pc":"Продукты питания","ss":500,"td":"Фешенебельный район","dc":3,"n":110.47,"vc":"менее 50","sl":"Элитный","sv":"менее 50","p":100.0,"q":13.91,"b":0.0,"ms":0.0,"wi":14.88,"ei":5.88,"as":325.21,"mi":"E","mv":69596,"sc":1,"lpe":100.0,"lpr":146.89,"lq":1.0,"d":263},{"pi":"423925","pc":"Продукты питания","ss":10000,"td":"Центр города","dc":1,"n":407.93,"vc":"более 20 000","sl":"Элитный","sv":"около 5 000","p":1550.0,"q":20.55,"b":0.0,"ms":3.11,"wi":12.06,"ei":5.82,"as":287.08,"mi":"E","mv":190802,"sc":1,"lpe":96.89,"lpr":369.44,"lq":1.0,"d":3978},{"pi":"423925","pc":"Продукты питания","ss":10000,"td":"Центр города","dc":1,"n":400.18,"vc":"более 10 000","sl":"Элитный","sv":"около 50 000","p":570.0,"q":16.56,"b":0.0,"ms":5.42,"wi":31.11,"ei":15.07,"as":449.38,"mi":"E","mv":829727,"sc":1,"lpe":94.58,"lpr":549.66,"lq":1.0,"d":4857},{"pi":"423925","pc":"Продукты питания","ss":100000,"td":"Центр города","dc":1,"n":391.85,"vc":"более 100 000","sl":"Элитный","sv":"более 200 000","p":3599.99,"q":9.93,"b":0.0,"ms":24.4,"wi":57.77,"ei":9.84,"as":399.03,"mi":"E","mv":1195422,"sc":1,"lpe":75.6,"lpr":1566.62,"lq":1.0,"d":3316},{"pi":"423925","pc":"Продукты питания","ss":100000,"td":"Центр города","dc":2,"n":455.76,"vc":"более 100 000","sl":"Низкий","sv":"более 1 000","p":1300.0,"q":15.6,"b":3.06,"ms":0.28,"wi":37.38,"ei":4.52,"as":259.04,"mi":"E","mv":395600,"sc":1,"lpe":99.72,"lpr":548.01,"lq":1.0,"d":1657},{"pi":"423925","pc":"Продукты питания","ss":1000,"td":"Центр города","dc":1,"n":590.15,"vc":"около 5 000","sl":"Высокий","sv":"более 2 000","p":550.0,"q":20.55,"b":0.0,"ms":24.14,"wi":34.04,"ei":8.95,"as":849.54,"mi":"E","mv":9548,"sc":1,"lpe":75.86,"lpr":224.66,"lq":1.07,"d":222},{"pi":"423925","pc":"Продукты питания","ss":100000,"td":"Центр города","dc":3,"n":440.57,"vc":"более 100 000","sl":"Очень высокий","sv":"более 10 000","p":2350.0,"q":20.23,"b":0.0,"ms":2.05,"wi":73.51,"ei":5.78,"as":394.18,"mi":"E","mv":548908,"sc":1,"lpe":97.95,"lpr":930.88,"lq":1.0,"d":1203},{"pi":"423925","pc":"Продукты питания","ss":100000,"td":"Спальный район","dc":5,"n":346.03,"vc":"около 50 000","sl":"Нормальный","sv":"около 50 000","p":500.0,"q":15.98,"b":4.89,"ms":4.34,"wi":101.91,"ei":5.55,"as":756.37,"mi":"E","mv":1069147,"sc":2,"lpe":95.19,"lpr":1660.1,"lq":1.0,"d":2460},{"pi":"423925","pc":"Продукты питания","ss":100000,"td":"Центр города","dc":2,"n":572.16,"vc":"около 500 000","sl":"Нормальный","sv":"около 5 000","p":1000.0,"q":20.55,"b":0.0,"ms":0.47,"wi":101.91,"ei":5.55,"as":756.37,"mi":"E","mv":1069147,"sc":2,"lpe":95.19,"lpr":1660.1,"lq":1.0,"d":2460},{"pi":"423925","pc":"Продукты питания","ss":1000,"td":"Фешенебельный район","dc":1,"n":561.92,"vc":"более 1 000","sl":"Очень высокий","sv":"более 10 000","p":4000.0,"q":19.42,"b":3.62,"ms":1.36,"wi":63.62,"ei":6.37,"as":335.74,"mi":"E","mv":924772,"sc":1,"lpe":98.64,"lpr":972.33,"lq":1.0,"d":2140},{"pi":"423925","pc":"Продукты питания","ss":100000,"td":"Центр города","dc":1,"n":384.58,"vc":"более 200 000","sl":"Элитный","sv":"около 100 000","p":5000.0,"q":19.67,"b":0.0,"ms":2.21,"wi":105.21,"ei":13.87,"as":803.35,"mi":"E","mv":3641517,"sc":4,"lpe":96.07,"lpr":2295.76,"lq":1.0,"d":9315},{"pi":"423925","pc":"Продукты питания","ss":100000,"td":"Фешенебельный район","dc":3,"n":474.02,"vc":"около 50 000","sl":"Элитный","sv":"около 50 000","p":5000.0,"q":12.99,"b":3.55,"ms":1.49,"wi":105.21,"ei":13.87,"as":803.35,"mi":"E","mv":3641517,"sc":4,"lpe":96.07,"lpr":2295.76,"lq":1.0,"d":9315},{"pi":"423925","pc":"Продукты питания","ss":100000,"td":"Центр города","dc":3,"n":409.2,"vc":"более 200 000","sl":"Очень высокий","sv":"около 5 000","p":6000.0,"q":12.78,"b":3.55,"ms":0.2,"wi":105.21,"ei":13.87,"as":803.35,"mi":"E","mv":3641517,"sc":4,"lpe":96.07,"lpr":2295.76,"lq":1.0,"d":9315},{"pi":"423925","pc":"Продукты питания","ss":10000,"td":"Центр города","dc":1,"n":305.28,"vc":"более 10 000","sl":"Элитный","sv":"около 1 000","p":2750.0,"q":6.73,"b":0.0,"ms":0.03,"wi":105.21,"ei":13.87,"as":803.35,"mi":"E","mv":3641517,"sc":4,"lpe":96.07,"lpr":2295.76,"lq":1.0,"d":9315},{"pi":"423925","pc":"Продукты питания","ss":100000,"td":"Центр города","dc":2,"n":317.87,"vc":"около 100 000","sl":"Очень высокий","sv":"более 20 000","p":2000.0,"q":11.81,"b":1.21,"ms":0.79,"wi":57.42,"ei":5.96,"as":448.87,"mi":"E","mv":2671491,"sc":2,"lpe":98.83,"lpr":715.29,"lq":1.0,"d":5974},{"pi":"423925","pc":"Продукты питания","ss":100000,"td":"Центр города","dc":2,"n":260.46,"vc":"около 50 000","sl":"Низкий","sv":"около 10 000","p":900.0,"q":16.49,"b":0.0,"ms":0.37,"wi":57.42,"ei":5.96,"as":448.87,"mi":"E","mv":2671491,"sc":2,"lpe":98.83,"lpr":715.29,"lq":1.0,"d":5974},{"pi":"423925","pc":"Продукты питания","ss":100,"td":"Окраина","dc":1,"n":49.88,"vc":"около 50","sl":"Нормальный","sv":"менее 50","p":597.2,"q":1.05,"b":0.0,"ms":0.0,"wi":30.3,"ei":4.22,"as":201.79,"mi":"E","mv":552463,"sc":1,"lpe":100.0,"lpr":549.42,"lq":1.0,"d":1919},{"pi":"423925","pc":"Продукты питания","ss":100000,"td":"Центр города","dc":1,"n":447.04,"vc":"более 200 000","sl":"Очень высокий","sv":"около 100 000","p":6000.0,"q":19.67,"b":0.0,"ms":4.14,"wi":89.8,"ei":6.71,"as":470.88,"mi":"E","mv":1977294,"sc":2,"lpe":95.86,"lpr":2487.62,"lq":1.0,"d":4994},{"pi":"423925","pc":"Продукты питания","ss":500,"td":"Центр города","dc":1,"n":63.1,"vc":"около 500","sl":"Очень высокий","sv":"менее 50","p":2670.0,"q":6.73,"b":0.0,"ms":0.0,"wi":89.8,"ei":6.71,"as":470.88,"mi":"E","mv":1977294,"sc":2,"lpe":95.86,"lpr":2487.62,"lq":1.0,"d":4994},{"pi":"423925","pc":"Продукты питания","ss":100000,"td":"Центр города","dc":1,"n":513.93,"vc":"более 200 000","sl":"Элитный","sv":"около 1 000","p":1900.0,"q":20.55,"b":0.0,"ms":0.42,"wi":108.54,"ei":6.2,"as":659.98,"mi":"E","mv":239841,"sc":1,"lpe":99.58,"lpr":1387.68,"lq":1.0,"d":628},{"pi":"423925","pc":"Продукты питания","ss":1000,"td":"Центр города","dc":1,"n":538.72,"vc":"около 5 000","sl":"Высокий","sv":"более 2 000","p":1370.0,"q":20.55,"b":0.0,"ms":4.91,"wi":64.91,"ei":10.23,"as":1395.94,"mi":"E","mv":59857,"sc":1,"lpe":95.09,"lpr":666.78,"lq":1.0,"d":185},{"pi":"423925","pc":"Продукты питания","ss":100000,"td":"Центр города","dc":1,"n":413.46,"vc":"более 100 000","sl":"Элитный","sv":"около 100 000","p":2900.0,"q":13.06,"b":3.11,"ms":4.29,"wi":61.93,"ei":9.19,"as":614.3,"mi":"E","mv":1907141,"sc":3,"lpe":94.03,"lpr":1014.64,"lq":1.0,"d":4618},{"pi":"423925","pc":"Продукты питания","ss":100000,"td":"Спальный район","dc":1,"n":390.67,"vc":"около 100 000","sl":"Элитный","sv":"около 50 000","p":2700.0,"q":11.17,"b":3.12,"ms":1.68,"wi":61.93,"ei":9.19,"as":614.3,"mi":"E","mv":1907141,"sc":3,"lpe":94.03,"lpr":1014.64,"lq":1.0,"d":4618},{"pi":"423925","pc":"Продукты питания","ss":10000,"td":"Окраина","dc":10,"n":349.23,"vc":"около 10 000","sl":"Нормальный","sv":"менее 50","p":1761.0,"q":6.73,"b":0.0,"ms":0.0,"wi":61.93,"ei":9.19,"as":614.3,"mi":"E","mv":1907141,"sc":3,"lpe":94.03,"lpr":1014.64,"lq":1.0,"d":4618},{"pi":"423925","pc":"Продукты питания","ss":100000,"td":"Центр города","dc":10,"n":673.93,"vc":"более 1 000 000","sl":"Очень низкий","sv":"менее 50","p":2000.0,"q":5.61,"b":0.0,"ms":0.0,"wi":25.85,"ei":4.86,"as":167.58,"mi":"E","mv":140213,"sc":1,"lpe":100.0,"lpr":530.4,"lq":1.0,"d":654},{"pi":"423925","pc":"Продукты питания","ss":100000,"td":"Центр города","dc":1,"n":424.96,"vc":"более 100 000","sl":"Элитный","sv":"около 100","p":1200.0,"q":14.26,"b":0.0,"ms":0.02,"wi":52.11,"ei":6.13,"as":657.55,"mi":"E","mv":433978,"sc":1,"lpe":99.98,"lpr":555.13,"lq":1.0,"d":1284},{"pi":"423925","pc":"Продукты питания","ss":100000,"td":"Фешенебельный район","dc":1,"n":265.37,"vc":"около 5 000","sl":"Элитный","sv":"около 100","p":1300.0,"q":20.55,"b":0.0,"ms":0.06,"wi":14.14,"ei":9.49,"as":277.36,"mi":"E","mv":174631,"sc":1,"lpe":99.94,"lpr":513.83,"lq":1.0,"d":2826},{"pi":"423925","pc":"Продукты питания","ss":100000,"td":"Центр города","dc":3,"n":398.4,"vc":"более 100 000","sl":"Очень высокий","sv":"около 5 000","p":1520.0,"q":20.55,"b":0.0,"ms":0.55,"wi":21.66,"ei":13.94,"as":274.27,"mi":"E","mv":1117205,"sc":1,"lpe":99.45,"lpr":373.49,"lq":1.0,"d":6021},{"pi":"423925","pc":"Продукты питания","ss":500,"td":"Спальный район","dc":5,"n":276.25,"vc":"более 200","sl":"Низкий","sv":"менее 50","p":1100.0,"q":19.23,"b":0.0,"ms":0.0,"wi":18.88,"ei":3.1,"as":207.71,"mi":"E","mv":71570,"sc":1,"lpe":100.0,"lpr":304.42,"lq":1.0,"d":209},{"pi":"423925","pc":"Продукты питания","ss":100000,"td":"Центр города","dc":2,"n":583.03,"vc":"около 500 000","sl":"Высокий","sv":"около 10 000","p":8400.0,"q":20.55,"b":0.0,"ms":3.14,"wi":153.98,"ei":9.67,"as":1800.45,"mi":"E","mv":318814,"sc":2,"lpe":94.85,"lpr":4754.57,"lq":1.0,"d":853},{"pi":"423925","pc":"Продукты питания","ss":10000,"td":"Центр города","dc":1,"n":488.83,"vc":"более 20 000","sl":"Элитный","sv":"около 5 000","p":10000.0,"q":19.24,"b":0.0,"ms":2.02,"wi":153.98,"ei":9.67,"as":1800.45,"mi":"E","mv":318814,"sc":2,"lpe":94.85,"lpr":4754.57,"lq":1.0,"d":853},{"pi":"423925","pc":"Продукты питания","ss":500,"td":"Центр города","dc":1,"n":455.14,"vc":"более 300","sl":"Элитный","sv":"около 500","p":2500.0,"q":14.26,"b":0.0,"ms":5.3,"wi":82.3,"ei":7.0,"as":786.76,"mi":"E","mv":7549,"sc":1,"lpe":94.7,"lpr":1084.3,"lq":1.0,"d":142},{"pi":"423925","pc":"Продукты питания","ss":10000,"td":"Спальный район","dc":1,"n":518.83,"vc":"более 20 000","sl":"Элитный","sv":"около 1 000","p":500.0,"q":16.57,"b":0.0,"ms":0.17,"wi":31.23,"ei":4.2,"as":320.36,"mi":"E","mv":600341,"sc":1,"lpe":99.83,"lpr":590.36,"lq":1.0,"d":1576},{"pi":"423925","pc":"Продукты питания","ss":10000,"td":"Пригород","dc":1,"n":414.04,"vc":"около 10 000","sl":"Очень высокий","sv":"около 200","p":1800.0,"q":11.56,"b":0.0,"ms":0.03,"wi":63.61,"ei":6.03,"as":429.32,"mi":"E","mv":604623,"sc":1,"lpe":99.97,"lpr":779.25,"lq":1.0,"d":1331},{"pi":"423925","pc":"Продукты питания","ss":100000,"td":"Центр города","dc":2,"n":363.28,"vc":"более 100 000","sl":"Элитный","sv":"более 100 000","p":2999.99,"q":14.26,"b":0.0,"ms":8.58,"wi":60.17,"ei":10.56,"as":378.1,"mi":"E","mv":1706781,"sc":2,"lpe":90.54,"lpr":1229.89,"lq":1.3,"d":6232},{"pi":"423925","pc":"Продукты питания","ss":100000,"td":"Фешенебельный район","dc":3,"n":587.94,"vc":"более 100 000","sl":"Элитный","sv":"более 10 000","p":2343.81,"q":20.55,"b":0.0,"ms":0.88,"wi":60.17,"ei":10.56,"as":378.1,"mi":"E","mv":1706781,"sc":2,"lpe":90.54,"lpr":1229.89,"lq":1.3,"d":6232},{"pi":"423925","pc":"Продукты питания","ss":10000,"td":"Центр города","dc":1,"n":531.77,"vc":"около 50 000","sl":"Очень высокий","sv":"около 50 000","p":1200.0,"q":17.6,"b":0.0,"ms":18.67,"wi":48.24,"ei":14.26,"as":399.87,"mi":"E","mv":187446,"sc":1,"lpe":81.33,"lpr":485.64,"lq":1.2,"d":1446},{"pi":"423925","pc":"Продукты питания","ss":100000,"td":"Центр города","dc":1,"n":456.86,"vc":"более 100 000","sl":"Элитный","sv":"более 1 000","p":3099.99,"q":20.55,"b":0.0,"ms":0.45,"wi":42.97,"ei":7.04,"as":689.17,"mi":"E","mv":388893,"sc":1,"lpe":99.55,"lpr":846.98,"lq":1.0,"d":1215},{"pi":"423925","pc":"Продукты питания","ss":100,"td":"Фешенебельный район","dc":1,"n":127.51,"vc":"менее 50","sl":"Высокий","sv":"менее 50","p":1500.0,"q":20.55,"b":0.0,"ms":0.0,"wi":25.78,"ei":5.86,"as":525.34,"mi":"E","mv":460343,"sc":1,"lpe":100.0,"lpr":450.16,"lq":1.0,"d":2664},{"pi":"423925","pc":"Продукты питания","ss":100000,"td":"Центр города","dc":1,"n":418.97,"vc":"более 100 000","sl":"Элитный","sv":"менее 50","p":9000.0,"q":11.29,"b":0.0,"ms":0.0,"wi":66.49,"ei":11.25,"as":422.13,"mi":"E","mv":691870,"sc":1,"lpe":100.0,"lpr":1738.83,"lq":1.0,"d":1852},{"pi":"423925","pc":"Продукты питания","ss":100000,"td":"Центр города","dc":2,"n":463.71,"vc":"более 100 000","sl":"Элитный","sv":"более 10 000","p":2725.0,"q":17.6,"b":0.0,"ms":2.79,"wi":79.93,"ei":8.4,"as":865.82,"mi":"E","mv":448459,"sc":1,"lpe":97.21,"lpr":2015.32,"lq":1.0,"d":1983},{"pi":"423925","pc":"Продукты питания","ss":100000,"td":"Центр города","dc":2,"n":558.74,"vc":"более 200 000","sl":"Очень высокий","sv":"около 10 000","p":1810.56,"q":20.55,"b":0.0,"ms":9.04,"wi":52.72,"ei":6.41,"as":269.05,"mi":"E","mv":110663,"sc":1,"lpe":90.96,"lpr":546.75,"lq":1.0,"d":616},{"pi":"423925","pc":"Продукты питания","ss":100000,"td":"Центр города","dc":1,"n":532.42,"vc":"более 200 000","sl":"Элитный","sv":"более 1 000","p":4000.0,"q":18.01,"b":0.0,"ms":1.08,"wi":73.23,"ei":8.34,"as":986.88,"mi":"E","mv":162875,"sc":1,"lpe":98.92,"lpr":1207.17,"lq":1.0,"d":469},{"pi":"423925","pc":"Продукты питания","ss":10000,"td":"Фешенебельный район","dc":2,"n":505.11,"vc":"около 5 000","sl":"Элитный","sv":"более 2 000","p":4000.0,"q":9.68,"b":0.0,"ms":0.16,"wi":84.34,"ei":6.6,"as":536.85,"mi":"E","mv":1486852,"sc":1,"lpe":99.84,"lpr":1390.6,"lq":1.0,"d":3367},{"pi":"423925","pc":"Продукты питания","ss":100000,"td":"Фешенебельный район","dc":3,"n":690.07,"vc":"более 100 000","sl":"Элитный","sv":"менее 50","p":5000.0,"q":13.48,"b":5.36,"ms":0.0,"wi":170.37,"ei":9.3,"as":3947.5,"mi":"E","mv":98629,"sc":1,"lpe":100.0,"lpr":2993.39,"lq":1.0,"d":319},{"pi":"423925","pc":"Продукты питания","ss":10000,"td":"Центр города","dc":1,"n":643.19,"vc":"около 50 000","sl":"Высокий","sv":"более 20 000","p":1000.0,"q":20.55,"b":0.0,"ms":5.92,"wi":133.29,"ei":12.92,"as":4489.32,"mi":"E","mv":341697,"sc":3,"lpe":89.85,"lpr":1996.89,"lq":3.46,"d":940},{"pi":"423925","pc":"Продукты питания","ss":100000,"td":"Спальный район","dc":1,"n":487.68,"vc":"более 100 000","sl":"Элитный","sv":"около 10 000","p":5000.0,"q":20.55,"b":0.0,"ms":2.34,"wi":133.29,"ei":12.92,"as":4489.32,"mi":"E","mv":341697,"sc":3,"lpe":89.85,"lpr":1996.89,"lq":3.46,"d":940},{"pi":"423925","pc":"Продукты питания","ss":100000,"td":"Спальный район","dc":2,"n":498.67,"vc":"более 100 000","sl":"Элитный","sv":"около 5 000","p":5000.0,"q":12.04,"b":5.36,"ms":1.89,"wi":133.29,"ei":12.92,"as":4489.32,"mi":"E","mv":341697,"sc":3,"lpe":89.85,"lpr":1996.89,"lq":3.46,"d":940},{"pi":"423925","pc":"Продукты питания","ss":100000,"td":"Фешенебельный район","dc":2,"n":253.57,"vc":"около 5 000","sl":"Элитный","sv":"около 50 000","p":2000.0,"q":13.33,"b":5.36,"ms":20.14,"wi":150.0,"ei":13.64,"as":4851.15,"mi":"E","mv":340248,"sc":2,"lpe":77.81,"lpr":2081.96,"lq":3.18,"d":890},{"pi":"423925","pc":"Продукты питания","ss":100000,"td":"Фешенебельный район","dc":3,"n":553.16,"vc":"около 50 000","sl":"Элитный","sv":"около 5 000","p":5000.0,"q":12.22,"b":5.36,"ms":2.05,"wi":150.0,"ei":13.64,"as":4851.15,"mi":"E","mv":340248,"sc":2,"lpe":77.81,"lpr":2081.96,"lq":3.18,"d":890},{"pi":"423925","pc":"Продукты питания","ss":100000,"td":"Фешенебельный район","dc":2,"n":708.1,"vc":"более 100 000","sl":"Элитный","sv":"менее 50","p":4000.0,"q":13.48,"b":5.36,"ms":0.0,"wi":122.87,"ei":8.87,"as":3799.76,"mi":"E","mv":53676,"sc":1,"lpe":100.0,"lpr":1707.02,"lq":1.0,"d":209},{"pi":"423925","pc":"Продукты питания","ss":1000,"td":"Центр города","dc":5,"n":88.67,"vc":"около 500","sl":"Очень высокий","sv":"около 100","p":300.0,"q":13.91,"b":0.0,"ms":0.05,"wi":33.29,"ei":6.93,"as":379.1,"mi":"E","mv":219902,"sc":1,"lpe":99.95,"lpr":436.29,"lq":1.0,"d":626},{"pi":"423925","pc":"Продукты питания","ss":10000,"td":"Центр города","dc":5,"n":251.54,"vc":"около 5 000","sl":"Очень низкий","sv":"менее 50","p":650.0,"q":13.91,"b":0.0,"ms":0.0,"wi":53.31,"ei":7.07,"as":338.39,"mi":"E","mv":250403,"sc":1,"lpe":100.0,"lpr":553.44,"lq":1.0,"d":954},{"pi":"423925","pc":"Продукты питания","ss":100000,"td":"Фешенебельный район","dc":2,"n":699.17,"vc":"более 100 000","sl":"Элитный","sv":"около 5 000","p":5000.0,"q":12.29,"b":5.36,"ms":4.28,"wi":139.78,"ei":8.77,"as":4114.09,"mi":"E","mv":74628,"sc":1,"lpe":95.72,"lpr":1637.01,"lq":1.0,"d":285},{"pi":"423925","pc":"Продукты питания","ss":500,"td":"Фешенебельный район","dc":4,"n":117.26,"vc":"менее 50","sl":"Элитный","sv":"менее 50","p":500.0,"q":13.91,"b":0.0,"ms":0.0,"wi":17.85,"ei":5.4,"as":282.66,"mi":"E","mv":87149,"sc":1,"lpe":100.0,"lpr":553.78,"lq":1.0,"d":242},{"pi":"423925","pc":"Продукты питания","ss":1000,"td":"Центр города","dc":5,"n":244.57,"vc":"более 1 000","sl":"Нормальный","sv":"менее 50","p":900.0,"q":13.91,"b":0.0,"ms":0.0,"wi":53.78,"ei":7.64,"as":502.33,"mi":"E","mv":290728,"sc":1,"lpe":100.0,"lpr":600.82,"lq":1.0,"d":934},{"pi":"423925","pc":"Продукты питания","ss":100000,"td":"Центр города","dc":2,"n":559.58,"vc":"около 500 000","sl":"Высокий","sv":"более 2 000","p":800.0,"q":20.55,"b":0.0,"ms":0.84,"wi":45.68,"ei":7.04,"as":429.01,"mi":"E","mv":296778,"sc":1,"lpe":99.16,"lpr":600.71,"lq":1.0,"d":1098},{"pi":"423925","pc":"Продукты питания","ss":100000,"td":"Фешенебельный район","dc":1,"n":623.36,"vc":"более 200 000","sl":"Элитный","sv":"около 100 000","p":5500.0,"q":16.21,"b":0.0,"ms":4.24,"wi":60.74,"ei":5.73,"as":513.33,"mi":"E","mv":2361241,"sc":11,"lpe":93.9,"lpr":2081.26,"lq":1.0,"d":9704},{"pi":"423925","pc":"Продукты питания","ss":100000,"td":"Центр города","dc":1,"n":297.46,"vc":"около 100 000","sl":"Высокий","sv":"около 20 000","p":3500.0,"q":8.26,"b":0.0,"ms":0.85,"wi":60.74,"ei":5.73,"as":513.33,"mi":"E","mv":2361241,"sc":11,"lpe":93.9,"lpr":2081.26,"lq":1.0,"d":9704},{"pi":"423925","pc":"Продукты питания","ss":10000,"td":"Центр города","dc":2,"n":65.35,"vc":"более 2 000","sl":"Элитный","sv":"около 10 000","p":1529.0,"q":20.55,"b":0.0,"ms":0.42,"wi":60.74,"ei":5.73,"as":513.33,"mi":"E","mv":2361241,"sc":11,"lpe":93.9,"lpr":2081.26,"lq":1.0,"d":9704},{"pi":"423925","pc":"Продукты питания","ss":100000,"td":"Центр города","dc":1,"n":549.23,"vc":"более 1 000 000","sl":"Нормальный","sv":"около 10 000","p":3500.0,"q":20.55,"b":0.0,"ms":0.42,"wi":60.74,"ei":5.73,"as":513.33,"mi":"E","mv":2361241,"sc":11,"lpe":93.9,"lpr":2081.26,"lq":1.0,"d":9704},{"pi":"423925","pc":"Продукты питания","ss":100000,"td":"Спальный район","dc":1,"n":492.52,"vc":"около 500 000","sl":"Очень низкий","sv":"более 1 000","p":3288.88,"q":7.06,"b":0.0,"ms":0.06,"wi":60.74,"ei":5.73,"as":513.33,"mi":"E","mv":2361241,"sc":11,"lpe":93.9,"lpr":2081.26,"lq":1.0,"d":9704},{"pi":"423925","pc":"Продукты питания","ss":100000,"td":"Фешенебельный район","dc":1,"n":457.67,"vc":"около 50 000","sl":"Элитный","sv":"около 500","p":7000.0,"q":9.92,"b":0.0,"ms":0.03,"wi":60.74,"ei":5.73,"as":513.33,"mi":"E","mv":2361241,"sc":11,"lpe":93.9,"lpr":2081.26,"lq":1.0,"d":9704},{"pi":"423925","pc":"Продукты питания","ss":10000,"td":"Центр города","dc":2,"n":118.77,"vc":"около 5 000","sl":"Элитный","sv":"около 500","p":3000.0,"q":8.26,"b":0.0,"ms":0.03,"wi":60.74,"ei":5.73,"as":513.33,"mi":"E","mv":2361241,"sc":11,"lpe":93.9,"lpr":2081.26,"lq":1.0,"d":9704},{"pi":"423925","pc":"Продукты питания","ss":100000,"td":"Спальный район","dc":1,"n":322.18,"vc":"около 50 000","sl":"Элитный","sv":"около 500","p":2265.41,"q":7.91,"b":0.0,"ms":0.03,"wi":60.74,"ei":5.73,"as":513.33,"mi":"E","mv":2361241,"sc":11,"lpe":93.9,"lpr":2081.26,"lq":1.0,"d":9704},{"pi":"423925","pc":"Продукты питания","ss":10000,"td":"Фешенебельный район","dc":1,"n":512.36,"vc":"около 10 000","sl":"Элитный","sv":"около 500","p":2317.0,"q":6.73,"b":0.0,"ms":0.02,"wi":60.74,"ei":5.73,"as":513.33,"mi":"E","mv":2361241,"sc":11,"lpe":93.9,"lpr":2081.26,"lq":1.0,"d":9704},{"pi":"423925","pc":"Продукты питания","ss":10000,"td":"Центр города","dc":1,"n":305.7,"vc":"более 10 000","sl":"Очень высокий","sv":"около 200","p":3200.0,"q":6.06,"b":0.0,"ms":0.01,"wi":60.74,"ei":5.73,"as":513.33,"mi":"E","mv":2361241,"sc":11,"lpe":93.9,"lpr":2081.26,"lq":1.0,"d":9704},{"pi":"423925","pc":"Продукты питания","ss":100000,"td":"Спальный район","dc":1,"n":395.01,"vc":"более 100 000","sl":"Элитный","sv":"более 10 000","p":1500.0,"q":16.57,"b":0.0,"ms":1.23,"wi":66.62,"ei":7.76,"as":564.62,"mi":"E","mv":1214847,"sc":2,"lpe":98.19,"lpr":1012.53,"lq":1.0,"d":3493},{"pi":"423925","pc":"Продукты питания","ss":100000,"td":"Фешенебельный район","dc":3,"n":590.97,"vc":"более 100 000","sl":"Элитный","sv":"около 5 000","p":3500.0,"q":12.54,"b":3.85,"ms":0.57,"wi":66.62,"ei":7.76,"as":564.62,"mi":"E","mv":1214847,"sc":2,"lpe":98.19,"lpr":1012.53,"lq":1.0,"d":3493},{"pi":"423925","pc":"Продукты питания","ss":100000,"td":"Центр города","dc":2,"n":573.43,"vc":"более 200 000","sl":"Очень высокий","sv":"около 10 000","p":2222.0,"q":20.55,"b":0.0,"ms":10.94,"wi":113.22,"ei":8.72,"as":3458.72,"mi":"E","mv":91448,"sc":2,"lpe":87.97,"lpr":1436.11,"lq":2.62,"d":346},{"pi":"423925","pc":"Продукты питания","ss":100000,"td":"Центр города","dc":1,"n":596.07,"vc":"около 500 000","sl":"Очень высокий","sv":"около 1 000","p":2200.0,"q":20.55,"b":0.0,"ms":1.09,"wi":113.22,"ei":8.72,"as":3458.72,"mi":"E","mv":91448,"sc":2,"lpe":87.97,"lpr":1436.11,"lq":2.62,"d":346},{"pi":"423925","pc":"Продукты питания","ss":1000,"td":"Фешенебельный район","dc":6,"n":457.64,"vc":"около 500","sl":"Очень высокий","sv":"более 1 000","p":750.0,"q":13.9,"b":0.0,"ms":5.67,"wi":29.61,"ei":12.72,"as":467.01,"mi":"E","mv":34655,"sc":1,"lpe":94.33,"lpr":555.13,"lq":1.0,"d":745},{"pi":"423925","pc":"Продукты питания","ss":1000,"td":"Центр города","dc":1,"n":378.11,"vc":"более 2 000","sl":"Очень высокий","sv":"около 5 000","p":555.0,"q":20.55,"b":0.0,"ms":2.7,"wi":34.3,"ei":9.54,"as":519.17,"mi":"E","mv":185462,"sc":3,"lpe":97.2,"lpr":554.03,"lq":1.0,"d":929},{"pi":"423925","pc":"Продукты питания","ss":500,"td":"Фешенебельный район","dc":1,"n":683.24,"vc":"около 500","sl":"Очень высокий","sv":"около 100","p":1389.38,"q":20.55,"b":0.0,"ms":0.05,"wi":34.3,"ei":9.54,"as":519.17,"mi":"E","mv":185462,"sc":3,"lpe":97.2,"lpr":554.03,"lq":1.0,"d":929},{"pi":"423925","pc":"Продукты питания","ss":1000,"td":"Центр города","dc":5,"n":103.77,"vc":"около 500","sl":"Очень высокий","sv":"около 100","p":545.0,"q":13.91,"b":0.0,"ms":0.05,"wi":34.3,"ei":9.54,"as":519.17,"mi":"E","mv":185462,"sc":3,"lpe":97.2,"lpr":554.03,"lq":1.0,"d":929},{"pi":"423925","pc":"Продукты питания","ss":100000,"td":"Центр города","dc":1,"n":520.99,"vc":"около 500 000","sl":"Элитный","sv":"более 1 000","p":6000.0,"q":19.67,"b":0.0,"ms":0.19,"wi":75.37,"ei":9.56,"as":419.1,"mi":"E","mv":904520,"sc":1,"lpe":99.81,"lpr":3338.9,"lq":1.0,"d":3663},{"pi":"423925","pc":"Продукты питания","ss":100000,"td":"Центр города","dc":1,"n":515.76,"vc":"около 500 000","sl":"Очень высокий","sv":"около 200","p":3000.0,"q":13.89,"b":0.0,"ms":0.01,"wi":100.43,"ei":12.79,"as":804.73,"mi":"E","mv":1879149,"sc":2,"lpe":99.99,"lpr":2055.34,"lq":1.0,"d":4137},{"pi":"423925","pc":"Продукты питания","ss":100000,"td":"Центр города","dc":2,"n":406.77,"vc":"более 100 000","sl":"Элитный","sv":"около 50","p":10000.0,"q":10.18,"b":3.67,"ms":0.0,"wi":100.43,"ei":12.79,"as":804.73,"mi":"E","mv":1879149,"sc":2,"lpe":99.99,"lpr":2055.34,"lq":1.0,"d":4137},{"pi":"423925","pc":"Продукты питания","ss":100000,"td":"Спальный район","dc":2,"n":470.59,"vc":"около 50 000","sl":"Элитный","sv":"около 500","p":2000.0,"q":20.55,"b":0.0,"ms":0.54,"wi":36.78,"ei":7.4,"as":274.72,"mi":"E","mv":72329,"sc":1,"lpe":99.46,"lpr":551.58,"lq":1.0,"d":399},{"pi":"423925","pc":"Продукты питания","ss":100000,"td":"Центр города","dc":1,"n":567.16,"vc":"более 1 000 000","sl":"Высокий","sv":"около 100 000","p":5000.0,"q":19.67,"b":0.0,"ms":2.67,"wi":132.97,"ei":9.27,"as":1723.67,"mi":"E","mv":3749592,"sc":1,"lpe":97.33,"lpr":2726.35,"lq":1.0,"d":8477},{"pi":"423925","pc":"Продукты питания","ss":100000,"td":"Центр города","dc":2,"n":463.73,"vc":"более 200 000","sl":"Очень высокий","sv":"более 10 000","p":1500.0,"q":20.55,"b":0.0,"ms":1.52,"wi":93.64,"ei":6.95,"as":590.98,"mi":"E","mv":986134,"sc":1,"lpe":98.48,"lpr":1829.44,"lq":1.0,"d":2212},{"pi":"423925","pc":"Продукты питания","ss":100000,"td":"Центр города","dc":1,"n":631.07,"vc":"более 2 000 000","sl":"Низкий","sv":"более 100 000","p":2500.0,"q":15.38,"b":0.0,"ms":2.38,"wi":108.19,"ei":6.67,"as":874.7,"mi":"E","mv":5351303,"sc":4,"lpe":95.74,"lpr":1950.63,"lq":1.0,"d":12114},{"pi":"423925","pc":"Продукты питания","ss":100000,"td":"Центр города","dc":1,"n":500.75,"vc":"около 1 000 000","sl":"Нормальный","sv":"около 50 000","p":3000.0,"q":19.67,"b":0.0,"ms":0.93,"wi":108.19,"ei":6.67,"as":874.7,"mi":"E","mv":5351303,"sc":4,"lpe":95.74,"lpr":1950.63,"lq":1.0,"d":12114},{"pi":"423925","pc":"Продукты питания","ss":100000,"td":"Центр города","dc":2,"n":533.82,"vc":"более 1 000 000","sl":"Низкий","sv":"около 50 000","p":2000.0,"q":20.55,"b":0.0,"ms":0.93,"wi":108.19,"ei":6.67,"as":874.7,"mi":"E","mv":5351303,"sc":4,"lpe":95.74,"lpr":1950.63,"lq":1.0,"d":12114},{"pi":"423925","pc":"Продукты питания","ss":10000,"td":"Пригород","dc":1,"n":266.59,"vc":"около 5 000","sl":"Элитный","sv":"около 500","p":5000.0,"q":14.26,"b":0.0,"ms":0.01,"wi":108.19,"ei":6.67,"as":874.7,"mi":"E","mv":5351303,"sc":4,"lpe":95.74,"lpr":1950.63,"lq":1.0,"d":12114},{"pi":"423925","pc":"Продукты питания","ss":100000,"td":"Спальный район","dc":1,"n":512.36,"vc":"около 500 000","sl":"Низкий","sv":"около 100 000","p":1395.44,"q":11.49,"b":0.0,"ms":1.22,"wi":33.37,"ei":5.09,"as":182.41,"mi":"E","mv":6302289,"sc":3,"lpe":98.76,"lpr":547.42,"lq":1.0,"d":22072},{"pi":"423925","pc":"Продукты питания","ss":1000,"td":"Спальный район","dc":2,"n":29.2,"vc":"около 1 000","sl":"Очень высокий","sv":"около 1 000","p":1000.0,"q":13.91,"b":0.0,"ms":0.02,"wi":33.37,"ei":5.09,"as":182.41,"mi":"E","mv":6302289,"sc":3,"lpe":98.76,"lpr":547.42,"lq":1.0,"d":22072},{"pi":"423925","pc":"Продукты питания","ss":100000,"td":"Центр города","dc":5,"n":168.97,"vc":"более 20 000","sl":"Элитный","sv":"менее 50","p":1999.0,"q":6.73,"b":0.0,"ms":0.0,"wi":33.37,"ei":5.09,"as":182.41,"mi":"E","mv":6302289,"sc":3,"lpe":98.76,"lpr":547.42,"lq":1.0,"d":22072},{"pi":"423925","pc":"Продукты питания","ss":1000,"td":"Фешенебельный район","dc":1,"n":359.0,"vc":"более 1 000","sl":"Элитный","sv":"около 3 000","p":1000.0,"q":17.6,"b":1.92,"ms":0.06,"wi":52.01,"ei":4.8,"as":338.83,"mi":"E","mv":5422699,"sc":1,"lpe":99.94,"lpr":631.95,"lq":1.0,"d":11930},{"pi":"423925","pc":"Продукты питания","ss":500,"td":"Фешенебельный район","dc":6,"n":295.36,"vc":"менее 50","sl":"Элитный","sv":"около 500","p":500.0,"q":13.91,"b":0.0,"ms":2.75,"wi":22.5,"ei":9.25,"as":522.64,"mi":"E","mv":20868,"sc":1,"lpe":97.25,"lpr":222.93,"lq":1.0,"d":81},{"pi":"423925","pc":"Продукты питания","ss":1000,"td":"Фешенебельный район","dc":1,"n":398.34,"vc":"более 1 000","sl":"Элитный","sv":"около 3 000","p":1000.0,"q":17.6,"b":1.92,"ms":0.1,"wi":57.22,"ei":5.1,"as":348.24,"mi":"E","mv":3036810,"sc":1,"lpe":99.9,"lpr":656.18,"lq":1.0,"d":6499},{"pi":"423925","pc":"Продукты питания","ss":100000,"td":"Центр города","dc":1,"n":374.91,"vc":"более 100 000","sl":"Элитный","sv":"около 10 000","p":1200.0,"q":13.7,"b":0.0,"ms":1.26,"wi":35.91,"ei":4.7,"as":360.15,"mi":"E","mv":793957,"sc":2,"lpe":98.72,"lpr":552.48,"lq":1.0,"d":2708},{"pi":"423925","pc":"Продукты питания","ss":10000,"td":"Центр города","dc":1,"n":376.73,"vc":"более 10 000","sl":"Очень высокий","sv":"более 100","p":1200.0,"q":11.56,"b":0.0,"ms":0.02,"wi":35.91,"ei":4.7,"as":360.15,"mi":"E","mv":793957,"sc":2,"lpe":98.72,"lpr":552.48,"lq":1.0,"d":2708},{"pi":"423925","pc":"Продукты питания","ss":1000,"td":"Центр города","dc":4,"n":260.19,"vc":"более 1 000","sl":"Нормальный","sv":"менее 50","p":900.0,"q":13.91,"b":0.0,"ms":0.0,"wi":38.01,"ei":7.91,"as":509.72,"mi":"E","mv":210125,"sc":1,"lpe":100.0,"lpr":549.8,"lq":1.0,"d":856},{"pi":"423925","pc":"Продукты питания","ss":1000,"td":"Фешенебельный район","dc":2,"n":233.98,"vc":"более 100","sl":"Элитный","sv":"около 5 000","p":4800.0,"q":12.48,"b":3.9,"ms":1.43,"wi":94.83,"ei":6.08,"as":329.42,"mi":"E","mv":240463,"sc":1,"lpe":98.57,"lpr":3272.95,"lq":1.0,"d":645},{"pi":"423925","pc":"Продукты питания","ss":100000,"td":"Спальный район","dc":1,"n":404.24,"vc":"около 50 000","sl":"Элитный","sv":"около 5 000","p":1530.0,"q":20.55,"b":0.0,"ms":22.42,"wi":13.05,"ei":7.39,"as":236.42,"mi":"E","mv":33267,"sc":1,"lpe":77.58,"lpr":397.09,"lq":1.12,"d":1897},{"pi":"423925","pc":"Продукты питания","ss":100000,"td":"Центр города","dc":1,"n":509.92,"vc":"более 200 000","sl":"Элитный","sv":"около 10 000","p":6000.0,"q":20.15,"b":0.0,"ms":1.82,"wi":94.66,"ei":5.73,"as":634.32,"mi":"E","mv":548693,"sc":1,"lpe":98.18,"lpr":3077.13,"lq":1.0,"d":1375},{"pi":"423925","pc":"Продукты питания","ss":100000,"td":"Центр города","dc":8,"n":313.83,"vc":"около 50 000","sl":"Очень низкий","sv":"около 200","p":1415.18,"q":7.23,"b":0.0,"ms":0.06,"wi":50.17,"ei":6.4,"as":344.62,"mi":"E","mv":325842,"sc":1,"lpe":99.94,"lpr":831.55,"lq":1.0,"d":788},{"pi":"423925","pc":"Продукты питания","ss":100000,"td":"Центр города","dc":1,"n":548.2,"vc":"более 200 000","sl":"Элитный","sv":"менее 50","p":4000.0,"q":20.55,"b":0.0,"ms":0.02,"wi":54.01,"ei":6.2,"as":316.93,"mi":"E","mv":114553,"sc":1,"lpe":99.98,"lpr":818.77,"lq":1.0,"d":311},{"pi":"423925","pc":"Продукты питания","ss":500,"td":"Фешенебельный район","dc":5,"n":333.98,"vc":"около 50","sl":"Элитный","sv":"более 100","p":1418.0,"q":6.73,"b":0.0,"ms":0.17,"wi":85.11,"ei":6.1,"as":334.94,"mi":"E","mv":103850,"sc":1,"lpe":99.83,"lpr":851.41,"lq":1.0,"d":351},{"pi":"423925","pc":"Продукты питания","ss":100000,"td":"Центр города","dc":1,"n":589.29,"vc":"около 1 000 000","sl":"Очень высокий","sv":"около 50 000","p":7000.0,"q":19.67,"b":0.0,"ms":8.38,"wi":119.43,"ei":9.92,"as":1514.88,"mi":"E","mv":608149,"sc":1,"lpe":91.62,"lpr":2478.53,"lq":2.27,"d":1420},{"pi":"423925","pc":"Продукты питания","ss":100000,"td":"Центр города","dc":1,"n":534.54,"vc":"более 200 000","sl":"Очень высокий","sv":"около 50 000","p":6000.0,"q":19.67,"b":0.0,"ms":13.97,"wi":96.23,"ei":6.22,"as":403.52,"mi":"E","mv":357911,"sc":1,"lpe":86.03,"lpr":2702.08,"lq":1.74,"d":1193},{"pi":"423925","pc":"Продукты питания","ss":1000,"td":"Центр города","dc":1,"n":307.26,"vc":"более 1 000","sl":"Очень высокий","sv":"около 5 000","p":8475.48,"q":20.55,"b":0.0,"ms":1.1,"wi":95.22,"ei":7.84,"as":648.74,"mi":"E","mv":461022,"sc":1,"lpe":98.9,"lpr":3781.7,"lq":1.0,"d":1471},{"pi":"423925","pc":"Продукты питания","ss":1000,"td":"Центр города","dc":2,"n":73.18,"vc":"около 500","sl":"Элитный","sv":"около 5 000","p":1550.0,"q":19.24,"b":0.0,"ms":1.63,"wi":105.35,"ei":7.18,"as":506.56,"mi":"E","mv":428492,"sc":1,"lpe":98.37,"lpr":2152.05,"lq":1.0,"d":1026},{"pi":"423925","pc":"Продукты питания","ss":100000,"td":"Пригород","dc":1,"n":646.61,"vc":"около 500 000","sl":"Очень высокий","sv":"около 50","p":1500.0,"q":7.23,"b":0.0,"ms":0.0,"wi":47.55,"ei":12.32,"as":481.26,"mi":"E","mv":1112875,"sc":1,"lpe":100.0,"lpr":554.45,"lq":1.0,"d":2667},{"pi":"423925","pc":"Продукты питания","ss":100000,"td":"Центр города","dc":1,"n":562.79,"vc":"более 1 000 000","sl":"Нормальный","sv":"более 1 000 000","p":2000.0,"q":20.55,"b":0.0,"ms":23.9,"wi":91.03,"ei":12.41,"as":652.46,"mi":"E","mv":7269605,"sc":4,"lpe":74.39,"lpr":2619.42,"lq":1.52,"d":15986},{"pi":"423925","pc":"Продукты питания","ss":100000,"td":"Центр города","dc":2,"n":268.42,"vc":"около 50 000","sl":"Элитный","sv":"около 50 000","p":1800.0,"q":15.6,"b":1.46,"ms":0.83,"wi":91.03,"ei":12.41,"as":652.46,"mi":"E","mv":7269605,"sc":4,"lpe":74.39,"lpr":2619.42,"lq":1.52,"d":15986},{"pi":"423925","pc":"Продукты питания","ss":100000,"td":"Фешенебельный район","dc":2,"n":511.32,"vc":"более 100 000","sl":"Элитный","sv":"около 50 000","p":7000.0,"q":13.48,"b":3.11,"ms":0.47,"wi":91.03,"ei":12.41,"as":652.46,"mi":"E","mv":7269605,"sc":4,"lpe":74.39,"lpr":2619.42,"lq":1.52,"d":15986},{"pi":"423925","pc":"Продукты питания","ss":100000,"td":"Фешенебельный район","dc":2,"n":546.05,"vc":"более 100 000","sl":"Элитный","sv":"более 30 000","p":8000.0,"q":13.48,"b":3.11,"ms":0.41,"wi":91.03,"ei":12.41,"as":652.46,"mi":"E","mv":7269605,"sc":4,"lpe":74.39,"lpr":2619.42,"lq":1.52,"d":15986},{"pi":"423925","pc":"Продукты питания","ss":100000,"td":"Спальный район","dc":2,"n":279.18,"vc":"около 50 000","sl":"Элитный","sv":"более 10 000","p":2400.0,"q":15.6,"b":0.53,"ms":0.74,"wi":117.9,"ei":6.83,"as":721.28,"mi":"E","mv":2016538,"sc":1,"lpe":99.26,"lpr":3575.35,"lq":1.0,"d":4698},{"pi":"423925","pc":"Продукты питания","ss":100000,"td":"Центр города","dc":2,"n":610.04,"vc":"около 500 000","sl":"Высокий","sv":"около 10 000","p":3800.0,"q":20.55,"b":0.0,"ms":8.72,"wi":135.19,"ei":7.52,"as":745.51,"mi":"E","mv":114701,"sc":1,"lpe":91.28,"lpr":1945.38,"lq":1.0,"d":352},{"pi":"423925","pc":"Продукты питания","ss":10000,"td":"Центр города","dc":2,"n":632.44,"vc":"более 30 000","sl":"Высокий","sv":"около 5 000","p":555.0,"q":20.55,"b":0.0,"ms":14.9,"wi":22.85,"ei":8.95,"as":626.98,"mi":"E","mv":40265,"sc":1,"lpe":85.1,"lpr":550.4,"lq":1.2,"d":1420},{"pi":"423925","pc":"Продукты питания","ss":100000,"td":"Центр города","dc":1,"n":372.43,"vc":"более 100 000","sl":"Элитный","sv":"около 10 000","p":1200.0,"q":13.7,"b":0.0,"ms":1.11,"wi":33.11,"ei":4.7,"as":383.56,"mi":"E","mv":898159,"sc":1,"lpe":98.89,"lpr":549.35,"lq":1.0,"d":2769},{"pi":"423925","pc":"Продукты питания","ss":100000,"td":"Центр города","dc":1,"n":364.67,"vc":"более 100 000","sl":"Элитный","sv":"около 10 000","p":1200.0,"q":13.7,"b":0.0,"ms":0.74,"wi":35.46,"ei":4.9,"as":349.93,"mi":"E","mv":1348861,"sc":1,"lpe":99.26,"lpr":550.89,"lq":1.0,"d":3190},{"pi":"423925","pc":"Продукты питания","ss":500,"td":"Спальный район","dc":1,"n":745.14,"vc":"около 500","sl":"Очень высокий","sv":"около 1 000","p":2460.26,"q":8.26,"b":0.0,"ms":48.0,"wi":44.58,"ei":9.3,"as":3618.26,"mi":"E","mv":2050,"sc":1,"lpe":52.0,"lpr":2226.47,"lq":1.42,"d":68},{"pi":"423925","pc":"Продукты питания","ss":100000,"td":"Фешенебельный район","dc":1,"n":705.02,"vc":"более 100 000","sl":"Элитный","sv":"около 500","p":3080.0,"q":6.73,"b":0.0,"ms":1.36,"wi":6.42,"ei":4.75,"as":104.01,"mi":"E","mv":36758,"sc":2,"lpe":98.29,"lpr":3366.92,"lq":1.0,"d":44633},{"pi":"423925","pc":"Продукты питания","ss":10000,"td":"Спальный район","dc":10,"n":360.51,"vc":"более 2 000","sl":"Высокий","sv":"более 100","p":1750.0,"q":20.55,"b":0.0,"ms":0.35,"wi":6.42,"ei":4.75,"as":104.01,"mi":"E","mv":36758,"sc":2,"lpe":98.29,"lpr":3366.92,"lq":1.0,"d":44633},{"pi":"423925","pc":"Продукты питания","ss":1000,"td":"Центр города","dc":3,"n":240.67,"vc":"более 1 000","sl":"Высокий","sv":"более 200","p":1656.0,"q":20.55,"b":0.0,"ms":0.14,"wi":53.0,"ei":5.3,"as":524.72,"mi":"E","mv":197286,"sc":1,"lpe":99.86,"lpr":1151.69,"lq":1.0,"d":858},{"pi":"423925","pc":"Продукты питания","ss":100000,"td":"Спальный район","dc":1,"n":497.45,"vc":"около 500 000","sl":"Нормальный","sv":"около 10 000","p":2287.12,"q":20.55,"b":0.0,"ms":0.49,"wi":64.5,"ei":14.69,"as":1178.45,"mi":"E","mv":2042016,"sc":1,"lpe":99.51,"lpr":1136.67,"lq":1.0,"d":4918},{"pi":"423925","pc":"Продукты питания","ss":100000,"td":"Центр города","dc":1,"n":464.25,"vc":"более 100 000","sl":"Элитный","sv":"более 10 000","p":2500.0,"q":13.06,"b":4.27,"ms":4.62,"wi":52.69,"ei":7.73,"as":387.02,"mi":"E","mv":351301,"sc":2,"lpe":95.38,"lpr":805.34,"lq":1.0,"d":1346},{"pi":"423925","pc":"Продукты питания","ss":1000,"td":"Центр города","dc":5,"n":231.32,"vc":"более 1 000","sl":"Нормальный","sv":"менее 50","p":1000.0,"q":13.91,"b":0.0,"ms":0.0,"wi":52.69,"ei":7.73,"as":387.02,"mi":"E","mv":351301,"sc":2,"lpe":95.38,"lpr":805.34,"lq":1.0,"d":1346},{"pi":"423925","pc":"Продукты питания","ss":1000,"td":"Центр города","dc":1,"n":139.59,"vc":"около 1 000","sl":"Элитный","sv":"менее 50","p":900.0,"q":7.81,"b":0.0,"ms":0.0,"wi":17.2,"ei":4.19,"as":280.43,"mi":"E","mv":253404,"sc":1,"lpe":100.0,"lpr":282.02,"lq":1.0,"d":1118},{"pi":"423925","pc":"Продукты питания","ss":100000,"td":"Центр города","dc":1,"n":110.06,"vc":"около 10 000","sl":"Элитный","sv":"около 2 000","p":850.0,"q":11.56,"b":0.0,"ms":0.8,"wi":37.43,"ei":9.03,"as":427.1,"mi":"E","mv":249627,"sc":1,"lpe":99.2,"lpr":550.39,"lq":1.0,"d":1137},{"pi":"423925","pc":"Продукты питания","ss":100000,"td":"Центр города","dc":1,"n":444.71,"vc":"более 100 000","sl":"Элитный","sv":"около 50 000","p":2500.0,"q":12.04,"b":4.04,"ms":16.9,"wi":75.59,"ei":8.41,"as":636.04,"mi":"E","mv":435179,"sc":3,"lpe":80.96,"lpr":916.18,"lq":1.47,"d":974},{"pi":"423925","pc":"Продукты питания","ss":100000,"td":"Центр города","dc":2,"n":549.88,"vc":"около 500 000","sl":"Очень высокий","sv":"около 10 000","p":2000.0,"q":20.55,"b":0.0,"ms":2.14,"wi":75.59,"ei":8.41,"as":636.04,"mi":"E","mv":435179,"sc":3,"lpe":80.96,"lpr":916.18,"lq":1.47,"d":974},{"pi":"423925","pc":"Продукты питания","ss":10000,"td":"Центр города","dc":5,"n":136.64,"vc":"более 1 000","sl":"Нормальный","sv":"менее 50","p":2000.0,"q":13.91,"b":0.0,"ms":0.0,"wi":75.59,"ei":8.41,"as":636.04,"mi":"E","mv":435179,"sc":3,"lpe":80.96,"lpr":916.18,"lq":1.47,"d":974},{"pi":"423925","pc":"Продукты питания","ss":100000,"td":"Спальный район","dc":1,"n":564.52,"vc":"около 500 000","sl":"Очень высокий","sv":"около 50 000","p":600.0,"q":16.57,"b":0.0,"ms":4.74,"wi":38.51,"ei":4.85,"as":365.3,"mi":"E","mv":965569,"sc":2,"lpe":95.26,"lpr":602.43,"lq":1.0,"d":2236},{"pi":"423925","pc":"Продукты питания","ss":1000,"td":"Фешенебельный район","dc":6,"n":274.15,"vc":"около 500","sl":"Очень высокий","sv":"менее 50","p":750.0,"q":13.91,"b":0.0,"ms":0.0,"wi":38.51,"ei":4.85,"as":365.3,"mi":"E","mv":965569,"sc":2,"lpe":95.26,"lpr":602.43,"lq":1.0,"d":2236},{"pi":"423925","pc":"Продукты питания","ss":100000,"td":"Спальный район","dc":1,"n":627.55,"vc":"около 500 000","sl":"Очень низкий","sv":"около 200","p":1555.25,"q":7.23,"b":0.0,"ms":0.08,"wi":49.83,"ei":4.32,"as":536.62,"mi":"E","mv":261139,"sc":1,"lpe":99.92,"lpr":576.24,"lq":1.0,"d":863},{"pi":"423925","pc":"Продукты питания","ss":100000,"td":"Спальный район","dc":2,"n":441.96,"vc":"более 100 000","sl":"Элитный","sv":"менее 50","p":2010.56,"q":5.86,"b":0.0,"ms":0.0,"wi":54.97,"ei":6.55,"as":534.15,"mi":"E","mv":527564,"sc":1,"lpe":100.0,"lpr":552.44,"lq":1.0,"d":1278},{"pi":"423925","pc":"Продукты питания","ss":100000,"td":"Центр города","dc":2,"n":536.53,"vc":"более 200 000","sl":"Очень высокий","sv":"около 50 000","p":1000.0,"q":20.55,"b":0.0,"ms":10.11,"wi":80.59,"ei":6.94,"as":418.95,"mi":"E","mv":346066,"sc":1,"lpe":89.89,"lpr":551.68,"lq":1.18,"d":793},{"pi":"423925","pc":"Продукты питания","ss":100000,"td":"Спальный район","dc":1,"n":413.8,"vc":"более 100 000","sl":"Элитный","sv":"около 500","p":1850.0,"q":20.55,"b":0.0,"ms":0.04,"wi":81.74,"ei":8.69,"as":530.19,"mi":"E","mv":1259204,"sc":1,"lpe":99.96,"lpr":1749.46,"lq":1.0,"d":3080},{"pi":"423925","pc":"Продукты питания","ss":1000,"td":"Центр города","dc":1,"n":605.9,"vc":"около 10 000","sl":"Низкий","sv":"более 10 000","p":1800.0,"q":20.96,"b":4.29,"ms":7.01,"wi":78.65,"ei":6.93,"as":514.15,"mi":"E","mv":213867,"sc":1,"lpe":92.99,"lpr":772.64,"lq":1.0,"d":2980},{"pi":"423925","pc":"Продукты питания","ss":1000,"td":"Центр города","dc":1,"n":416.41,"vc":"около 5 000","sl":"Нормальный","sv":"около 50 000","p":1600.0,"q":20.96,"b":4.29,"ms":6.44,"wi":79.27,"ei":12.05,"as":894.85,"mi":"E","mv":738940,"sc":4,"lpe":91.06,"lpr":689.39,"lq":1.91,"d":6441},{"pi":"423925","pc":"Продукты питания","ss":1000,"td":"Спальный район","dc":1,"n":503.9,"vc":"около 5 000","sl":"Нормальный","sv":"более 10 000","p":1120.0,"q":11.51,"b":0.0,"ms":2.47,"wi":79.27,"ei":12.05,"as":894.85,"mi":"E","mv":738940,"sc":4,"lpe":91.06,"lpr":689.39,"lq":1.91,"d":6441},{"pi":"423925","pc":"Продукты питания","ss":1000,"td":"Центр города","dc":1,"n":416.41,"vc":"около 5 000","sl":"Нормальный","sv":"более 100","p":2300.0,"q":20.96,"b":4.29,"ms":0.02,"wi":79.27,"ei":12.05,"as":894.85,"mi":"E","mv":738940,"sc":4,"lpe":91.06,"lpr":689.39,"lq":1.91,"d":6441},{"pi":"423925","pc":"Продукты питания","ss":500,"td":"Фешенебельный район","dc":1,"n":564.96,"vc":"около 500","sl":"Очень высокий","sv":"около 100","p":1574.38,"q":20.55,"b":0.0,"ms":0.01,"wi":79.27,"ei":12.05,"as":894.85,"mi":"E","mv":738940,"sc":4,"lpe":91.06,"lpr":689.39,"lq":1.91,"d":6441},{"pi":"423925","pc":"Продукты питания","ss":1000,"td":"Центр города","dc":6,"n":268.11,"vc":"около 500","sl":"Высокий","sv":"более 1 000","p":300.0,"q":13.91,"b":0.0,"ms":3.51,"wi":29.25,"ei":7.83,"as":649.96,"mi":"E","mv":33158,"sc":1,"lpe":96.49,"lpr":177.41,"lq":1.0,"d":206},{"pi":"423925","pc":"Продукты питания","ss":100000,"td":"Центр города","dc":1,"n":483.12,"vc":"более 200 000","sl":"Очень высокий","sv":"около 100 000","p":1000.0,"q":20.96,"b":4.12,"ms":14.03,"wi":108.24,"ei":7.46,"as":1400.18,"mi":"E","mv":641708,"sc":1,"lpe":85.97,"lpr":569.93,"lq":1.54,"d":1661},{"pi":"423925","pc":"Продукты питания","ss":1000,"td":"Центр города","dc":4,"n":274.05,"vc":"более 1 000","sl":"Очень низкий","sv":"менее 50","p":650.0,"q":13.91,"b":0.0,"ms":0.0,"wi":35.3,"ei":6.2,"as":388.61,"mi":"E","mv":176734,"sc":1,"lpe":100.0,"lpr":586.34,"lq":1.0,"d":435},{"pi":"423925","pc":"Продукты питания","ss":500,"td":"Центр города","dc":4,"n":284.59,"vc":"более 300","sl":"Нормальный","sv":"менее 50","p":500.0,"q":13.91,"b":0.0,"ms":0.0,"wi":16.81,"ei":8.02,"as":420.02,"mi":"E","mv":116978,"sc":1,"lpe":100.0,"lpr":395.98,"lq":1.0,"d":505},{"pi":"423925","pc":"Продукты питания","ss":1000,"td":"Центр города","dc":4,"n":84.44,"vc":"около 500","sl":"Элитный","sv":"менее 50","p":1500.0,"q":7.23,"b":0.0,"ms":0.0,"wi":7.21,"ei":6.32,"as":140.08,"mi":"E","mv":213048,"sc":1,"lpe":100.0,"lpr":636.69,"lq":1.0,"d":47032}]