[{"pi":"423742","pc":"Промышленные товары","ss":100000,"td":"Центр города","dc":1,"n":407.2,"vc":"более 100 000","sl":"Элитный","sv":"около 5 000","p":10600.0,"q":7.88,"b":0.0,"ms":0.39,"wi":60.32,"ei":7.58,"as":403.37,"mi":"E","mv":1313493,"sc":3,"lpe":99.6,"lpr":4298.4,"lq":1.0,"d":2108},{"pi":"423742","pc":"Промышленные товары","ss":100000,"td":"Фешенебельный район","dc":9,"n":675.32,"vc":"около 500 000","sl":"Низкий","sv":"более 100","p":9950.05,"q":16.95,"b":3.29,"ms":0.01,"wi":60.32,"ei":7.58,"as":403.37,"mi":"E","mv":1313493,"sc":3,"lpe":99.6,"lpr":4298.4,"lq":1.0,"d":2108},{"pi":"423742","pc":"Промышленные товары","ss":100000,"td":"Центр города","dc":1,"n":185.34,"vc":"более 10 000","sl":"Элитный","sv":"менее 50","p":14000.0,"q":16.12,"b":0.0,"ms":0.0,"wi":60.32,"ei":7.58,"as":403.37,"mi":"E","mv":1313493,"sc":3,"lpe":99.6,"lpr":4298.4,"lq":1.0,"d":2108},{"pi":"423742","pc":"Промышленные товары","ss":100000,"td":"Фешенебельный район","dc":1,"n":716.59,"vc":"более 300 000","sl":"Элитный","sv":"около 50","p":28200.0,"q":23.05,"b":4.35,"ms":0.01,"wi":100.48,"ei":8.99,"as":853.23,"mi":"E","mv":393339,"sc":2,"lpe":99.99,"lpr":5558.55,"lq":1.0,"d":708},{"pi":"423742","pc":"Промышленные товары","ss":100000,"td":"Фешенебельный район","dc":1,"n":716.59,"vc":"более 200 000","sl":"Элитный","sv":"менее 50","p":31100.0,"q":23.05,"b":4.35,"ms":0.0,"wi":100.48,"ei":8.99,"as":853.23,"mi":"E","mv":393339,"sc":2,"lpe":99.99,"lpr":5558.55,"lq":1.0,"d":708},{"pi":"423742","pc":"Промышленные товары","ss":10000,"td":"Спальный район","dc":1,"n":349.19,"vc":"более 10 000","sl":"Очень высокий","sv":"менее 50","p":10000.0,"q":16.54,"b":0.0,"ms":0.0,"wi":59.46,"ei":5.22,"as":274.68,"mi":"E","mv":2053623,"sc":1,"lpe":100.0,"lpr":1996.92,"lq":1.0,"d":2794},{"pi":"423742","pc":"Промышленные товары","ss":1000,"td":"Центр города","dc":1,"n":12.1,"vc":"около 50","sl":"Элитный","sv":"менее 50","p":1593.89,"q":1.05,"b":0.0,"ms":0.0,"wi":52.19,"ei":7.34,"as":456.45,"mi":"E","mv":1336428,"sc":1,"lpe":100.0,"lpr":1448.99,"lq":1.0,"d":1836},{"pi":"423742","pc":"Промышленные товары","ss":100000,"td":"Фешенебельный район","dc":1,"n":700.38,"vc":"более 200 000","sl":"Элитный","sv":"около 5 000","p":31100.0,"q":23.05,"b":4.34,"ms":0.23,"wi":164.51,"ei":10.67,"as":1516.17,"mi":"E","mv":1375013,"sc":1,"lpe":99.77,"lpr":6956.92,"lq":1.0,"d":1885},{"pi":"423742","pc":"Промышленные товары","ss":1000,"td":"Центр города","dc":1,"n":507.2,"vc":"около 5 000","sl":"Нормальный","sv":"около 1 000","p":2000.0,"q":21.34,"b":0.0,"ms":0.09,"wi":61.55,"ei":11.03,"as":913.67,"mi":"E","mv":1119537,"sc":1,"lpe":99.91,"lpr":2215.58,"lq":1.0,"d":12392},{"pi":"423742","pc":"Промышленные товары","ss":100000,"td":"Фешенебельный район","dc":9,"n":380.44,"vc":"более 20 000","sl":"Очень высокий","sv":"менее 50","p":7500.0,"q":16.98,"b":3.59,"ms":0.0,"wi":41.76,"ei":8.78,"as":296.55,"mi":"E","mv":2182355,"sc":1,"lpe":100.0,"lpr":1201.9,"lq":1.0,"d":4441},{"pi":"423742","pc":"Промышленные товары","ss":100000,"td":"Фешенебельный район","dc":2,"n":695.25,"vc":"более 100 000","sl":"Элитный","sv":"менее 50","p":4500.0,"q":9.83,"b":0.0,"ms":0.02,"wi":35.04,"ei":5.0,"as":551.0,"mi":"E","mv":91789,"sc":1,"lpe":99.98,"lpr":1094.8,"lq":1.0,"d":265},{"pi":"423742","pc":"Промышленные товары","ss":100000,"td":"Фешенебельный район","dc":1,"n":691.07,"vc":"около 500 000","sl":"Элитный","sv":"менее 50","p":25600.0,"q":23.05,"b":3.7,"ms":0.0,"wi":57.77,"ei":9.84,"as":399.03,"mi":"E","mv":1751226,"sc":1,"lpe":100.0,"lpr":3721.3,"lq":1.0,"d":3316},{"pi":"423742","pc":"Промышленные товары","ss":1000,"td":"Пригород","dc":10,"n":179.68,"vc":"более 100","sl":"Элитный","sv":"более 300","p":287.0,"q":6.12,"b":0.0,"ms":2.73,"wi":34.04,"ei":8.95,"as":849.54,"mi":"E","mv":11588,"sc":1,"lpe":97.27,"lpr":1026.7,"lq":1.0,"d":222},{"pi":"423742","pc":"Промышленные товары","ss":100000,"td":"Центр города","dc":1,"n":505.38,"vc":"около 500 000","sl":"Высокий","sv":"менее 50","p":10000.0,"q":16.38,"b":0.09,"ms":0.0,"wi":57.42,"ei":5.96,"as":448.87,"mi":"E","mv":4114404,"sc":1,"lpe":100.0,"lpr":1657.53,"lq":1.0,"d":5974},{"pi":"423742","pc":"Промышленные товары","ss":100000,"td":"Фешенебельный район","dc":1,"n":685.76,"vc":"около 500 000","sl":"Элитный","sv":"менее 50","p":27400.0,"q":23.05,"b":2.97,"ms":0.0,"wi":89.8,"ei":6.71,"as":470.88,"mi":"E","mv":3670735,"sc":1,"lpe":100.0,"lpr":4787.57,"lq":1.0,"d":4994},{"pi":"423742","pc":"Промышленные товары","ss":1000,"td":"Пригород","dc":10,"n":160.74,"vc":"около 100","sl":"Элитный","sv":"около 500","p":210.0,"q":6.12,"b":0.0,"ms":2.53,"wi":30.77,"ei":9.26,"as":896.34,"mi":"E","mv":19554,"sc":1,"lpe":97.47,"lpr":606.0,"lq":1.0,"d":104},{"pi":"423742","pc":"Промышленные товары","ss":1000,"td":"Пригород","dc":10,"n":234.3,"vc":"более 100","sl":"Очень высокий","sv":"около 500","p":570.0,"q":6.12,"b":0.0,"ms":2.0,"wi":57.24,"ei":8.33,"as":1106.11,"mi":"E","mv":30750,"sc":1,"lpe":98.0,"lpr":1660.91,"lq":1.0,"d":892},{"pi":"423742","pc":"Промышленные товары","ss":1000,"td":"Центр города","dc":2,"n":718.51,"vc":"более 10 000","sl":"Очень низкий","sv":"более 1 000","p":1400.0,"q":22.99,"b":7.39,"ms":1.58,"wi":64.91,"ei":10.23,"as":1395.94,"mi":"E","mv":90105,"sc":2,"lpe":98.42,"lpr":3114.5,"lq":1.0,"d":185},{"pi":"423742","pc":"Промышленные товары","ss":1000,"td":"Фешенебельный район","dc":9,"n":679.43,"vc":"более 1 000","sl":"Низкий","sv":"менее 50","p":9523.13,"q":16.91,"b":0.0,"ms":0.0,"wi":64.91,"ei":10.23,"as":1395.94,"mi":"E","mv":90105,"sc":2,"lpe":98.42,"lpr":3114.5,"lq":1.0,"d":185},{"pi":"423742","pc":"Промышленные товары","ss":100000,"td":"Центр города","dc":1,"n":487.67,"vc":"около 500 000","sl":"Очень высокий","sv":"около 1 000","p":9000.0,"q":6.82,"b":0.0,"ms":0.03,"wi":61.93,"ei":9.19,"as":614.3,"mi":"E","mv":2928848,"sc":1,"lpe":99.97,"lpr":2919.43,"lq":1.0,"d":4618},{"pi":"423742","pc":"Промышленные товары","ss":100000,"td":"Фешенебельный район","dc":1,"n":711.57,"vc":"более 100 000","sl":"Элитный","sv":"более 10 000","p":30600.0,"q":23.05,"b":3.72,"ms":2.95,"wi":153.98,"ei":9.67,"as":1800.45,"mi":"E","mv":446616,"sc":1,"lpe":97.05,"lpr":11928.46,"lq":1.0,"d":853},{"pi":"423742","pc":"Промышленные товары","ss":100000,"td":"Центр города","dc":2,"n":545.57,"vc":"около 500 000","sl":"Нормальный","sv":"около 1 000","p":13000.0,"q":19.48,"b":2.21,"ms":0.04,"wi":60.17,"ei":10.56,"as":378.1,"mi":"E","mv":2645771,"sc":3,"lpe":99.95,"lpr":4410.55,"lq":1.0,"d":6232},{"pi":"423742","pc":"Промышленные товары","ss":100000,"td":"Центр города","dc":9,"n":365.85,"vc":"более 100 000","sl":"Нормальный","sv":"около 500","p":8000.0,"q":19.5,"b":2.21,"ms":0.01,"wi":60.17,"ei":10.56,"as":378.1,"mi":"E","mv":2645771,"sc":3,"lpe":99.95,"lpr":4410.55,"lq":1.0,"d":6232},{"pi":"423742","pc":"Промышленные товары","ss":100000,"td":"Фешенебельный район","dc":1,"n":674.47,"vc":"около 500 000","sl":"Элитный","sv":"менее 50","p":30000.0,"q":23.05,"b":3.41,"ms":0.0,"wi":60.17,"ei":10.56,"as":378.1,"mi":"E","mv":2645771,"sc":3,"lpe":99.95,"lpr":4410.55,"lq":1.0,"d":6232},{"pi":"423742","pc":"Промышленные товары","ss":100000,"td":"Центр города","dc":1,"n":509.53,"vc":"более 200 000","sl":"Элитный","sv":"около 2 000","p":1500.0,"q":21.34,"b":0.0,"ms":0.69,"wi":48.24,"ei":14.26,"as":399.87,"mi":"E","mv":291615,"sc":1,"lpe":99.31,"lpr":2295.86,"lq":1.0,"d":1446},{"pi":"423742","pc":"Промышленные товары","ss":100000,"td":"Фешенебельный район","dc":9,"n":428.47,"vc":"более 20 000","sl":"Очень высокий","sv":"около 500","p":10100.0,"q":19.5,"b":4.06,"ms":0.04,"wi":66.49,"ei":11.25,"as":422.13,"mi":"E","mv":1068278,"sc":2,"lpe":99.96,"lpr":4084.82,"lq":1.0,"d":1852},{"pi":"423742","pc":"Промышленные товары","ss":10000,"td":"Окраина","dc":2,"n":141.04,"vc":"более 1 000","sl":"Элитный","sv":"менее 50","p":15000.0,"q":19.59,"b":0.0,"ms":0.0,"wi":66.49,"ei":11.25,"as":422.13,"mi":"E","mv":1068278,"sc":2,"lpe":99.96,"lpr":4084.82,"lq":1.0,"d":1852},{"pi":"423742","pc":"Промышленные товары","ss":100,"td":"Центр города","dc":1,"n":129.36,"vc":"более 100","sl":"Низкий","sv":"около 500","p":5000.0,"q":21.34,"b":7.73,"ms":0.1,"wi":79.93,"ei":8.4,"as":865.82,"mi":"E","mv":697685,"sc":4,"lpe":99.82,"lpr":4718.48,"lq":1.0,"d":1983},{"pi":"423742","pc":"Промышленные товары","ss":100000,"td":"Центр города","dc":9,"n":456.81,"vc":"более 100 000","sl":"Нормальный","sv":"около 500","p":10000.0,"q":19.5,"b":4.55,"ms":0.05,"wi":79.93,"ei":8.4,"as":865.82,"mi":"E","mv":697685,"sc":4,"lpe":99.82,"lpr":4718.48,"lq":1.0,"d":1983},{"pi":"423742","pc":"Промышленные товары","ss":100000,"td":"Центр города","dc":2,"n":310.04,"vc":"около 50 000","sl":"Элитный","sv":"около 100","p":13000.0,"q":19.48,"b":4.55,"ms":0.01,"wi":79.93,"ei":8.4,"as":865.82,"mi":"E","mv":697685,"sc":4,"lpe":99.82,"lpr":4718.48,"lq":1.0,"d":1983},{"pi":"423742","pc":"Промышленные товары","ss":100000,"td":"Фешенебельный район","dc":1,"n":705.55,"vc":"около 500 000","sl":"Элитный","sv":"около 50","p":26600.0,"q":23.05,"b":4.34,"ms":0.01,"wi":79.93,"ei":8.4,"as":865.82,"mi":"E","mv":697685,"sc":4,"lpe":99.82,"lpr":4718.48,"lq":1.0,"d":1983},{"pi":"423742","pc":"Промышленные товары","ss":100000,"td":"Центр города","dc":9,"n":532.33,"vc":"более 300 000","sl":"Низкий","sv":"более 100","p":9260.0,"q":16.49,"b":3.15,"ms":0.07,"wi":73.23,"ei":8.34,"as":986.88,"mi":"E","mv":246009,"sc":1,"lpe":99.93,"lpr":2673.5,"lq":1.0,"d":469},{"pi":"423742","pc":"Промышленные товары","ss":1000,"td":"Центр города","dc":1,"n":556.49,"vc":"около 10 000","sl":"Низкий","sv":"около 1 000","p":1700.0,"q":22.99,"b":5.53,"ms":0.2,"wi":150.0,"ei":13.64,"as":4851.15,"mi":"E","mv":502870,"sc":1,"lpe":99.8,"lpr":10583.11,"lq":1.0,"d":890},{"pi":"423742","pc":"Промышленные товары","ss":10000,"td":"Центр города","dc":1,"n":488.44,"vc":"более 20 000","sl":"Элитный","sv":"менее 50","p":5660.0,"q":8.36,"b":0.0,"ms":0.0,"wi":53.31,"ei":7.07,"as":338.39,"mi":"E","mv":351579,"sc":1,"lpe":100.0,"lpr":1444.94,"lq":1.0,"d":954},{"pi":"423742","pc":"Промышленные товары","ss":100000,"td":"Пригород","dc":10,"n":129.94,"vc":"более 1 000","sl":"Элитный","sv":"около 500","p":149.0,"q":6.12,"b":0.0,"ms":1.32,"wi":12.05,"ei":5.59,"as":307.09,"mi":"E","mv":28476,"sc":1,"lpe":98.68,"lpr":640.68,"lq":1.0,"d":625},{"pi":"423742","pc":"Промышленные товары","ss":100000,"td":"Центр города","dc":1,"n":479.43,"vc":"более 100 000","sl":"Элитный","sv":"менее 50","p":6060.0,"q":8.36,"b":0.0,"ms":0.0,"wi":53.78,"ei":7.64,"as":502.33,"mi":"E","mv":441510,"sc":1,"lpe":100.0,"lpr":1326.05,"lq":1.0,"d":934},{"pi":"423742","pc":"Промышленные товары","ss":100000,"td":"Центр города","dc":1,"n":463.43,"vc":"около 500 000","sl":"Очень высокий","sv":"более 20 000","p":15000.0,"q":13.5,"b":0.0,"ms":0.62,"wi":60.74,"ei":5.73,"as":513.33,"mi":"E","mv":3594496,"sc":5,"lpe":98.96,"lpr":4811.91,"lq":1.0,"d":9704},{"pi":"423742","pc":"Промышленные товары","ss":100000,"td":"Центр города","dc":1,"n":465.7,"vc":"около 500 000","sl":"Элитный","sv":"более 10 000","p":15000.0,"q":12.57,"b":0.0,"ms":0.39,"wi":60.74,"ei":5.73,"as":513.33,"mi":"E","mv":3594496,"sc":5,"lpe":98.96,"lpr":4811.91,"lq":1.0,"d":9704},{"pi":"423742","pc":"Промышленные товары","ss":100000,"td":"Центр города","dc":9,"n":315.84,"vc":"более 100 000","sl":"Низкий","sv":"около 500","p":8000.0,"q":19.5,"b":1.77,"ms":0.01,"wi":60.74,"ei":5.73,"as":513.33,"mi":"E","mv":3594496,"sc":5,"lpe":98.96,"lpr":4811.91,"lq":1.0,"d":9704},{"pi":"423742","pc":"Промышленные товары","ss":100000,"td":"Центр города","dc":10,"n":622.83,"vc":"более 2 000 000","sl":"Очень низкий","sv":"около 500","p":9754.97,"q":16.95,"b":1.6,"ms":0.01,"wi":60.74,"ei":5.73,"as":513.33,"mi":"E","mv":3594496,"sc":5,"lpe":98.96,"lpr":4811.91,"lq":1.0,"d":9704},{"pi":"423742","pc":"Промышленные товары","ss":100000,"td":"Фешенебельный район","dc":10,"n":622.83,"vc":"более 200 000","sl":"Низкий","sv":"около 500","p":9754.97,"q":16.95,"b":1.6,"ms":0.01,"wi":60.74,"ei":5.73,"as":513.33,"mi":"E","mv":3594496,"sc":5,"lpe":98.96,"lpr":4811.91,"lq":1.0,"d":9704},{"pi":"423742","pc":"Промышленные товары","ss":100000,"td":"Центр города","dc":9,"n":388.67,"vc":"более 100 000","sl":"Нормальный","sv":"менее 50","p":10300.0,"q":19.5,"b":3.69,"ms":0.0,"wi":66.62,"ei":7.76,"as":564.62,"mi":"E","mv":1946686,"sc":1,"lpe":100.0,"lpr":3128.38,"lq":1.0,"d":3493},{"pi":"423742","pc":"Промышленные товары","ss":1000,"td":"Центр города","dc":1,"n":639.8,"vc":"около 5 000","sl":"Нормальный","sv":"около 500","p":2300.0,"q":22.99,"b":7.18,"ms":0.73,"wi":29.61,"ei":12.72,"as":467.01,"mi":"E","mv":68920,"sc":1,"lpe":99.27,"lpr":786.58,"lq":1.0,"d":745},{"pi":"423742","pc":"Промышленные товары","ss":100000,"td":"Центр города","dc":9,"n":650.07,"vc":"более 1 000 000","sl":"Очень низкий","sv":"более 100","p":13657.01,"q":16.95,"b":1.97,"ms":0.01,"wi":75.37,"ei":9.56,"as":419.1,"mi":"E","mv":1637666,"sc":1,"lpe":99.99,"lpr":6903.71,"lq":1.0,"d":3663},{"pi":"423742","pc":"Промышленные товары","ss":100000,"td":"Центр города","dc":1,"n":527.91,"vc":"около 500 000","sl":"Очень высокий","sv":"более 100 000","p":24000.0,"q":18.94,"b":3.61,"ms":3.39,"wi":100.43,"ei":12.79,"as":804.73,"mi":"E","mv":3142581,"sc":4,"lpe":95.35,"lpr":6016.59,"lq":1.0,"d":4137},{"pi":"423742","pc":"Промышленные товары","ss":100000,"td":"Фешенебельный район","dc":1,"n":687.83,"vc":"около 500 000","sl":"Элитный","sv":"около 50 000","p":30600.0,"q":23.05,"b":3.72,"ms":1.12,"wi":100.43,"ei":12.79,"as":804.73,"mi":"E","mv":3142581,"sc":4,"lpe":95.35,"lpr":6016.59,"lq":1.0,"d":4137},{"pi":"423742","pc":"Промышленные товары","ss":100000,"td":"Центр города","dc":3,"n":515.66,"vc":"около 500 000","sl":"Нормальный","sv":"около 5 000","p":23000.0,"q":14.21,"b":0.0,"ms":0.12,"wi":100.43,"ei":12.79,"as":804.73,"mi":"E","mv":3142581,"sc":4,"lpe":95.35,"lpr":6016.59,"lq":1.0,"d":4137},{"pi":"423742","pc":"Промышленные товары","ss":100000,"td":"Спальный район","dc":9,"n":370.95,"vc":"около 100 000","sl":"Очень высокий","sv":"около 500","p":12000.0,"q":19.5,"b":1.14,"ms":0.01,"wi":100.43,"ei":12.79,"as":804.73,"mi":"E","mv":3142581,"sc":4,"lpe":95.35,"lpr":6016.59,"lq":1.0,"d":4137},{"pi":"423742","pc":"Промышленные товары","ss":100000,"td":"Центр города","dc":1,"n":550.7,"vc":"около 500 000","sl":"Очень высокий","sv":"более 200 000","p":24000.0,"q":19.4,"b":3.61,"ms":16.94,"wi":146.31,"ei":15.52,"as":2307.77,"mi":"E","mv":1232144,"sc":4,"lpe":82.21,"lpr":10405.69,"lq":1.1,"d":2095},{"pi":"423742","pc":"Промышленные товары","ss":100000,"td":"Центр города","dc":5,"n":533.06,"vc":"около 500 000","sl":"Низкий","sv":"около 5 000","p":24000.0,"q":14.01,"b":0.0,"ms":0.43,"wi":146.31,"ei":15.52,"as":2307.77,"mi":"E","mv":1232144,"sc":4,"lpe":82.21,"lpr":10405.69,"lq":1.1,"d":2095},{"pi":"423742","pc":"Промышленные товары","ss":100000,"td":"Фешенебельный район","dc":1,"n":696.49,"vc":"более 200 000","sl":"Элитный","sv":"около 5 000","p":30500.0,"q":23.05,"b":3.72,"ms":0.38,"wi":146.31,"ei":15.52,"as":2307.77,"mi":"E","mv":1232144,"sc":4,"lpe":82.21,"lpr":10405.69,"lq":1.1,"d":2095},{"pi":"423742","pc":"Промышленные товары","ss":100000,"td":"Окраина","dc":10,"n":418.04,"vc":"около 100 000","sl":"Высокий","sv":"около 500","p":14000.0,"q":19.5,"b":1.14,"ms":0.03,"wi":146.31,"ei":15.52,"as":2307.77,"mi":"E","mv":1232144,"sc":4,"lpe":82.21,"lpr":10405.69,"lq":1.1,"d":2095},{"pi":"423742","pc":"Промышленные товары","ss":100000,"td":"Центр города","dc":10,"n":675.34,"vc":"более 1 000 000","sl":"Очень низкий","sv":"более 100","p":13657.08,"q":16.95,"b":1.97,"ms":0.02,"wi":76.09,"ei":6.5,"as":327.59,"mi":"E","mv":762752,"sc":1,"lpe":99.98,"lpr":8259.79,"lq":1.0,"d":1541},{"pi":"423742","pc":"Промышленные товары","ss":100000,"td":"Окраина","dc":9,"n":310.03,"vc":"около 50 000","sl":"Очень высокий","sv":"около 500","p":11500.0,"q":19.5,"b":1.14,"ms":0.01,"wi":132.97,"ei":9.27,"as":1723.67,"mi":"E","mv":6111504,"sc":1,"lpe":99.99,"lpr":6008.26,"lq":1.0,"d":8477},{"pi":"423742","pc":"Промышленные товары","ss":100000,"td":"Фешенебельный район","dc":1,"n":623.63,"vc":"около 500 000","sl":"Элитный","sv":"около 10 000","p":30400.0,"q":23.05,"b":2.89,"ms":0.11,"wi":108.19,"ei":6.67,"as":874.7,"mi":"E","mv":8357825,"sc":2,"lpe":99.81,"lpr":7768.38,"lq":1.0,"d":12114},{"pi":"423742","pc":"Промышленные товары","ss":100000,"td":"Фешенебельный район","dc":1,"n":623.63,"vc":"более 200 000","sl":"Элитный","sv":"около 5 000","p":30400.0,"q":23.05,"b":2.89,"ms":0.09,"wi":108.19,"ei":6.67,"as":874.7,"mi":"E","mv":8357825,"sc":2,"lpe":99.81,"lpr":7768.38,"lq":1.0,"d":12114},{"pi":"423742","pc":"Промышленные товары","ss":100000,"td":"Центр города","dc":10,"n":600.19,"vc":"более 1 000 000","sl":"Очень низкий","sv":"менее 50","p":9563.55,"q":16.81,"b":2.56,"ms":0.0,"wi":33.37,"ei":5.09,"as":182.41,"mi":"E","mv":8049210,"sc":1,"lpe":100.0,"lpr":1549.27,"lq":1.0,"d":22072},{"pi":"423742","pc":"Промышленные товары","ss":10000,"td":"Центр города","dc":2,"n":512.14,"vc":"около 100 000","sl":"Низкий","sv":"около 5 000","p":1400.0,"q":23.02,"b":4.51,"ms":0.05,"wi":52.01,"ei":4.8,"as":338.83,"mi":"E","mv":7143571,"sc":1,"lpe":99.95,"lpr":1711.09,"lq":1.0,"d":11930},{"pi":"423742","pc":"Промышленные товары","ss":100000,"td":"Фешенебельный район","dc":1,"n":711.92,"vc":"более 200 000","sl":"Элитный","sv":"более 20 000","p":30500.0,"q":23.05,"b":3.72,"ms":5.03,"wi":128.02,"ei":8.73,"as":1034.79,"mi":"E","mv":418368,"sc":2,"lpe":90.19,"lpr":11960.09,"lq":1.0,"d":811},{"pi":"423742","pc":"Промышленные товары","ss":100000,"td":"Центр города","dc":6,"n":532.54,"vc":"более 200 000","sl":"Нормальный","sv":"около 20 000","p":23000.0,"q":14.3,"b":0.0,"ms":4.78,"wi":128.02,"ei":8.73,"as":1034.79,"mi":"E","mv":418368,"sc":2,"lpe":90.19,"lpr":11960.09,"lq":1.0,"d":811},{"pi":"423742","pc":"Промышленные товары","ss":100000,"td":"Фешенебельный район","dc":10,"n":661.4,"vc":"более 100 000","sl":"Нормальный","sv":"менее 50","p":9515.29,"q":16.95,"b":1.6,"ms":0.0,"wi":71.42,"ei":6.52,"as":865.93,"mi":"E","mv":767961,"sc":1,"lpe":100.0,"lpr":2439.99,"lq":1.0,"d":1560},{"pi":"423742","pc":"Промышленные товары","ss":100000,"td":"Фешенебельный район","dc":1,"n":702.92,"vc":"более 300 000","sl":"Элитный","sv":"более 2 000","p":32100.0,"q":23.05,"b":3.71,"ms":0.23,"wi":105.14,"ei":8.27,"as":1023.96,"mi":"E","mv":1147216,"sc":1,"lpe":99.77,"lpr":8584.26,"lq":1.0,"d":2847},{"pi":"423742","pc":"Промышленные товары","ss":100000,"td":"Центр города","dc":1,"n":492.28,"vc":"более 200 000","sl":"Элитный","sv":"около 50 000","p":25000.0,"q":19.37,"b":0.0,"ms":5.1,"wi":119.43,"ei":9.92,"as":1514.88,"mi":"E","mv":912675,"sc":2,"lpe":90.7,"lpr":8550.36,"lq":1.0,"d":1420},{"pi":"423742","pc":"Промышленные товары","ss":100000,"td":"Фешенебельный район","dc":1,"n":702.93,"vc":"более 300 000","sl":"Элитный","sv":"около 50 000","p":30600.0,"q":23.05,"b":3.72,"ms":4.19,"wi":119.43,"ei":9.92,"as":1514.88,"mi":"E","mv":912675,"sc":2,"lpe":90.7,"lpr":8550.36,"lq":1.0,"d":1420},{"pi":"423742","pc":"Промышленные товары","ss":1000,"td":"Фешенебельный район","dc":1,"n":511.69,"vc":"около 1 000","sl":"Элитный","sv":"более 100","p":25000.0,"q":10.76,"b":0.0,"ms":0.04,"wi":97.28,"ei":5.35,"as":374.69,"mi":"E","mv":443420,"sc":1,"lpe":99.96,"lpr":7888.93,"lq":1.0,"d":804},{"pi":"423742","pc":"Промышленные товары","ss":100000,"td":"Центр города","dc":2,"n":454.97,"vc":"более 100 000","sl":"Элитный","sv":"около 20 000","p":26000.0,"q":14.3,"b":0.0,"ms":2.87,"wi":95.22,"ei":7.84,"as":648.74,"mi":"E","mv":696152,"sc":1,"lpe":97.13,"lpr":9188.55,"lq":1.0,"d":1471},{"pi":"423742","pc":"Промышленные товары","ss":100000,"td":"Центр города","dc":1,"n":562.79,"vc":"более 1 000 000","sl":"Нормальный","sv":"более 100 000","p":10000.0,"q":27.07,"b":4.69,"ms":1.1,"wi":91.03,"ei":12.41,"as":652.46,"mi":"E","mv":11506957,"sc":1,"lpe":98.9,"lpr":7553.06,"lq":1.0,"d":15986},{"pi":"423742","pc":"Промышленные товары","ss":500,"td":"Фешенебельный район","dc":1,"n":375.98,"vc":"более 100","sl":"Элитный","sv":"около 5 000","p":2500.0,"q":21.34,"b":7.54,"ms":0.33,"wi":77.72,"ei":6.25,"as":754.07,"mi":"E","mv":1012957,"sc":1,"lpe":99.67,"lpr":2149.37,"lq":1.0,"d":1415},{"pi":"423742","pc":"Промышленные товары","ss":500,"td":"Фешенебельный район","dc":1,"n":612.22,"vc":"около 50","sl":"Элитный","sv":"около 1 000","p":6239.27,"q":21.79,"b":0.0,"ms":23.8,"wi":44.58,"ei":9.3,"as":3618.26,"mi":"E","mv":3370,"sc":1,"lpe":76.2,"lpr":4920.19,"lq":1.35,"d":68},{"pi":"423742","pc":"Промышленные товары","ss":100000,"td":"Фешенебельный район","dc":10,"n":685.04,"vc":"около 100 000","sl":"Высокий","sv":"около 500","p":9754.86,"q":16.95,"b":1.6,"ms":0.35,"wi":6.42,"ei":4.75,"as":104.01,"mi":"E","mv":104168,"sc":2,"lpe":99.31,"lpr":4426.95,"lq":1.0,"d":44633},{"pi":"423742","pc":"Промышленные товары","ss":100000,"td":"Фешенебельный район","dc":10,"n":685.04,"vc":"около 100 000","sl":"Высокий","sv":"около 500","p":9754.86,"q":16.95,"b":1.6,"ms":0.35,"wi":6.42,"ei":4.75,"as":104.01,"mi":"E","mv":104168,"sc":2,"lpe":99.31,"lpr":4426.95,"lq":1.0,"d":44633},{"pi":"423742","pc":"Промышленные товары","ss":100000,"td":"Фешенебельный район","dc":10,"n":677.87,"vc":"около 100 000","sl":"Высокий","sv":"около 50","p":9515.67,"q":16.95,"b":1.6,"ms":0.04,"wi":53.55,"ei":3.26,"as":255.26,"mi":"E","mv":91550,"sc":1,"lpe":99.96,"lpr":2108.92,"lq":1.0,"d":197},{"pi":"423742","pc":"Промышленные товары","ss":100000,"td":"Фешенебельный район","dc":10,"n":645.08,"vc":"более 200 000","sl":"Низкий","sv":"более 100","p":10925.91,"q":16.95,"b":2.62,"ms":0.01,"wi":64.5,"ei":14.69,"as":1178.45,"mi":"E","mv":3544672,"sc":1,"lpe":99.99,"lpr":2439.98,"lq":1.0,"d":4918},{"pi":"423742","pc":"Промышленные товары","ss":100000,"td":"Фешенебельный район","dc":10,"n":683.75,"vc":"около 100 000","sl":"Высокий","sv":"менее 50","p":9522.56,"q":16.91,"b":1.6,"ms":0.01,"wi":17.75,"ei":3.78,"as":238.56,"mi":"E","mv":50841,"sc":1,"lpe":99.99,"lpr":1709.26,"lq":1.0,"d":2346},{"pi":"423742","pc":"Промышленные товары","ss":100000,"td":"Центр города","dc":1,"n":423.83,"vc":"более 100 000","sl":"Элитный","sv":"менее 50","p":9200.0,"q":17.39,"b":0.0,"ms":0.0,"wi":52.69,"ei":7.73,"as":387.02,"mi":"E","mv":546532,"sc":1,"lpe":100.0,"lpr":2079.27,"lq":1.0,"d":1346},{"pi":"423742","pc":"Промышленные товары","ss":100,"td":"Окраина","dc":1,"n":53.62,"vc":"около 100","sl":"Нормальный","sv":"менее 50","p":3919.97,"q":16.52,"b":0.0,"ms":0.0,"wi":81.74,"ei":8.69,"as":530.19,"mi":"E","mv":2235095,"sc":1,"lpe":100.0,"lpr":3456.14,"lq":1.0,"d":3080},{"pi":"423742","pc":"Промышленные товары","ss":1000,"td":"Центр города","dc":1,"n":683.68,"vc":"около 10 000","sl":"Низкий","sv":"более 100","p":1500.0,"q":23.02,"b":7.18,"ms":0.86,"wi":29.25,"ei":7.83,"as":649.96,"mi":"E","mv":19264,"sc":1,"lpe":99.14,"lpr":827.58,"lq":1.0,"d":206},{"pi":"423742","pc":"Промышленные товары","ss":100000,"td":"Центр города","dc":1,"n":423.96,"vc":"более 100 000","sl":"Элитный","sv":"около 100 000","p":11759.76,"q":21.79,"b":0.0,"ms":10.0,"wi":108.24,"ei":7.46,"as":1400.18,"mi":"E","mv":928023,"sc":2,"lpe":89.95,"lpr":5412.99,"lq":1.23,"d":1661},{"pi":"423742","pc":"Промышленные товары","ss":10000,"td":"Центр города","dc":1,"n":579.62,"vc":"около 50 000","sl":"Высокий","sv":"около 500","p":2200.0,"q":22.99,"b":5.85,"ms":0.05,"wi":108.24,"ei":7.46,"as":1400.18,"mi":"E","mv":928023,"sc":2,"lpe":89.95,"lpr":5412.99,"lq":1.23,"d":1661},{"pi":"423742","pc":"Промышленные товары","ss":100000,"td":"Фешенебельный район","dc":2,"n":672.47,"vc":"более 100 000","sl":"Элитный","sv":"около 50","p":7000.0,"q":9.83,"b":0.0,"ms":0.02,"wi":7.21,"ei":6.32,"as":140.08,"mi":"E","mv":363572,"sc":1,"lpe":99.98,"lpr":1308.21,"lq":1.0,"d":47032}]