[{"pi":"1491","pc":"Продукты питания","ss":500,"td":"Фешенебельный район","dc":3,"n":62.35,"vc":"около 50","sl":"Элитный","sv":"около 100","p":3.0,"q":1.0,"b":0.0,"ms":0.01,"wi":0.39,"ei":5.5,"as":350.0,"mi":"E","mv":799025,"sc":1,"lpe":99.99,"lpr":3.99,"lq":1.0,"d":600},{"pi":"1491","pc":"Продукты питания","ss":100,"td":"Окраина","dc":1,"n":46.72,"vc":"около 50","sl":"Высокий","sv":"около 50","p":2.63,"q":1.05,"b":0.0,"ms":0.01,"wi":0.22,"ei":4.34,"as":221.34,"mi":"E","mv":331731,"sc":1,"lpe":99.99,"lpr":2.38,"lq":1.0,"d":568},{"pi":"1491","pc":"Продукты питания","ss":100,"td":"Окраина","dc":1,"n":43.09,"vc":"около 50","sl":"Нормальный","sv":"около 50","p":2.24,"q":1.05,"b":0.0,"ms":0.01,"wi":0.22,"ei":4.32,"as":180.62,"mi":"E","mv":649037,"sc":1,"lpe":99.99,"lpr":2.06,"lq":1.0,"d":1132},{"pi":"1491","pc":"Продукты питания","ss":100,"td":"Центр города","dc":1,"n":46.83,"vc":"более 100","sl":"Низкий","sv":"около 50","p":14.58,"q":1.05,"b":0.0,"ms":0.01,"wi":1.28,"ei":7.7,"as":1225.0,"mi":"E","mv":850054,"sc":1,"lpe":99.99,"lpr":14.02,"lq":1.0,"d":1356},{"pi":"1491","pc":"Продукты питания","ss":100,"td":"Центр города","dc":1,"n":43.37,"vc":"более 100","sl":"Низкий","sv":"менее 50","p":16.54,"q":1.05,"b":0.0,"ms":0.0,"wi":1.18,"ei":8.6,"as":1300.0,"mi":"E","mv":2001389,"sc":1,"lpe":100.0,"lpr":14.87,"lq":1.0,"d":2719},{"pi":"1491","pc":"Продукты питания","ss":100,"td":"Окраина","dc":1,"n":74.95,"vc":"около 50","sl":"Очень высокий","sv":"около 50","p":1.65,"q":1.05,"b":0.0,"ms":0.03,"wi":0.15,"ei":3.2,"as":132.44,"mi":"E","mv":138164,"sc":1,"lpe":99.97,"lpr":1.52,"lq":1.0,"d":203}]