[{"pi":"3965","pc":"Товары для дома","ss":1000,"td":"Центр города","dc":1,"n":459.23,"vc":"около 5 000","sl":"Нормальный","sv":"около 2 000","p":15000.0,"q":33.46,"b":0.23,"ms":12.94,"wi":33.06,"ei":10.02,"as":247.03,"mi":"E","mv":15450,"sc":1,"lpe":87.06,"lpr":4958.36,"lq":2.33,"d":4689},{"pi":"3965","pc":"Товары для дома","ss":10000,"td":"Центр города","dc":1,"n":492.87,"vc":"более 20 000","sl":"Очень высокий","sv":"более 1 000","p":14000.0,"q":12.04,"b":0.0,"ms":7.7,"wi":59.58,"ei":5.32,"as":655.26,"mi":"E","mv":13023,"sc":1,"lpe":92.3,"lpr":4507.38,"lq":1.0,"d":422},{"pi":"3965","pc":"Товары для дома","ss":100000,"td":"Фешенебельный район","dc":9,"n":675.32,"vc":"около 500 000","sl":"Низкий","sv":"около 50","p":44478.45,"q":16.07,"b":0.0,"ms":0.06,"wi":60.32,"ei":7.58,"as":403.37,"mi":"E","mv":92272,"sc":1,"lpe":99.94,"lpr":10032.01,"lq":1.0,"d":2108},{"pi":"3965","pc":"Товары для дома","ss":100000,"td":"Центр города","dc":1,"n":616.91,"vc":"более 1 000 000","sl":"Нормальный","sv":"около 10 000","p":20000.0,"q":37.12,"b":5.2,"ms":6.12,"wi":82.91,"ei":6.91,"as":1080.49,"mi":"E","mv":163390,"sc":1,"lpe":93.88,"lpr":14592.58,"lq":1.0,"d":5342},{"pi":"3965","pc":"Товары для дома","ss":10000,"td":"Фешенебельный район","dc":2,"n":640.82,"vc":"более 10 000","sl":"Элитный","sv":"более 100","p":21100.0,"q":36.73,"b":0.0,"ms":1.21,"wi":28.37,"ei":5.25,"as":322.45,"mi":"E","mv":13199,"sc":1,"lpe":98.8,"lpr":3085.66,"lq":1.0,"d":914},{"pi":"3965","pc":"Товары для дома","ss":10000,"td":"Центр города","dc":3,"n":451.53,"vc":"более 10 000","sl":"Нормальный","sv":"около 1 000","p":3000.0,"q":14.96,"b":0.86,"ms":3.37,"wi":54.27,"ei":6.85,"as":480.12,"mi":"E","mv":26675,"sc":2,"lpe":96.42,"lpr":5507.13,"lq":1.0,"d":927},{"pi":"3965","pc":"Товары для дома","ss":10000,"td":"Фешенебельный район","dc":2,"n":96.86,"vc":"более 200","sl":"Элитный","sv":"около 50","p":23400.0,"q":20.12,"b":0.0,"ms":0.21,"wi":54.27,"ei":6.85,"as":480.12,"mi":"E","mv":26675,"sc":2,"lpe":96.42,"lpr":5507.13,"lq":1.0,"d":927},{"pi":"3965","pc":"Товары для дома","ss":100000,"td":"Спальный район","dc":3,"n":589.79,"vc":"около 500 000","sl":"Нормальный","sv":"более 1 000","p":29078.96,"q":18.51,"b":3.5,"ms":5.99,"wi":143.39,"ei":7.29,"as":661.55,"mi":"E","mv":29583,"sc":1,"lpe":94.01,"lpr":25509.19,"lq":1.0,"d":1029},{"pi":"3965","pc":"Товары для дома","ss":100000,"td":"Центр города","dc":1,"n":589.64,"vc":"около 500 000","sl":"Очень высокий","sv":"около 200","p":50000.0,"q":27.39,"b":0.97,"ms":0.64,"wi":91.16,"ei":12.05,"as":819.44,"mi":"E","mv":31177,"sc":1,"lpe":99.36,"lpr":31490.98,"lq":1.0,"d":1294},{"pi":"3965","pc":"Товары для дома","ss":100000,"td":"Центр города","dc":1,"n":606.8,"vc":"около 500 000","sl":"Очень высокий","sv":"менее 50","p":50000.0,"q":29.98,"b":1.42,"ms":0.0,"wi":100.48,"ei":8.99,"as":853.23,"mi":"E","mv":23299,"sc":2,"lpe":99.81,"lpr":9848.32,"lq":1.0,"d":708},{"pi":"3965","pc":"Товары для дома","ss":1000,"td":"Спальный район","dc":1,"n":329.46,"vc":"более 1 000","sl":"Элитный","sv":"менее 50","p":45576.85,"q":13.45,"b":0.03,"ms":0.22,"wi":78.18,"ei":10.65,"as":989.97,"mi":"E","mv":12560,"sc":1,"lpe":99.78,"lpr":17014.67,"lq":1.0,"d":709},{"pi":"3965","pc":"Товары для дома","ss":10000,"td":"Спальный район","dc":1,"n":462.57,"vc":"более 20 000","sl":"Элитный","sv":"около 100","p":35000.0,"q":27.39,"b":0.78,"ms":0.08,"wi":59.46,"ei":5.22,"as":274.68,"mi":"E","mv":123204,"sc":1,"lpe":99.92,"lpr":7874.61,"lq":1.0,"d":2794},{"pi":"3965","pc":"Товары для дома","ss":100000,"td":"Центр города","dc":9,"n":389.29,"vc":"более 100 000","sl":"Нормальный","sv":"более 100","p":30000.0,"q":19.07,"b":0.0,"ms":0.23,"wi":37.55,"ei":6.21,"as":298.77,"mi":"E","mv":48989,"sc":2,"lpe":99.76,"lpr":7361.25,"lq":1.0,"d":3530},{"pi":"3965","pc":"Товары для дома","ss":100000,"td":"Центр города","dc":10,"n":663.63,"vc":"более 2 000 000","sl":"Очень низкий","sv":"менее 50","p":42743.4,"q":17.78,"b":0.68,"ms":0.01,"wi":37.55,"ei":6.21,"as":298.77,"mi":"E","mv":48989,"sc":2,"lpe":99.76,"lpr":7361.25,"lq":1.0,"d":3530},{"pi":"3965","pc":"Товары для дома","ss":100000,"td":"Фешенебельный район","dc":1,"n":697.49,"vc":"около 500 000","sl":"Элитный","sv":"более 1 000","p":100000.0,"q":36.57,"b":5.46,"ms":1.73,"wi":164.51,"ei":10.67,"as":1516.17,"mi":"E","mv":58920,"sc":2,"lpe":94.57,"lpr":17396.48,"lq":1.0,"d":1885},{"pi":"3965","pc":"Товары для дома","ss":100000,"td":"Центр города","dc":1,"n":537.9,"vc":"около 500 000","sl":"Очень высокий","sv":"около 1 000","p":60000.0,"q":27.39,"b":0.97,"ms":1.7,"wi":164.51,"ei":10.67,"as":1516.17,"mi":"E","mv":58920,"sc":2,"lpe":94.57,"lpr":17396.48,"lq":1.0,"d":1885},{"pi":"3965","pc":"Товары для дома","ss":1000,"td":"Центр города","dc":1,"n":537.06,"vc":"около 10 000","sl":"Низкий","sv":"более 1 000","p":27000.0,"q":27.07,"b":0.18,"ms":4.26,"wi":61.55,"ei":11.03,"as":913.67,"mi":"E","mv":35469,"sc":1,"lpe":91.55,"lpr":10991.2,"lq":1.0,"d":12392},{"pi":"3965","pc":"Товары для дома","ss":100000,"td":"Центр города","dc":5,"n":479.24,"vc":"более 100 000","sl":"Высокий","sv":"около 1 000","p":16700.0,"q":33.46,"b":0.0,"ms":4.02,"wi":120.4,"ei":7.25,"as":2008.8,"mi":"E","mv":24887,"sc":1,"lpe":95.98,"lpr":13698.54,"lq":1.0,"d":663},{"pi":"3965","pc":"Товары для дома","ss":100000,"td":"Центр города","dc":10,"n":659.02,"vc":"более 1 000 000","sl":"Очень низкий","sv":"менее 50","p":37795.56,"q":17.96,"b":0.0,"ms":0.0,"wi":46.24,"ei":8.6,"as":391.35,"mi":"E","mv":52596,"sc":1,"lpe":100.0,"lpr":5030.9,"lq":1.0,"d":1658},{"pi":"3965","pc":"Товары для дома","ss":100000,"td":"Фешенебельный район","dc":9,"n":380.44,"vc":"более 20 000","sl":"Очень высокий","sv":"менее 50","p":35000.0,"q":22.65,"b":2.06,"ms":0.02,"wi":41.76,"ei":8.78,"as":296.55,"mi":"E","mv":110888,"sc":2,"lpe":99.97,"lpr":5728.62,"lq":1.0,"d":4441},{"pi":"3965","pc":"Товары для дома","ss":100000,"td":"Спальный район","dc":10,"n":668.34,"vc":"более 1 000 000","sl":"Очень низкий","sv":"менее 50","p":35159.94,"q":18.42,"b":1.24,"ms":0.0,"wi":41.76,"ei":8.78,"as":296.55,"mi":"E","mv":110888,"sc":2,"lpe":99.97,"lpr":5728.62,"lq":1.0,"d":4441},{"pi":"3965","pc":"Товары для дома","ss":100000,"td":"Спальный район","dc":2,"n":440.34,"vc":"более 100 000","sl":"Элитный","sv":"менее 50","p":2900.0,"q":22.37,"b":2.93,"ms":0.01,"wi":14.59,"ei":11.84,"as":214.25,"mi":"E","mv":6953,"sc":1,"lpe":99.99,"lpr":3601.94,"lq":1.0,"d":2504},{"pi":"3965","pc":"Товары для дома","ss":100000,"td":"Фешенебельный район","dc":9,"n":687.22,"vc":"около 500 000","sl":"Низкий","sv":"менее 50","p":37576.21,"q":17.04,"b":0.4,"ms":0.02,"wi":31.11,"ei":15.07,"as":449.38,"mi":"E","mv":53296,"sc":2,"lpe":99.97,"lpr":6187.04,"lq":1.0,"d":4857},{"pi":"3965","pc":"Товары для дома","ss":10000,"td":"Центр города","dc":5,"n":152.67,"vc":"около 5 000","sl":"Элитный","sv":"менее 50","p":29988.13,"q":42.14,"b":0.0,"ms":0.01,"wi":31.11,"ei":15.07,"as":449.38,"mi":"E","mv":53296,"sc":2,"lpe":99.97,"lpr":6187.04,"lq":1.0,"d":4857},{"pi":"3965","pc":"Товары для дома","ss":100000,"td":"Центр города","dc":2,"n":531.94,"vc":"около 500 000","sl":"Высокий","sv":"около 1 000","p":23000.0,"q":17.51,"b":0.0,"ms":1.33,"wi":57.77,"ei":9.84,"as":399.03,"mi":"E","mv":74909,"sc":5,"lpe":91.96,"lpr":10998.04,"lq":1.0,"d":3316},{"pi":"3965","pc":"Товары для дома","ss":100000,"td":"Центр города","dc":1,"n":454.85,"vc":"более 200 000","sl":"Элитный","sv":"около 500","p":18000.0,"q":1.0,"b":0.0,"ms":0.73,"wi":57.77,"ei":9.84,"as":399.03,"mi":"E","mv":74909,"sc":5,"lpe":91.96,"lpr":10998.04,"lq":1.0,"d":3316},{"pi":"3965","pc":"Товары для дома","ss":100000,"td":"Центр города","dc":6,"n":384.43,"vc":"более 100 000","sl":"Высокий","sv":"менее 50","p":11000.0,"q":16.79,"b":0.0,"ms":0.01,"wi":57.77,"ei":9.84,"as":399.03,"mi":"E","mv":74909,"sc":5,"lpe":91.96,"lpr":10998.04,"lq":1.0,"d":3316},{"pi":"3965","pc":"Товары для дома","ss":100000,"td":"Центр города","dc":2,"n":465.7,"vc":"более 200 000","sl":"Элитный","sv":"около 1 000","p":12000.0,"q":17.51,"b":0.0,"ms":2.82,"wi":37.38,"ei":4.52,"as":259.04,"mi":"E","mv":35416,"sc":1,"lpe":97.18,"lpr":3893.87,"lq":1.0,"d":1657},{"pi":"3965","pc":"Товары для дома","ss":1000,"td":"Пригород","dc":10,"n":179.68,"vc":"более 100","sl":"Элитный","sv":"менее 50","p":3930.0,"q":13.59,"b":0.0,"ms":2.82,"wi":34.04,"ei":8.95,"as":849.54,"mi":"E","mv":710,"sc":1,"lpe":97.18,"lpr":4182.32,"lq":1.0,"d":222},{"pi":"3965","pc":"Товары для дома","ss":100000,"td":"Центр города","dc":3,"n":440.57,"vc":"более 100 000","sl":"Очень высокий","sv":"менее 50","p":35000.0,"q":22.94,"b":0.0,"ms":0.0,"wi":73.51,"ei":5.78,"as":394.18,"mi":"E","mv":75165,"sc":1,"lpe":100.0,"lpr":5766.94,"lq":1.0,"d":1203},{"pi":"3965","pc":"Товары для дома","ss":1000,"td":"Центр города","dc":1,"n":260.12,"vc":"более 2 000","sl":"Очень высокий","sv":"около 50","p":27919.0,"q":17.2,"b":0.0,"ms":0.1,"wi":63.62,"ei":6.37,"as":335.74,"mi":"E","mv":67171,"sc":3,"lpe":92.4,"lpr":10107.3,"lq":1.0,"d":2140},{"pi":"3965","pc":"Товары для дома","ss":500,"td":"Спальный район","dc":1,"n":82.34,"vc":"более 200","sl":"Высокий","sv":"менее 50","p":12725.94,"q":5.41,"b":0.0,"ms":0.0,"wi":63.62,"ei":6.37,"as":335.74,"mi":"E","mv":67171,"sc":3,"lpe":92.4,"lpr":10107.3,"lq":1.0,"d":2140},{"pi":"3965","pc":"Товары для дома","ss":100000,"td":"Центр города","dc":1,"n":582.41,"vc":"более 1 000 000","sl":"Нормальный","sv":"около 10 000","p":50000.0,"q":39.08,"b":4.67,"ms":2.96,"wi":105.21,"ei":13.87,"as":803.35,"mi":"E","mv":338139,"sc":2,"lpe":95.3,"lpr":23801.36,"lq":1.0,"d":9315},{"pi":"3965","pc":"Товары для дома","ss":100000,"td":"Центр города","dc":1,"n":296.56,"vc":"около 100 000","sl":"Элитный","sv":"около 5 000","p":60000.0,"q":17.49,"b":0.0,"ms":1.74,"wi":105.21,"ei":13.87,"as":803.35,"mi":"E","mv":338139,"sc":2,"lpe":95.3,"lpr":23801.36,"lq":1.0,"d":9315},{"pi":"3965","pc":"Товары для дома","ss":10000,"td":"Спальный район","dc":2,"n":293.64,"vc":"около 10 000","sl":"Элитный","sv":"около 1 000","p":1111.11,"q":27.93,"b":0.0,"ms":0.62,"wi":57.42,"ei":5.96,"as":448.87,"mi":"E","mv":162471,"sc":4,"lpe":98.45,"lpr":10043.05,"lq":1.0,"d":5974},{"pi":"3965","pc":"Товары для дома","ss":10000,"td":"Центр города","dc":2,"n":293.64,"vc":"более 10 000","sl":"Элитный","sv":"около 1 000","p":1111.11,"q":27.93,"b":0.0,"ms":0.62,"wi":57.42,"ei":5.96,"as":448.87,"mi":"E","mv":162471,"sc":4,"lpe":98.45,"lpr":10043.05,"lq":1.0,"d":5974},{"pi":"3965","pc":"Товары для дома","ss":100000,"td":"Центр города","dc":1,"n":219.46,"vc":"около 50 000","sl":"Элитный","sv":"около 500","p":19999.0,"q":16.94,"b":0.0,"ms":0.24,"wi":57.42,"ei":5.96,"as":448.87,"mi":"E","mv":162471,"sc":4,"lpe":98.45,"lpr":10043.05,"lq":1.0,"d":5974},{"pi":"3965","pc":"Товары для дома","ss":100000,"td":"Фешенебельный район","dc":3,"n":390.68,"vc":"более 20 000","sl":"Элитный","sv":"более 100","p":25833.33,"q":16.93,"b":0.0,"ms":0.08,"wi":57.42,"ei":5.96,"as":448.87,"mi":"E","mv":162471,"sc":4,"lpe":98.45,"lpr":10043.05,"lq":1.0,"d":5974},{"pi":"3965","pc":"Товары для дома","ss":1000,"td":"Пригород","dc":10,"n":160.74,"vc":"около 100","sl":"Элитный","sv":"менее 50","p":2010.0,"q":13.59,"b":0.0,"ms":2.05,"wi":30.77,"ei":9.26,"as":896.34,"mi":"E","mv":1509,"sc":1,"lpe":97.95,"lpr":1952.65,"lq":1.0,"d":104},{"pi":"3965","pc":"Товары для дома","ss":1000,"td":"Центр города","dc":2,"n":407.88,"vc":"более 1 000","sl":"Очень высокий","sv":"более 100","p":7500.0,"q":12.9,"b":0.0,"ms":5.73,"wi":57.24,"ei":8.33,"as":1106.11,"mi":"E","mv":1849,"sc":2,"lpe":92.27,"lpr":4510.17,"lq":1.0,"d":892},{"pi":"3965","pc":"Товары для дома","ss":1000,"td":"Пригород","dc":10,"n":234.3,"vc":"более 100","sl":"Очень высокий","sv":"около 50","p":4850.0,"q":13.59,"b":0.0,"ms":2.0,"wi":57.24,"ei":8.33,"as":1106.11,"mi":"E","mv":1849,"sc":2,"lpe":92.27,"lpr":4510.17,"lq":1.0,"d":892},{"pi":"3965","pc":"Товары для дома","ss":1000,"td":"Центр города","dc":1,"n":509.95,"vc":"более 2 000","sl":"Очень высокий","sv":"около 50","p":26000.0,"q":25.94,"b":0.0,"ms":0.87,"wi":64.91,"ei":10.23,"as":1395.94,"mi":"E","mv":6309,"sc":3,"lpe":98.53,"lpr":10682.12,"lq":1.0,"d":185},{"pi":"3965","pc":"Товары для дома","ss":1000,"td":"Пригород","dc":10,"n":186.18,"vc":"более 200","sl":"Очень высокий","sv":"около 50","p":10100.0,"q":13.4,"b":0.0,"ms":0.55,"wi":64.91,"ei":10.23,"as":1395.94,"mi":"E","mv":6309,"sc":3,"lpe":98.53,"lpr":10682.12,"lq":1.0,"d":185},{"pi":"3965","pc":"Товары для дома","ss":1000,"td":"Фешенебельный район","dc":9,"n":679.43,"vc":"более 1 000","sl":"Низкий","sv":"менее 50","p":37425.62,"q":17.95,"b":0.0,"ms":0.02,"wi":64.91,"ei":10.23,"as":1395.94,"mi":"E","mv":6309,"sc":3,"lpe":98.53,"lpr":10682.12,"lq":1.0,"d":185},{"pi":"3965","pc":"Товары для дома","ss":100000,"td":"Центр города","dc":2,"n":667.05,"vc":"более 2 000 000","sl":"Низкий","sv":"около 50 000","p":7760.0,"q":28.58,"b":4.52,"ms":19.32,"wi":61.93,"ei":9.19,"as":614.3,"mi":"E","mv":220717,"sc":2,"lpe":75.98,"lpr":2394.91,"lq":1.28,"d":4618},{"pi":"3965","pc":"Товары для дома","ss":100000,"td":"Центр города","dc":1,"n":679.49,"vc":"более 2 000 000","sl":"Низкий","sv":"более 10 000","p":10000.0,"q":38.92,"b":5.41,"ms":4.71,"wi":61.93,"ei":9.19,"as":614.3,"mi":"E","mv":220717,"sc":2,"lpe":75.98,"lpr":2394.91,"lq":1.28,"d":4618},{"pi":"3965","pc":"Товары для дома","ss":100000,"td":"Центр города","dc":2,"n":683.34,"vc":"более 1 000 000","sl":"Низкий","sv":"более 2 000","p":4960.0,"q":28.58,"b":4.52,"ms":10.33,"wi":50.57,"ei":6.85,"as":545.07,"mi":"E","mv":19927,"sc":1,"lpe":89.67,"lpr":1855.41,"lq":1.06,"d":676},{"pi":"3965","pc":"Товары для дома","ss":100000,"td":"Центр города","dc":8,"n":63.99,"vc":"около 5 000","sl":"Элитный","sv":"около 50","p":8000.0,"q":42.37,"b":0.0,"ms":0.19,"wi":25.85,"ei":4.86,"as":167.58,"mi":"E","mv":23620,"sc":1,"lpe":99.81,"lpr":2017.32,"lq":1.0,"d":654},{"pi":"3965","pc":"Товары для дома","ss":100000,"td":"Центр города","dc":2,"n":686.14,"vc":"более 1 000 000","sl":"Низкий","sv":"около 10 000","p":3740.0,"q":28.58,"b":4.52,"ms":29.94,"wi":43.27,"ei":5.67,"as":599.6,"mi":"E","mv":29501,"sc":1,"lpe":70.06,"lpr":1092.93,"lq":1.07,"d":1065},{"pi":"3965","pc":"Товары для дома","ss":100000,"td":"Центр города","dc":1,"n":561.15,"vc":"около 500 000","sl":"Очень высокий","sv":"менее 50","p":25000.0,"q":27.09,"b":0.0,"ms":0.04,"wi":61.21,"ei":5.85,"as":457.01,"mi":"E","mv":46076,"sc":1,"lpe":99.96,"lpr":4846.06,"lq":1.0,"d":773},{"pi":"3965","pc":"Товары для дома","ss":10000,"td":"Центр города","dc":1,"n":293.04,"vc":"более 2 000","sl":"Элитный","sv":"около 50","p":33000.0,"q":22.24,"b":0.0,"ms":3.24,"wi":65.16,"ei":6.07,"as":504.13,"mi":"E","mv":1543,"sc":1,"lpe":96.76,"lpr":11368.08,"lq":1.0,"d":206},{"pi":"3965","pc":"Товары для дома","ss":100000,"td":"Фешенебельный район","dc":1,"n":647.57,"vc":"более 200 000","sl":"Элитный","sv":"около 5 000","p":26000.0,"q":41.56,"b":3.59,"ms":5.51,"wi":48.55,"ei":13.47,"as":398.49,"mi":"E","mv":91792,"sc":3,"lpe":94.48,"lpr":6216.81,"lq":1.0,"d":2831},{"pi":"3965","pc":"Товары для дома","ss":100000,"td":"Центр города","dc":1,"n":591.72,"vc":"около 1 000 000","sl":"Нормальный","sv":"менее 50","p":35999.99,"q":21.64,"b":2.4,"ms":0.01,"wi":48.55,"ei":13.47,"as":398.49,"mi":"E","mv":91792,"sc":3,"lpe":94.48,"lpr":6216.81,"lq":1.0,"d":2831},{"pi":"3965","pc":"Товары для дома","ss":100000,"td":"Фешенебельный район","dc":6,"n":371.97,"vc":"более 10 000","sl":"Элитный","sv":"менее 50","p":10000.0,"q":16.79,"b":0.0,"ms":0.0,"wi":48.55,"ei":13.47,"as":398.49,"mi":"E","mv":91792,"sc":3,"lpe":94.48,"lpr":6216.81,"lq":1.0,"d":2831},{"pi":"3965","pc":"Товары для дома","ss":100000,"td":"Центр города","dc":1,"n":570.15,"vc":"более 300 000","sl":"Элитный","sv":"около 500","p":10000.0,"q":33.46,"b":0.36,"ms":4.26,"wi":47.26,"ei":5.95,"as":452.56,"mi":"E","mv":14077,"sc":1,"lpe":95.74,"lpr":2847.62,"lq":1.0,"d":501},{"pi":"3965","pc":"Товары для дома","ss":10000,"td":"Центр города","dc":3,"n":306.47,"vc":"около 10 000","sl":"Элитный","sv":"около 300","p":7746.48,"q":18.51,"b":0.0,"ms":1.08,"wi":14.14,"ei":9.49,"as":277.36,"mi":"E","mv":27759,"sc":1,"lpe":98.92,"lpr":2239.89,"lq":1.0,"d":2826},{"pi":"3965","pc":"Товары для дома","ss":100000,"td":"Центр города","dc":3,"n":362.19,"vc":"около 100 000","sl":"Элитный","sv":"около 5 000","p":3400.0,"q":27.93,"b":0.0,"ms":16.06,"wi":21.66,"ei":13.94,"as":274.27,"mi":"E","mv":42345,"sc":1,"lpe":83.94,"lpr":2329.48,"lq":1.29,"d":6021},{"pi":"3965","pc":"Товары для дома","ss":100000,"td":"Центр города","dc":1,"n":583.03,"vc":"около 500 000","sl":"Элитный","sv":"около 500","p":150000.0,"q":27.92,"b":0.23,"ms":2.62,"wi":153.98,"ei":9.67,"as":1800.45,"mi":"E","mv":20132,"sc":1,"lpe":97.38,"lpr":42189.82,"lq":1.0,"d":853},{"pi":"3965","pc":"Товары для дома","ss":500,"td":"Центр города","dc":1,"n":119.37,"vc":"около 50","sl":"Элитный","sv":"менее 50","p":9999.99,"q":7.1,"b":0.61,"ms":0.13,"wi":82.3,"ei":7.0,"as":786.76,"mi":"E","mv":777,"sc":1,"lpe":99.87,"lpr":11098.23,"lq":1.0,"d":142},{"pi":"3965","pc":"Товары для дома","ss":1000,"td":"Центр города","dc":1,"n":453.15,"vc":"около 5 000","sl":"Нормальный","sv":"около 100","p":185000.0,"q":27.92,"b":0.0,"ms":0.29,"wi":128.78,"ei":11.53,"as":708.9,"mi":"E","mv":29121,"sc":1,"lpe":99.71,"lpr":38403.83,"lq":1.0,"d":1430},{"pi":"3965","pc":"Товары для дома","ss":100000,"td":"Центр города","dc":2,"n":283.94,"vc":"около 50 000","sl":"Элитный","sv":"около 5 000","p":40000.0,"q":16.7,"b":0.0,"ms":3.38,"wi":60.17,"ei":10.56,"as":378.1,"mi":"E","mv":127230,"sc":2,"lpe":96.46,"lpr":21966.72,"lq":1.0,"d":6232},{"pi":"3965","pc":"Товары для дома","ss":100000,"td":"Центр города","dc":9,"n":365.85,"vc":"более 100 000","sl":"Нормальный","sv":"около 200","p":41000.0,"q":23.64,"b":0.81,"ms":0.16,"wi":60.17,"ei":10.56,"as":378.1,"mi":"E","mv":127230,"sc":2,"lpe":96.46,"lpr":21966.72,"lq":1.0,"d":6232},{"pi":"3965","pc":"Товары для дома","ss":100000,"td":"Центр города","dc":2,"n":638.18,"vc":"около 500 000","sl":"Очень высокий","sv":"более 100","p":7000.0,"q":9.48,"b":3.45,"ms":6.0,"wi":16.88,"ei":6.14,"as":342.07,"mi":"E","mv":2234,"sc":1,"lpe":94.0,"lpr":1473.98,"lq":1.0,"d":416},{"pi":"3965","pc":"Товары для дома","ss":100000,"td":"Центр города","dc":3,"n":357.93,"vc":"более 100 000","sl":"Очень высокий","sv":"более 1 000","p":6000.0,"q":10.74,"b":0.98,"ms":1.69,"wi":103.3,"ei":6.86,"as":986.71,"mi":"E","mv":88030,"sc":2,"lpe":98.08,"lpr":16748.62,"lq":1.0,"d":2516},{"pi":"3965","pc":"Товары для дома","ss":100000,"td":"Центр города","dc":1,"n":538.39,"vc":"около 500 000","sl":"Очень высокий","sv":"около 200","p":50000.0,"q":27.39,"b":0.86,"ms":0.23,"wi":103.3,"ei":6.86,"as":986.71,"mi":"E","mv":88030,"sc":2,"lpe":98.08,"lpr":16748.62,"lq":1.0,"d":2516},{"pi":"3965","pc":"Товары для дома","ss":100000,"td":"Центр города","dc":2,"n":508.89,"vc":"более 200 000","sl":"Низкий","sv":"около 500","p":8000.0,"q":22.37,"b":0.21,"ms":1.97,"wi":48.24,"ei":14.26,"as":399.87,"mi":"E","mv":25368,"sc":1,"lpe":98.03,"lpr":3757.69,"lq":1.0,"d":1446},{"pi":"3965","pc":"Товары для дома","ss":100000,"td":"Центр города","dc":2,"n":485.3,"vc":"более 200 000","sl":"Очень высокий","sv":"около 1 000","p":22000.0,"q":17.51,"b":0.0,"ms":2.22,"wi":78.29,"ei":8.28,"as":555.07,"mi":"E","mv":37984,"sc":2,"lpe":97.77,"lpr":6769.08,"lq":1.0,"d":847},{"pi":"3965","pc":"Товары для дома","ss":100000,"td":"Центр города","dc":6,"n":478.22,"vc":"более 100 000","sl":"Очень низкий","sv":"менее 50","p":10000.0,"q":16.79,"b":0.0,"ms":0.01,"wi":78.29,"ei":8.28,"as":555.07,"mi":"E","mv":37984,"sc":2,"lpe":97.77,"lpr":6769.08,"lq":1.0,"d":847},{"pi":"3965","pc":"Товары для дома","ss":100000,"td":"Фешенебельный район","dc":9,"n":428.47,"vc":"более 20 000","sl":"Очень высокий","sv":"около 200","p":41000.0,"q":23.64,"b":2.73,"ms":0.25,"wi":66.49,"ei":11.25,"as":422.13,"mi":"E","mv":80276,"sc":5,"lpe":96.53,"lpr":10308.49,"lq":1.11,"d":1852},{"pi":"3965","pc":"Товары для дома","ss":100000,"td":"Центр города","dc":1,"n":580.79,"vc":"около 500 000","sl":"Очень высокий","sv":"более 100","p":65000.0,"q":21.64,"b":2.73,"ms":0.23,"wi":66.49,"ei":11.25,"as":422.13,"mi":"E","mv":80276,"sc":5,"lpe":96.53,"lpr":10308.49,"lq":1.11,"d":1852},{"pi":"3965","pc":"Товары для дома","ss":100000,"td":"Центр города","dc":2,"n":532.27,"vc":"около 500 000","sl":"Очень высокий","sv":"более 100","p":55000.0,"q":17.51,"b":0.0,"ms":0.15,"wi":66.49,"ei":11.25,"as":422.13,"mi":"E","mv":80276,"sc":5,"lpe":96.53,"lpr":10308.49,"lq":1.11,"d":1852},{"pi":"3965","pc":"Товары для дома","ss":100000,"td":"Центр города","dc":1,"n":447.09,"vc":"более 100 000","sl":"Элитный","sv":"более 10 000","p":12250.0,"q":22.03,"b":0.0,"ms":32.05,"wi":79.93,"ei":8.4,"as":865.82,"mi":"E","mv":55566,"sc":4,"lpe":67.24,"lpr":3845.42,"lq":2.18,"d":1983},{"pi":"3965","pc":"Товары для дома","ss":100000,"td":"Центр города","dc":2,"n":456.96,"vc":"более 100 000","sl":"Элитный","sv":"около 200","p":12000.0,"q":17.51,"b":0.0,"ms":0.36,"wi":79.93,"ei":8.4,"as":865.82,"mi":"E","mv":55566,"sc":4,"lpe":67.24,"lpr":3845.42,"lq":2.18,"d":1983},{"pi":"3965","pc":"Товары для дома","ss":100000,"td":"Фешенебельный район","dc":1,"n":30.27,"vc":"около 500","sl":"Элитный","sv":"более 100","p":12000.0,"q":22.63,"b":0.0,"ms":0.29,"wi":79.93,"ei":8.4,"as":865.82,"mi":"E","mv":55566,"sc":4,"lpe":67.24,"lpr":3845.42,"lq":2.18,"d":1983},{"pi":"3965","pc":"Товары для дома","ss":10000,"td":"Спальный район","dc":3,"n":165.42,"vc":"более 1 000","sl":"Элитный","sv":"менее 50","p":15000.0,"q":24.52,"b":0.0,"ms":0.01,"wi":79.93,"ei":8.4,"as":865.82,"mi":"E","mv":55566,"sc":4,"lpe":67.24,"lpr":3845.42,"lq":2.18,"d":1983},{"pi":"3965","pc":"Товары для дома","ss":100000,"td":"Центр города","dc":2,"n":559.07,"vc":"около 500 000","sl":"Очень высокий","sv":"около 500","p":25000.0,"q":17.51,"b":0.0,"ms":4.39,"wi":52.72,"ei":6.41,"as":269.05,"mi":"E","mv":11377,"sc":1,"lpe":95.61,"lpr":8318.43,"lq":1.0,"d":616},{"pi":"3965","pc":"Товары для дома","ss":100000,"td":"Центр города","dc":1,"n":663.63,"vc":"более 1 000 000","sl":"Высокий","sv":"более 2 000","p":12000.0,"q":22.0,"b":0.0,"ms":23.03,"wi":73.23,"ei":8.34,"as":986.88,"mi":"E","mv":10854,"sc":1,"lpe":58.54,"lpr":3709.68,"lq":2.54,"d":469},{"pi":"3965","pc":"Товары для дома","ss":10000,"td":"Фешенебельный район","dc":10,"n":663.68,"vc":"более 20 000","sl":"Низкий","sv":"менее 50","p":41491.19,"q":16.11,"b":0.0,"ms":0.01,"wi":62.99,"ei":8.75,"as":542.06,"mi":"E","mv":50253,"sc":3,"lpe":99.99,"lpr":7592.26,"lq":1.0,"d":2349},{"pi":"3965","pc":"Товары для дома","ss":10000,"td":"Спальный район","dc":1,"n":507.53,"vc":"около 50 000","sl":"Очень высокий","sv":"около 100","p":40000.0,"q":27.39,"b":0.6,"ms":0.06,"wi":84.34,"ei":6.6,"as":536.85,"mi":"E","mv":179539,"sc":2,"lpe":99.89,"lpr":9988.67,"lq":1.0,"d":3367},{"pi":"3965","pc":"Товары для дома","ss":10000,"td":"Спальный район","dc":1,"n":498.95,"vc":"около 50 000","sl":"Очень высокий","sv":"около 100","p":40000.0,"q":27.39,"b":0.6,"ms":0.06,"wi":84.34,"ei":6.6,"as":536.85,"mi":"E","mv":179539,"sc":2,"lpe":99.89,"lpr":9988.67,"lq":1.0,"d":3367},{"pi":"3965","pc":"Товары для дома","ss":100000,"td":"Центр города","dc":1,"n":466.27,"vc":"более 100 000","sl":"Элитный","sv":"около 1 000","p":15000.0,"q":33.46,"b":0.0,"ms":4.53,"wi":133.29,"ei":12.92,"as":4489.32,"mi":"E","mv":22088,"sc":2,"lpe":50.2,"lpr":13880.88,"lq":7.22,"d":940},{"pi":"3965","pc":"Товары для дома","ss":100000,"td":"Центр города","dc":1,"n":466.54,"vc":"более 100 000","sl":"Элитный","sv":"около 1 000","p":20000.0,"q":33.46,"b":0.0,"ms":3.81,"wi":150.0,"ei":13.64,"as":4851.15,"mi":"E","mv":26280,"sc":1,"lpe":96.19,"lpr":32606.14,"lq":1.0,"d":890},{"pi":"3965","pc":"Товары для дома","ss":100000,"td":"Центр города","dc":2,"n":558.25,"vc":"около 500 000","sl":"Низкий","sv":"около 1 000","p":7500.0,"q":17.51,"b":0.0,"ms":7.89,"wi":32.49,"ei":7.79,"as":564.88,"mi":"E","mv":12670,"sc":1,"lpe":92.11,"lpr":6714.61,"lq":1.0,"d":2529},{"pi":"3965","pc":"Товары для дома","ss":100000,"td":"Пригород","dc":10,"n":129.94,"vc":"более 1 000","sl":"Элитный","sv":"более 200","p":440.0,"q":13.59,"b":0.0,"ms":3.9,"wi":12.05,"ei":5.59,"as":307.09,"mi":"E","mv":7187,"sc":1,"lpe":96.1,"lpr":637.01,"lq":1.0,"d":625},{"pi":"3965","pc":"Товары для дома","ss":100000,"td":"Фешенебельный район","dc":1,"n":684.78,"vc":"более 100 000","sl":"Элитный","sv":"около 1 000","p":15000.0,"q":33.46,"b":0.36,"ms":6.78,"wi":42.51,"ei":10.5,"as":816.76,"mi":"E","mv":14748,"sc":1,"lpe":93.22,"lpr":5353.01,"lq":1.0,"d":2532},{"pi":"3965","pc":"Товары для дома","ss":100000,"td":"Спальный район","dc":1,"n":584.17,"vc":"около 500 000","sl":"Элитный","sv":"менее 50","p":40000.0,"q":29.98,"b":1.17,"ms":0.0,"wi":66.92,"ei":7.09,"as":492.29,"mi":"E","mv":21429,"sc":1,"lpe":100.0,"lpr":7782.29,"lq":1.0,"d":722},{"pi":"3965","pc":"Товары для дома","ss":100000,"td":"Центр города","dc":1,"n":541.03,"vc":"более 200 000","sl":"Элитный","sv":"более 1 000","p":15000.0,"q":33.46,"b":0.36,"ms":4.63,"wi":40.44,"ei":6.34,"as":216.87,"mi":"E","mv":25503,"sc":1,"lpe":95.37,"lpr":3259.07,"lq":1.0,"d":1495},{"pi":"3965","pc":"Товары для дома","ss":100000,"td":"Фешенебельный район","dc":1,"n":457.67,"vc":"около 50 000","sl":"Элитный","sv":"около 500","p":30000.0,"q":23.59,"b":2.96,"ms":0.25,"wi":60.74,"ei":5.73,"as":513.33,"mi":"E","mv":290755,"sc":5,"lpe":92.16,"lpr":15334.05,"lq":1.0,"d":9704},{"pi":"3965","pc":"Товары для дома","ss":100000,"td":"Фешенебельный район","dc":10,"n":622.83,"vc":"более 200 000","sl":"Низкий","sv":"более 200","p":50252.4,"q":14.9,"b":0.58,"ms":0.08,"wi":60.74,"ei":5.73,"as":513.33,"mi":"E","mv":290755,"sc":5,"lpe":92.16,"lpr":15334.05,"lq":1.0,"d":9704},{"pi":"3965","pc":"Товары для дома","ss":100000,"td":"Центр города","dc":10,"n":622.83,"vc":"более 2 000 000","sl":"Очень низкий","sv":"более 200","p":50252.4,"q":14.9,"b":0.58,"ms":0.08,"wi":60.74,"ei":5.73,"as":513.33,"mi":"E","mv":290755,"sc":5,"lpe":92.16,"lpr":15334.05,"lq":1.0,"d":9704},{"pi":"3965","pc":"Товары для дома","ss":100000,"td":"Центр города","dc":9,"n":315.84,"vc":"более 100 000","sl":"Низкий","sv":"около 200","p":31000.0,"q":23.64,"b":2.96,"ms":0.07,"wi":60.74,"ei":5.73,"as":513.33,"mi":"E","mv":290755,"sc":5,"lpe":92.16,"lpr":15334.05,"lq":1.0,"d":9704},{"pi":"3965","pc":"Товары для дома","ss":1000,"td":"Центр города","dc":1,"n":380.23,"vc":"около 5 000","sl":"Высокий","sv":"около 500","p":11000.0,"q":21.86,"b":0.19,"ms":0.45,"wi":66.62,"ei":7.76,"as":564.62,"mi":"E","mv":89937,"sc":4,"lpe":98.89,"lpr":15578.54,"lq":1.0,"d":3493},{"pi":"3965","pc":"Товары для дома","ss":100000,"td":"Спальный район","dc":1,"n":539.34,"vc":"около 500 000","sl":"Очень высокий","sv":"около 200","p":40000.0,"q":27.39,"b":0.8,"ms":0.22,"wi":66.62,"ei":7.76,"as":564.62,"mi":"E","mv":89937,"sc":4,"lpe":98.89,"lpr":15578.54,"lq":1.0,"d":3493},{"pi":"3965","pc":"Товары для дома","ss":100000,"td":"Центр города","dc":9,"n":388.67,"vc":"более 100 000","sl":"Нормальный","sv":"около 200","p":48000.0,"q":23.64,"b":3.69,"ms":0.22,"wi":66.62,"ei":7.76,"as":564.62,"mi":"E","mv":89937,"sc":4,"lpe":98.89,"lpr":15578.54,"lq":1.0,"d":3493},{"pi":"3965","pc":"Товары для дома","ss":100000,"td":"Центр города","dc":1,"n":525.83,"vc":"около 500 000","sl":"Элитный","sv":"около 200","p":40000.0,"q":27.39,"b":0.8,"ms":0.22,"wi":66.62,"ei":7.76,"as":564.62,"mi":"E","mv":89937,"sc":4,"lpe":98.89,"lpr":15578.54,"lq":1.0,"d":3493},{"pi":"3965","pc":"Товары для дома","ss":100000,"td":"Центр города","dc":1,"n":523.75,"vc":"около 500 000","sl":"Элитный","sv":"около 2 000","p":70000.0,"q":27.39,"b":0.75,"ms":1.83,"wi":75.37,"ei":9.56,"as":419.1,"mi":"E","mv":109340,"sc":4,"lpe":97.83,"lpr":24051.66,"lq":1.0,"d":3663},{"pi":"3965","pc":"Товары для дома","ss":100000,"td":"Центр города","dc":9,"n":650.07,"vc":"более 1 000 000","sl":"Очень низкий","sv":"более 100","p":73369.33,"q":14.9,"b":0.67,"ms":0.17,"wi":75.37,"ei":9.56,"as":419.1,"mi":"E","mv":109340,"sc":4,"lpe":97.83,"lpr":24051.66,"lq":1.0,"d":3663},{"pi":"3965","pc":"Товары для дома","ss":100000,"td":"Центр города","dc":1,"n":516.74,"vc":"около 500 000","sl":"Очень высокий","sv":"более 100","p":150000.0,"q":27.92,"b":0.23,"ms":0.17,"wi":75.37,"ei":9.56,"as":419.1,"mi":"E","mv":109340,"sc":4,"lpe":97.83,"lpr":24051.66,"lq":1.0,"d":3663},{"pi":"3965","pc":"Товары для дома","ss":100000,"td":"Центр города","dc":6,"n":107.79,"vc":"около 10 000","sl":"Элитный","sv":"менее 50","p":15000.0,"q":16.79,"b":0.0,"ms":0.0,"wi":75.37,"ei":9.56,"as":419.1,"mi":"E","mv":109340,"sc":4,"lpe":97.83,"lpr":24051.66,"lq":1.0,"d":3663},{"pi":"3965","pc":"Товары для дома","ss":100000,"td":"Центр города","dc":1,"n":465.68,"vc":"более 200 000","sl":"Элитный","sv":"около 50 000","p":150000.0,"q":27.92,"b":0.23,"ms":20.02,"wi":100.43,"ei":12.79,"as":804.73,"mi":"E","mv":163279,"sc":4,"lpe":75.87,"lpr":35832.4,"lq":1.46,"d":4137},{"pi":"3965","pc":"Товары для дома","ss":100000,"td":"Центр города","dc":1,"n":504.49,"vc":"около 500 000","sl":"Очень высокий","sv":"около 5 000","p":150000.0,"q":27.39,"b":0.75,"ms":2.45,"wi":100.43,"ei":12.79,"as":804.73,"mi":"E","mv":163279,"sc":4,"lpe":75.87,"lpr":35832.4,"lq":1.46,"d":4137},{"pi":"3965","pc":"Товары для дома","ss":100000,"td":"Спальный район","dc":9,"n":370.95,"vc":"около 100 000","sl":"Очень высокий","sv":"около 200","p":50000.0,"q":23.64,"b":3.45,"ms":0.12,"wi":100.43,"ei":12.79,"as":804.73,"mi":"E","mv":163279,"sc":4,"lpe":75.87,"lpr":35832.4,"lq":1.46,"d":4137},{"pi":"3965","pc":"Товары для дома","ss":100000,"td":"Окраина","dc":10,"n":418.04,"vc":"около 100 000","sl":"Высокий","sv":"около 200","p":50000.0,"q":23.64,"b":3.45,"ms":0.37,"wi":146.31,"ei":15.52,"as":2307.77,"mi":"E","mv":54487,"sc":3,"lpe":99.39,"lpr":48213.8,"lq":1.0,"d":2095},{"pi":"3965","pc":"Товары для дома","ss":100000,"td":"Центр города","dc":1,"n":415.76,"vc":"более 100 000","sl":"Элитный","sv":"более 100","p":185000.0,"q":27.92,"b":0.23,"ms":0.19,"wi":146.31,"ei":15.52,"as":2307.77,"mi":"E","mv":54487,"sc":3,"lpe":99.39,"lpr":48213.8,"lq":1.0,"d":2095},{"pi":"3965","pc":"Товары для дома","ss":100000,"td":"Центр города","dc":5,"n":533.06,"vc":"около 500 000","sl":"Низкий","sv":"менее 50","p":170000.0,"q":17.59,"b":0.0,"ms":0.06,"wi":146.31,"ei":15.52,"as":2307.77,"mi":"E","mv":54487,"sc":3,"lpe":99.39,"lpr":48213.8,"lq":1.0,"d":2095},{"pi":"3965","pc":"Товары для дома","ss":500,"td":"Спальный район","dc":1,"n":132.03,"vc":"более 100","sl":"Элитный","sv":"менее 50","p":9999.99,"q":6.06,"b":0.66,"ms":0.02,"wi":36.78,"ei":7.4,"as":274.72,"mi":"E","mv":5304,"sc":1,"lpe":99.98,"lpr":5756.71,"lq":1.0,"d":399},{"pi":"3965","pc":"Товары для дома","ss":100000,"td":"Центр города","dc":10,"n":675.34,"vc":"более 1 000 000","sl":"Очень низкий","sv":"более 100","p":73373.0,"q":14.92,"b":0.01,"ms":0.35,"wi":76.09,"ei":6.5,"as":327.59,"mi":"E","mv":50873,"sc":1,"lpe":99.65,"lpr":14477.23,"lq":1.0,"d":1541},{"pi":"3965","pc":"Товары для дома","ss":10000,"td":"Центр города","dc":1,"n":300.88,"vc":"более 10 000","sl":"Элитный","sv":"около 5 000","p":55500.0,"q":22.24,"b":1.59,"ms":3.74,"wi":132.97,"ei":9.27,"as":1723.67,"mi":"E","mv":177453,"sc":9,"lpe":92.4,"lpr":40413.83,"lq":1.0,"d":8477},{"pi":"3965","pc":"Товары для дома","ss":100000,"td":"Центр города","dc":1,"n":433.71,"vc":"более 200 000","sl":"Элитный","sv":"около 5 000","p":110000.0,"q":17.26,"b":0.01,"ms":2.42,"wi":132.97,"ei":9.27,"as":1723.67,"mi":"E","mv":177453,"sc":9,"lpe":92.4,"lpr":40413.83,"lq":1.0,"d":8477},{"pi":"3965","pc":"Товары для дома","ss":100000,"td":"Центр города","dc":1,"n":433.83,"vc":"около 500 000","sl":"Элитный","sv":"более 1 000","p":130000.0,"q":26.22,"b":0.07,"ms":0.73,"wi":132.97,"ei":9.27,"as":1723.67,"mi":"E","mv":177453,"sc":9,"lpe":92.4,"lpr":40413.83,"lq":1.0,"d":8477},{"pi":"3965","pc":"Товары для дома","ss":100000,"td":"Спальный район","dc":1,"n":505.42,"vc":"около 500 000","sl":"Очень высокий","sv":"около 500","p":100000.0,"q":27.39,"b":0.75,"ms":0.28,"wi":132.97,"ei":9.27,"as":1723.67,"mi":"E","mv":177453,"sc":9,"lpe":92.4,"lpr":40413.83,"lq":1.0,"d":8477},{"pi":"3965","pc":"Товары для дома","ss":100000,"td":"Центр города","dc":1,"n":424.25,"vc":"около 500 000","sl":"Элитный","sv":"около 500","p":140000.0,"q":27.91,"b":0.23,"ms":0.25,"wi":132.97,"ei":9.27,"as":1723.67,"mi":"E","mv":177453,"sc":9,"lpe":92.4,"lpr":40413.83,"lq":1.0,"d":8477},{"pi":"3965","pc":"Товары для дома","ss":100000,"td":"Окраина","dc":9,"n":310.03,"vc":"около 50 000","sl":"Очень высокий","sv":"около 200","p":60000.0,"q":23.64,"b":3.45,"ms":0.11,"wi":132.97,"ei":9.27,"as":1723.67,"mi":"E","mv":177453,"sc":9,"lpe":92.4,"lpr":40413.83,"lq":1.0,"d":8477},{"pi":"3965","pc":"Товары для дома","ss":100000,"td":"Центр города","dc":4,"n":511.68,"vc":"около 500 000","sl":"Низкий","sv":"более 100","p":118000.0,"q":9.98,"b":0.0,"ms":0.06,"wi":132.97,"ei":9.27,"as":1723.67,"mi":"E","mv":177453,"sc":9,"lpe":92.4,"lpr":40413.83,"lq":1.0,"d":8477},{"pi":"3965","pc":"Товары для дома","ss":100000,"td":"Центр города","dc":1,"n":448.95,"vc":"более 300 000","sl":"Элитный","sv":"менее 50","p":185000.0,"q":27.91,"b":0.23,"ms":0.01,"wi":132.97,"ei":9.27,"as":1723.67,"mi":"E","mv":177453,"sc":9,"lpe":92.4,"lpr":40413.83,"lq":1.0,"d":8477},{"pi":"3965","pc":"Товары для дома","ss":100000,"td":"Спальный район","dc":1,"n":505.42,"vc":"около 500 000","sl":"Элитный","sv":"менее 50","p":100000.0,"q":29.98,"b":1.1,"ms":0.0,"wi":132.97,"ei":9.27,"as":1723.67,"mi":"E","mv":177453,"sc":9,"lpe":92.4,"lpr":40413.83,"lq":1.0,"d":8477},{"pi":"3965","pc":"Товары для дома","ss":100000,"td":"Фешенебельный район","dc":1,"n":670.88,"vc":"более 200 000","sl":"Элитный","sv":"более 10 000","p":20000.0,"q":41.57,"b":3.84,"ms":12.75,"wi":93.64,"ei":6.95,"as":590.98,"mi":"E","mv":103119,"sc":1,"lpe":87.25,"lpr":5058.18,"lq":2.77,"d":2212},{"pi":"3965","pc":"Товары для дома","ss":100000,"td":"Центр города","dc":1,"n":448.44,"vc":"около 500 000","sl":"Очень высокий","sv":"более 20 000","p":85000.0,"q":17.4,"b":0.0,"ms":5.19,"wi":108.19,"ei":6.67,"as":874.7,"mi":"E","mv":521645,"sc":3,"lpe":92.6,"lpr":27726.12,"lq":1.0,"d":12114},{"pi":"3965","pc":"Товары для дома","ss":100000,"td":"Центр города","dc":1,"n":577.93,"vc":"более 1 000 000","sl":"Нормальный","sv":"около 10 000","p":35000.0,"q":39.08,"b":4.47,"ms":1.92,"wi":108.19,"ei":6.67,"as":874.7,"mi":"E","mv":521645,"sc":3,"lpe":92.6,"lpr":27726.12,"lq":1.0,"d":12114},{"pi":"3965","pc":"Товары для дома","ss":100000,"td":"Центр города","dc":2,"n":306.06,"vc":"более 100 000","sl":"Элитный","sv":"более 1 000","p":6000.0,"q":21.67,"b":0.0,"ms":0.29,"wi":108.19,"ei":6.67,"as":874.7,"mi":"E","mv":521645,"sc":3,"lpe":92.6,"lpr":27726.12,"lq":1.0,"d":12114},{"pi":"3965","pc":"Товары для дома","ss":10000,"td":"Центр города","dc":1,"n":277.43,"vc":"более 10 000","sl":"Высокий","sv":"около 100","p":7955.09,"q":27.93,"b":0.0,"ms":0.01,"wi":33.37,"ei":5.09,"as":182.41,"mi":"E","mv":898365,"sc":2,"lpe":99.99,"lpr":3327.07,"lq":1.0,"d":22072},{"pi":"3965","pc":"Товары для дома","ss":100000,"td":"Спальный район","dc":1,"n":93.04,"vc":"более 10 000","sl":"Элитный","sv":"менее 50","p":2870.0,"q":21.85,"b":0.75,"ms":0.0,"wi":33.37,"ei":5.09,"as":182.41,"mi":"E","mv":898365,"sc":2,"lpe":99.99,"lpr":3327.07,"lq":1.0,"d":22072},{"pi":"3965","pc":"Товары для дома","ss":10000,"td":"Спальный район","dc":1,"n":446.57,"vc":"более 10 000","sl":"Очень высокий","sv":"менее 50","p":15000.0,"q":42.51,"b":0.0,"ms":0.01,"wi":11.29,"ei":4.42,"as":231.65,"mi":"E","mv":12835,"sc":1,"lpe":99.99,"lpr":2120.34,"lq":1.0,"d":2079},{"pi":"3965","pc":"Товары для дома","ss":100000,"td":"Центр города","dc":1,"n":417.11,"vc":"около 500 000","sl":"Элитный","sv":"около 50","p":23000.0,"q":14.28,"b":0.0,"ms":0.01,"wi":52.01,"ei":4.8,"as":338.83,"mi":"E","mv":635650,"sc":2,"lpe":99.99,"lpr":4505.77,"lq":1.0,"d":11930},{"pi":"3965","pc":"Товары для дома","ss":100000,"td":"Центр города","dc":1,"n":245.45,"vc":"около 50 000","sl":"Элитный","sv":"менее 50","p":22000.0,"q":16.95,"b":0.0,"ms":0.0,"wi":52.01,"ei":4.8,"as":338.83,"mi":"E","mv":635650,"sc":2,"lpe":99.99,"lpr":4505.77,"lq":1.0,"d":11930},{"pi":"3965","pc":"Товары для дома","ss":10000,"td":"Центр города","dc":3,"n":529.89,"vc":"более 20 000","sl":"Высокий","sv":"около 50","p":25000.0,"q":42.33,"b":0.0,"ms":0.63,"wi":27.58,"ei":5.63,"as":336.93,"mi":"E","mv":6718,"sc":1,"lpe":99.37,"lpr":4152.21,"lq":1.0,"d":471},{"pi":"3965","pc":"Товары для дома","ss":10000,"td":"Центр города","dc":1,"n":526.28,"vc":"более 20 000","sl":"Элитный","sv":"более 100","p":160000.0,"q":9.98,"b":0.0,"ms":0.83,"wi":128.02,"ei":8.73,"as":1034.79,"mi":"E","mv":21967,"sc":1,"lpe":99.17,"lpr":58254.0,"lq":1.0,"d":811},{"pi":"3965","pc":"Товары для дома","ss":10000,"td":"Спальный район","dc":4,"n":370.39,"vc":"более 10 000","sl":"Очень высокий","sv":"около 2 000","p":11980.52,"q":18.51,"b":3.56,"ms":2.83,"wi":71.42,"ei":6.52,"as":865.93,"mi":"E","mv":70634,"sc":1,"lpe":97.17,"lpr":6148.47,"lq":1.0,"d":1560},{"pi":"3965","pc":"Товары для дома","ss":100000,"td":"Спальный район","dc":1,"n":600.17,"vc":"около 500 000","sl":"Очень высокий","sv":"менее 50","p":150000.0,"q":27.91,"b":0.23,"ms":0.0,"wi":94.66,"ei":5.73,"as":634.32,"mi":"E","mv":35703,"sc":1,"lpe":100.0,"lpr":21170.53,"lq":1.0,"d":1375},{"pi":"3965","pc":"Товары для дома","ss":100000,"td":"Центр города","dc":1,"n":434.55,"vc":"более 200 000","sl":"Элитный","sv":"более 200","p":150000.0,"q":27.92,"b":0.23,"ms":0.4,"wi":105.14,"ei":8.27,"as":1023.96,"mi":"E","mv":57615,"sc":2,"lpe":98.69,"lpr":34465.44,"lq":1.0,"d":2847},{"pi":"3965","pc":"Товары для дома","ss":100000,"td":"Центр города","dc":2,"n":612.65,"vc":"около 1 000 000","sl":"Нормальный","sv":"около 500","p":23779.2,"q":18.99,"b":0.0,"ms":1.01,"wi":50.17,"ei":6.4,"as":344.62,"mi":"E","mv":39226,"sc":1,"lpe":98.99,"lpr":5798.2,"lq":1.0,"d":788},{"pi":"3965","pc":"Товары для дома","ss":100000,"td":"Центр города","dc":1,"n":574.18,"vc":"более 200 000","sl":"Элитный","sv":"менее 50","p":40000.0,"q":29.98,"b":2.3,"ms":0.01,"wi":54.01,"ei":6.2,"as":316.93,"mi":"E","mv":12817,"sc":1,"lpe":99.99,"lpr":6325.03,"lq":1.0,"d":311},{"pi":"3965","pc":"Товары для дома","ss":100000,"td":"Центр города","dc":1,"n":586.54,"vc":"около 500 000","sl":"Элитный","sv":"менее 50","p":35000.0,"q":29.98,"b":2.3,"ms":0.01,"wi":85.11,"ei":6.1,"as":334.94,"mi":"E","mv":10697,"sc":1,"lpe":99.99,"lpr":4538.26,"lq":1.0,"d":351},{"pi":"3965","pc":"Товары для дома","ss":100000,"td":"Центр города","dc":2,"n":454.97,"vc":"более 100 000","sl":"Элитный","sv":"около 5 000","p":30100.0,"q":17.43,"b":0.0,"ms":17.86,"wi":95.22,"ei":7.84,"as":648.74,"mi":"E","mv":40776,"sc":2,"lpe":81.8,"lpr":9163.57,"lq":4.82,"d":1471},{"pi":"3965","pc":"Товары для дома","ss":100000,"td":"Фешенебельный район","dc":10,"n":665.98,"vc":"более 200 000","sl":"Низкий","sv":"более 200","p":50259.74,"q":14.9,"b":0.04,"ms":1.26,"wi":43.02,"ei":4.91,"as":235.89,"mi":"E","mv":18361,"sc":2,"lpe":97.48,"lpr":11003.51,"lq":1.0,"d":2085},{"pi":"3965","pc":"Товары для дома","ss":100000,"td":"Центр города","dc":10,"n":666.0,"vc":"более 1 000 000","sl":"Очень низкий","sv":"более 200","p":50259.74,"q":14.9,"b":0.04,"ms":1.26,"wi":43.02,"ei":4.91,"as":235.89,"mi":"E","mv":18361,"sc":2,"lpe":97.48,"lpr":11003.51,"lq":1.0,"d":2085},{"pi":"3965","pc":"Товары для дома","ss":10000,"td":"Центр города","dc":1,"n":596.74,"vc":"около 50 000","sl":"Низкий","sv":"более 1 000","p":2030.0,"q":16.22,"b":0.9,"ms":1.77,"wi":14.08,"ei":12.83,"as":261.92,"mi":"E","mv":62642,"sc":1,"lpe":96.45,"lpr":1724.06,"lq":1.0,"d":13413},{"pi":"3965","pc":"Товары для дома","ss":100000,"td":"Фешенебельный район","dc":10,"n":677.69,"vc":"более 100 000","sl":"Нормальный","sv":"менее 50","p":44612.36,"q":17.85,"b":0.09,"ms":0.01,"wi":29.71,"ei":4.42,"as":165.13,"mi":"E","mv":9417,"sc":2,"lpe":99.96,"lpr":6100.1,"lq":1.0,"d":1358},{"pi":"3965","pc":"Товары для дома","ss":100000,"td":"Фешенебельный район","dc":10,"n":677.67,"vc":"более 100 000","sl":"Нормальный","sv":"менее 50","p":44610.79,"q":17.85,"b":0.09,"ms":0.01,"wi":29.71,"ei":4.42,"as":165.13,"mi":"E","mv":9417,"sc":2,"lpe":99.96,"lpr":6100.1,"lq":1.0,"d":1358},{"pi":"3965","pc":"Товары для дома","ss":100000,"td":"Центр города","dc":3,"n":607.98,"vc":"около 500 000","sl":"Нормальный","sv":"более 1 000","p":8397.81,"q":18.36,"b":3.56,"ms":6.11,"wi":43.39,"ei":4.17,"as":254.56,"mi":"E","mv":28918,"sc":1,"lpe":93.89,"lpr":1770.91,"lq":1.0,"d":592},{"pi":"3965","pc":"Товары для дома","ss":100000,"td":"Фешенебельный район","dc":1,"n":666.38,"vc":"более 300 000","sl":"Элитный","sv":"около 5 000","p":26000.0,"q":41.52,"b":3.95,"ms":5.02,"wi":47.55,"ei":12.32,"as":481.26,"mi":"E","mv":76165,"sc":2,"lpe":94.98,"lpr":5002.19,"lq":1.0,"d":2667},{"pi":"3965","pc":"Товары для дома","ss":100000,"td":"Центр города","dc":10,"n":379.63,"vc":"более 100 000","sl":"Высокий","sv":"менее 50","p":30599.96,"q":22.94,"b":1.37,"ms":0.0,"wi":47.55,"ei":12.32,"as":481.26,"mi":"E","mv":76165,"sc":2,"lpe":94.98,"lpr":5002.19,"lq":1.0,"d":2667},{"pi":"3965","pc":"Товары для дома","ss":100000,"td":"Центр города","dc":1,"n":449.97,"vc":"около 500 000","sl":"Очень высокий","sv":"около 100 000","p":14000.0,"q":43.26,"b":3.14,"ms":11.73,"wi":91.03,"ei":12.41,"as":652.46,"mi":"E","mv":668403,"sc":6,"lpe":80.43,"lpr":9219.02,"lq":4.93,"d":15986},{"pi":"3965","pc":"Товары для дома","ss":100000,"td":"Центр города","dc":1,"n":464.14,"vc":"около 500 000","sl":"Низкий","sv":"более 20 000","p":36000.0,"q":27.11,"b":2.84,"ms":3.51,"wi":91.03,"ei":12.41,"as":652.46,"mi":"E","mv":668403,"sc":6,"lpe":80.43,"lpr":9219.02,"lq":4.93,"d":15986},{"pi":"3965","pc":"Товары для дома","ss":100000,"td":"Фешенебельный район","dc":1,"n":582.64,"vc":"более 200 000","sl":"Элитный","sv":"более 10 000","p":52000.0,"q":41.57,"b":2.78,"ms":1.65,"wi":91.03,"ei":12.41,"as":652.46,"mi":"E","mv":668403,"sc":6,"lpe":80.43,"lpr":9219.02,"lq":4.93,"d":15986},{"pi":"3965","pc":"Товары для дома","ss":100000,"td":"Центр города","dc":1,"n":562.76,"vc":"более 1 000 000","sl":"Нормальный","sv":"около 10 000","p":25000.0,"q":39.08,"b":4.82,"ms":1.5,"wi":91.03,"ei":12.41,"as":652.46,"mi":"E","mv":668403,"sc":6,"lpe":80.43,"lpr":9219.02,"lq":4.93,"d":15986},{"pi":"3965","pc":"Товары для дома","ss":100000,"td":"Фешенебельный район","dc":1,"n":623.12,"vc":"около 500 000","sl":"Элитный","sv":"более 1 000","p":70000.0,"q":36.27,"b":4.87,"ms":0.19,"wi":91.03,"ei":12.41,"as":652.46,"mi":"E","mv":668403,"sc":6,"lpe":80.43,"lpr":9219.02,"lq":4.93,"d":15986},{"pi":"3965","pc":"Товары для дома","ss":100000,"td":"Фешенебельный район","dc":1,"n":623.11,"vc":"около 500 000","sl":"Элитный","sv":"более 1 000","p":70000.0,"q":35.65,"b":4.87,"ms":0.17,"wi":91.03,"ei":12.41,"as":652.46,"mi":"E","mv":668403,"sc":6,"lpe":80.43,"lpr":9219.02,"lq":4.93,"d":15986},{"pi":"3965","pc":"Товары для дома","ss":10000,"td":"Центр города","dc":1,"n":141.34,"vc":"около 5 000","sl":"Элитный","sv":"около 500","p":60000.0,"q":22.24,"b":0.8,"ms":0.16,"wi":117.9,"ei":6.83,"as":721.28,"mi":"E","mv":230661,"sc":2,"lpe":99.73,"lpr":32179.91,"lq":1.0,"d":4698},{"pi":"3965","pc":"Товары для дома","ss":100000,"td":"Центр города","dc":1,"n":369.31,"vc":"более 100 000","sl":"Элитный","sv":"более 200","p":150000.0,"q":27.92,"b":0.0,"ms":0.11,"wi":117.9,"ei":6.83,"as":721.28,"mi":"E","mv":230661,"sc":2,"lpe":99.73,"lpr":32179.91,"lq":1.0,"d":4698},{"pi":"3965","pc":"Товары для дома","ss":100000,"td":"Центр города","dc":1,"n":447.98,"vc":"более 100 000","sl":"Элитный","sv":"около 1 000","p":12000.0,"q":33.46,"b":0.0,"ms":2.2,"wi":60.41,"ei":8.56,"as":400.24,"mi":"E","mv":45553,"sc":1,"lpe":97.8,"lpr":7569.19,"lq":1.0,"d":1589},{"pi":"3965","pc":"Товары для дома","ss":500,"td":"Фешенебельный район","dc":1,"n":744.78,"vc":"около 100","sl":"Элитный","sv":"менее 50","p":13000.0,"q":36.22,"b":8.53,"ms":14.08,"wi":44.58,"ei":9.3,"as":3618.26,"mi":"E","mv":213,"sc":2,"lpe":62.44,"lpr":5431.87,"lq":3.08,"d":68},{"pi":"3965","pc":"Товары для дома","ss":500,"td":"Центр города","dc":1,"n":438.46,"vc":"более 100","sl":"Элитный","sv":"менее 50","p":11999.99,"q":16.83,"b":0.0,"ms":9.39,"wi":44.58,"ei":9.3,"as":3618.26,"mi":"E","mv":213,"sc":2,"lpe":62.44,"lpr":5431.87,"lq":3.08,"d":68},{"pi":"3965","pc":"Товары для дома","ss":10000,"td":"Фешенебельный район","dc":1,"n":645.77,"vc":"около 10 000","sl":"Элитный","sv":"более 10 000","p":8476.0,"q":18.05,"b":0.0,"ms":36.88,"wi":87.23,"ei":6.01,"as":483.13,"mi":"E","mv":28839,"sc":1,"lpe":63.12,"lpr":4379.49,"lq":2.12,"d":1376},{"pi":"3965","pc":"Товары для дома","ss":10000,"td":"Спальный район","dc":2,"n":616.21,"vc":"более 20 000","sl":"Очень высокий","sv":"около 1 000","p":7612.58,"q":18.51,"b":3.56,"ms":14.59,"wi":53.55,"ei":3.26,"as":255.26,"mi":"E","mv":5210,"sc":1,"lpe":85.41,"lpr":3084.67,"lq":1.53,"d":197},{"pi":"3965","pc":"Товары для дома","ss":100000,"td":"Фешенебельный район","dc":10,"n":645.08,"vc":"более 200 000","sl":"Низкий","sv":"более 100","p":59815.48,"q":14.9,"b":0.28,"ms":0.15,"wi":64.5,"ei":14.69,"as":1178.45,"mi":"E","mv":126124,"sc":1,"lpe":99.85,"lpr":16072.19,"lq":1.0,"d":4918},{"pi":"3965","pc":"Товары для дома","ss":100000,"td":"Центр города","dc":10,"n":418.77,"vc":"более 100 000","sl":"Очень низкий","sv":"около 50","p":40000.0,"q":20.15,"b":1.46,"ms":0.06,"wi":60.82,"ei":10.27,"as":909.2,"mi":"E","mv":50204,"sc":3,"lpe":99.88,"lpr":8861.92,"lq":1.0,"d":2215},{"pi":"3965","pc":"Товары для дома","ss":100000,"td":"Центр города","dc":1,"n":515.79,"vc":"более 200 000","sl":"Элитный","sv":"менее 50","p":29322.22,"q":24.7,"b":0.08,"ms":0.01,"wi":68.54,"ei":16.36,"as":1196.71,"mi":"E","mv":17576,"sc":1,"lpe":99.96,"lpr":5356.07,"lq":1.0,"d":693},{"pi":"3965","pc":"Товары для дома","ss":10000,"td":"Центр города","dc":3,"n":159.59,"vc":"более 1 000","sl":"Элитный","sv":"около 50","p":17000.0,"q":20.41,"b":0.0,"ms":0.19,"wi":62.57,"ei":13.98,"as":1863.8,"mi":"E","mv":38066,"sc":2,"lpe":99.7,"lpr":5982.45,"lq":1.0,"d":787},{"pi":"3965","pc":"Товары для дома","ss":10000,"td":"Спальный район","dc":3,"n":158.68,"vc":"более 1 000","sl":"Элитный","sv":"около 50","p":16900.0,"q":20.41,"b":0.0,"ms":0.11,"wi":62.57,"ei":13.98,"as":1863.8,"mi":"E","mv":38066,"sc":2,"lpe":99.7,"lpr":5982.45,"lq":1.0,"d":787},{"pi":"3965","pc":"Товары для дома","ss":100000,"td":"Центр города","dc":2,"n":675.53,"vc":"более 1 000 000","sl":"Нормальный","sv":"около 5 000","p":2000.0,"q":28.58,"b":4.85,"ms":29.49,"wi":38.2,"ei":6.16,"as":367.72,"mi":"E","mv":14024,"sc":1,"lpe":70.51,"lpr":1684.01,"lq":1.13,"d":1077},{"pi":"3965","pc":"Товары для дома","ss":100000,"td":"Центр города","dc":2,"n":666.7,"vc":"более 1 000 000","sl":"Низкий","sv":"около 5 000","p":2380.0,"q":28.58,"b":4.85,"ms":19.94,"wi":38.82,"ei":9.28,"as":428.03,"mi":"E","mv":22521,"sc":1,"lpe":80.06,"lpr":2098.02,"lq":1.14,"d":2002},{"pi":"3965","pc":"Товары для дома","ss":100000,"td":"Центр города","dc":3,"n":665.33,"vc":"более 1 000 000","sl":"Очень низкий","sv":"более 1 000","p":2160.0,"q":28.58,"b":4.85,"ms":5.12,"wi":37.43,"ei":9.03,"as":427.1,"mi":"E","mv":31079,"sc":1,"lpe":94.88,"lpr":3079.05,"lq":1.0,"d":1137},{"pi":"3965","pc":"Товары для дома","ss":100000,"td":"Окраина","dc":2,"n":441.95,"vc":"более 100 000","sl":"Высокий","sv":"около 100","p":17500.0,"q":17.51,"b":0.0,"ms":0.41,"wi":54.97,"ei":6.55,"as":534.15,"mi":"E","mv":24110,"sc":2,"lpe":97.15,"lpr":9003.0,"lq":1.0,"d":1278},{"pi":"3965","pc":"Товары для дома","ss":100000,"td":"Центр города","dc":1,"n":572.4,"vc":"около 500 000","sl":"Очень высокий","sv":"около 100","p":48000.0,"q":27.39,"b":0.9,"ms":0.27,"wi":80.59,"ei":6.94,"as":418.95,"mi":"E","mv":36979,"sc":1,"lpe":99.73,"lpr":9677.09,"lq":1.0,"d":793},{"pi":"3965","pc":"Товары для дома","ss":1000,"td":"Центр города","dc":4,"n":474.01,"vc":"более 2 000","sl":"Низкий","sv":"более 200","p":7800.0,"q":19.15,"b":0.0,"ms":5.71,"wi":52.0,"ei":4.19,"as":731.38,"mi":"E","mv":3921,"sc":1,"lpe":94.29,"lpr":7795.73,"lq":1.0,"d":827},{"pi":"3965","pc":"Товары для дома","ss":500,"td":"Центр города","dc":1,"n":105.62,"vc":"более 100","sl":"Элитный","sv":"менее 50","p":11999.99,"q":9.2,"b":0.65,"ms":0.07,"wi":80.52,"ei":8.2,"as":766.39,"mi":"E","mv":8078,"sc":1,"lpe":99.93,"lpr":13591.68,"lq":1.0,"d":532},{"pi":"3965","pc":"Товары для дома","ss":10000,"td":"Центр города","dc":3,"n":435.73,"vc":"более 10 000","sl":"Высокий","sv":"около 500","p":5550.0,"q":17.97,"b":0.0,"ms":3.53,"wi":49.49,"ei":5.7,"as":783.51,"mi":"E","mv":14157,"sc":3,"lpe":93.64,"lpr":4027.9,"lq":1.0,"d":374},{"pi":"3965","pc":"Товары для дома","ss":10000,"td":"Центр города","dc":3,"n":440.42,"vc":"более 10 000","sl":"Высокий","sv":"около 500","p":4400.0,"q":17.97,"b":0.0,"ms":2.83,"wi":49.49,"ei":5.7,"as":783.51,"mi":"E","mv":14157,"sc":3,"lpe":93.64,"lpr":4027.9,"lq":1.0,"d":374},{"pi":"3965","pc":"Товары для дома","ss":100000,"td":"Фешенебельный район","dc":2,"n":488.31,"vc":"около 50 000","sl":"Элитный","sv":"около 1 000","p":6000.0,"q":22.63,"b":0.0,"ms":2.02,"wi":92.4,"ei":6.12,"as":343.0,"mi":"E","mv":49441,"sc":1,"lpe":97.98,"lpr":13073.63,"lq":1.0,"d":995},{"pi":"3965","pc":"Товары для дома","ss":10000,"td":"Спальный район","dc":3,"n":482.26,"vc":"более 10 000","sl":"Высокий","sv":"более 1 000","p":18143.64,"q":18.51,"b":3.15,"ms":2.35,"wi":108.24,"ei":7.46,"as":1400.18,"mi":"E","mv":68206,"sc":2,"lpe":96.92,"lpr":19651.67,"lq":1.0,"d":1661},{"pi":"3965","pc":"Товары для дома","ss":100000,"td":"Спальный район","dc":1,"n":556.73,"vc":"около 500 000","sl":"Элитный","sv":"около 500","p":50000.0,"q":27.39,"b":1.01,"ms":0.73,"wi":108.24,"ei":7.46,"as":1400.18,"mi":"E","mv":68206,"sc":2,"lpe":96.92,"lpr":19651.67,"lq":1.0,"d":1661},{"pi":"3965","pc":"Товары для дома","ss":100000,"td":"Центр города","dc":2,"n":521.24,"vc":"более 200 000","sl":"Очень высокий","sv":"более 1 000","p":3750.0,"q":13.45,"b":0.0,"ms":6.42,"wi":50.37,"ei":3.0,"as":214.48,"mi":"E","mv":21328,"sc":3,"lpe":90.06,"lpr":3963.3,"lq":1.29,"d":491},{"pi":"3965","pc":"Товары для дома","ss":10000,"td":"Центр города","dc":2,"n":460.18,"vc":"более 10 000","sl":"Очень высокий","sv":"около 1 000","p":1111.11,"q":27.93,"b":0.0,"ms":3.52,"wi":50.37,"ei":3.0,"as":214.48,"mi":"E","mv":21328,"sc":3,"lpe":90.06,"lpr":3963.3,"lq":1.29,"d":491},{"pi":"3965","pc":"Товары для дома","ss":10000,"td":"Спальный район","dc":3,"n":224.41,"vc":"более 2 000","sl":"Элитный","sv":"около 100","p":2596.65,"q":18.51,"b":0.0,"ms":1.26,"wi":7.69,"ei":7.21,"as":345.03,"mi":"E","mv":7950,"sc":1,"lpe":98.74,"lpr":1274.18,"lq":1.0,"d":1700}]