[{"pi":"7093","pc":"Промышленные товары","ss":1000,"td":"Центр города","dc":1,"n":516.89,"vc":"около 5 000","sl":"Нормальный","sv":"более 1 000","p":40000.0,"q":36.38,"b":0.0,"ms":3.89,"wi":112.04,"ei":5.7,"as":525.47,"mi":"E","mv":40895,"sc":2,"lpe":96.11,"lpr":11791.17,"lq":1.0,"d":632},{"pi":"7093","pc":"Промышленные товары","ss":1000,"td":"Центр города","dc":1,"n":104.29,"vc":"около 500","sl":"Элитный","sv":"менее 50","p":43631.27,"q":23.0,"b":0.0,"ms":0.0,"wi":112.04,"ei":5.7,"as":525.47,"mi":"E","mv":40895,"sc":2,"lpe":96.11,"lpr":11791.17,"lq":1.0,"d":632},{"pi":"7093","pc":"Промышленные товары","ss":1000,"td":"Центр города","dc":1,"n":80.39,"vc":"более 1 000","sl":"Элитный","sv":"около 50","p":39000.0,"q":31.89,"b":0.0,"ms":0.06,"wi":75.85,"ei":12.1,"as":729.22,"mi":"E","mv":59115,"sc":2,"lpe":99.93,"lpr":6924.43,"lq":1.0,"d":1235},{"pi":"7093","pc":"Промышленные товары","ss":1000,"td":"Фешенебельный район","dc":1,"n":78.31,"vc":"около 100","sl":"Элитный","sv":"менее 50","p":27631.53,"q":23.05,"b":0.0,"ms":0.0,"wi":75.85,"ei":12.1,"as":729.22,"mi":"E","mv":59115,"sc":2,"lpe":99.93,"lpr":6924.43,"lq":1.0,"d":1235},{"pi":"7093","pc":"Промышленные товары","ss":100000,"td":"Центр города","dc":1,"n":416.4,"vc":"более 100 000","sl":"Элитный","sv":"менее 50","p":60000.0,"q":18.1,"b":0.15,"ms":0.02,"wi":60.32,"ei":7.58,"as":403.37,"mi":"E","mv":137321,"sc":2,"lpe":99.98,"lpr":10742.37,"lq":1.0,"d":2108},{"pi":"7093","pc":"Промышленные товары","ss":10000,"td":"Центр города","dc":1,"n":22.07,"vc":"более 1 000","sl":"Элитный","sv":"менее 50","p":20970.66,"q":23.05,"b":0.0,"ms":0.0,"wi":60.32,"ei":7.58,"as":403.37,"mi":"E","mv":137321,"sc":2,"lpe":99.98,"lpr":10742.37,"lq":1.0,"d":2108},{"pi":"7093","pc":"Промышленные товары","ss":100000,"td":"Центр города","dc":1,"n":616.91,"vc":"более 1 000 000","sl":"Нормальный","sv":"более 20 000","p":12000.0,"q":46.68,"b":5.5,"ms":11.84,"wi":82.91,"ei":6.91,"as":1080.49,"mi":"E","mv":211158,"sc":1,"lpe":88.16,"lpr":10725.42,"lq":2.01,"d":5342},{"pi":"7093","pc":"Промышленные товары","ss":100000,"td":"Фешенебельный район","dc":1,"n":463.27,"vc":"более 20 000","sl":"Элитный","sv":"около 5 000","p":20000.0,"q":40.21,"b":5.93,"ms":8.42,"wi":143.39,"ei":7.29,"as":661.55,"mi":"E","mv":59397,"sc":1,"lpe":91.58,"lpr":6934.78,"lq":1.0,"d":1029},{"pi":"7093","pc":"Промышленные товары","ss":100000,"td":"Центр города","dc":1,"n":532.21,"vc":"более 200 000","sl":"Элитный","sv":"около 2 000","p":15000.0,"q":40.21,"b":5.93,"ms":7.06,"wi":78.18,"ei":10.65,"as":989.97,"mi":"E","mv":28328,"sc":2,"lpe":88.35,"lpr":5039.4,"lq":2.75,"d":709},{"pi":"7093","pc":"Промышленные товары","ss":100000,"td":"Спальный район","dc":3,"n":514.79,"vc":"более 100 000","sl":"Очень высокий","sv":"более 1 000","p":6000.0,"q":32.58,"b":3.41,"ms":4.59,"wi":78.18,"ei":10.65,"as":989.97,"mi":"E","mv":28328,"sc":2,"lpe":88.35,"lpr":5039.4,"lq":2.75,"d":709},{"pi":"7093","pc":"Промышленные товары","ss":10000,"td":"Фешенебельный район","dc":1,"n":75.3,"vc":"более 200","sl":"Элитный","sv":"менее 50","p":26441.14,"q":23.05,"b":0.0,"ms":0.0,"wi":59.46,"ei":5.22,"as":274.68,"mi":"E","mv":154556,"sc":1,"lpe":100.0,"lpr":6802.28,"lq":1.0,"d":2794},{"pi":"7093","pc":"Промышленные товары","ss":1000,"td":"Фешенебельный район","dc":1,"n":71.54,"vc":"около 50","sl":"Элитный","sv":"более 200","p":7000.0,"q":40.22,"b":5.11,"ms":3.21,"wi":24.38,"ei":4.86,"as":316.4,"mi":"E","mv":8845,"sc":1,"lpe":96.79,"lpr":2197.1,"lq":1.0,"d":580},{"pi":"7093","pc":"Промышленные товары","ss":100000,"td":"Центр города","dc":1,"n":625.17,"vc":"более 1 000 000","sl":"Нормальный","sv":"около 10 000","p":4000.0,"q":46.68,"b":6.11,"ms":17.4,"wi":37.55,"ei":6.21,"as":298.77,"mi":"E","mv":57470,"sc":2,"lpe":82.53,"lpr":5416.96,"lq":1.81,"d":3530},{"pi":"7093","pc":"Промышленные товары","ss":100000,"td":"Центр города","dc":10,"n":663.63,"vc":"более 2 000 000","sl":"Очень низкий","sv":"около 50","p":25506.11,"q":24.81,"b":0.03,"ms":0.07,"wi":37.55,"ei":6.21,"as":298.77,"mi":"E","mv":57470,"sc":2,"lpe":82.53,"lpr":5416.96,"lq":1.81,"d":3530},{"pi":"7093","pc":"Промышленные товары","ss":1000,"td":"Центр города","dc":1,"n":12.1,"vc":"около 50","sl":"Элитный","sv":"менее 50","p":6978.31,"q":1.05,"b":0.0,"ms":0.0,"wi":52.19,"ei":7.34,"as":456.45,"mi":"E","mv":76941,"sc":1,"lpe":100.0,"lpr":6280.48,"lq":1.0,"d":1836},{"pi":"7093","pc":"Промышленные товары","ss":100000,"td":"Фешенебельный район","dc":1,"n":531.99,"vc":"около 50 000","sl":"Элитный","sv":"около 5 000","p":20000.0,"q":40.21,"b":5.93,"ms":4.63,"wi":164.51,"ei":10.67,"as":1516.17,"mi":"E","mv":108032,"sc":5,"lpe":95.31,"lpr":21064.83,"lq":1.0,"d":1885},{"pi":"7093","pc":"Промышленные товары","ss":100000,"td":"Фешенебельный район","dc":1,"n":700.38,"vc":"более 200 000","sl":"Элитный","sv":"менее 50","p":143000.0,"q":41.45,"b":0.0,"ms":0.02,"wi":164.51,"ei":10.67,"as":1516.17,"mi":"E","mv":108032,"sc":5,"lpe":95.31,"lpr":21064.83,"lq":1.0,"d":1885},{"pi":"7093","pc":"Промышленные товары","ss":100000,"td":"Центр города","dc":1,"n":505.77,"vc":"около 500 000","sl":"Элитный","sv":"менее 50","p":140000.0,"q":49.77,"b":4.95,"ms":0.02,"wi":164.51,"ei":10.67,"as":1516.17,"mi":"E","mv":108032,"sc":5,"lpe":95.31,"lpr":21064.83,"lq":1.0,"d":1885},{"pi":"7093","pc":"Промышленные товары","ss":100000,"td":"Центр города","dc":1,"n":504.46,"vc":"более 200 000","sl":"Элитный","sv":"менее 50","p":140000.0,"q":49.77,"b":4.95,"ms":0.02,"wi":164.51,"ei":10.67,"as":1516.17,"mi":"E","mv":108032,"sc":5,"lpe":95.31,"lpr":21064.83,"lq":1.0,"d":1885},{"pi":"7093","pc":"Промышленные товары","ss":10000,"td":"Центр города","dc":1,"n":22.22,"vc":"более 1 000","sl":"Элитный","sv":"менее 50","p":30594.14,"q":23.05,"b":0.0,"ms":0.0,"wi":164.51,"ei":10.67,"as":1516.17,"mi":"E","mv":108032,"sc":5,"lpe":95.31,"lpr":21064.83,"lq":1.0,"d":1885},{"pi":"7093","pc":"Промышленные товары","ss":1000,"td":"Центр города","dc":1,"n":507.2,"vc":"около 5 000","sl":"Нормальный","sv":"около 5 000","p":9000.0,"q":40.21,"b":5.65,"ms":5.9,"wi":61.55,"ei":11.03,"as":913.67,"mi":"E","mv":84767,"sc":2,"lpe":94.09,"lpr":7510.55,"lq":1.0,"d":12392},{"pi":"7093","pc":"Промышленные товары","ss":1000,"td":"Спальный район","dc":1,"n":241.06,"vc":"более 1 000","sl":"Элитный","sv":"менее 50","p":27500.0,"q":9.61,"b":0.0,"ms":0.01,"wi":61.55,"ei":11.03,"as":913.67,"mi":"E","mv":84767,"sc":2,"lpe":94.09,"lpr":7510.55,"lq":1.0,"d":12392},{"pi":"7093","pc":"Промышленные товары","ss":100000,"td":"Центр города","dc":2,"n":682.12,"vc":"более 1 000 000","sl":"Очень низкий","sv":"менее 50","p":21131.81,"q":23.05,"b":0.0,"ms":0.01,"wi":72.41,"ei":6.56,"as":684.14,"mi":"E","mv":19539,"sc":1,"lpe":99.99,"lpr":3446.84,"lq":1.0,"d":397},{"pi":"7093","pc":"Промышленные товары","ss":100000,"td":"Центр города","dc":10,"n":661.35,"vc":"более 1 000 000","sl":"Очень низкий","sv":"менее 50","p":24260.34,"q":24.66,"b":0.0,"ms":0.04,"wi":13.53,"ei":4.37,"as":286.06,"mi":"E","mv":5483,"sc":1,"lpe":99.96,"lpr":3705.47,"lq":1.0,"d":1145},{"pi":"7093","pc":"Промышленные товары","ss":100000,"td":"Центр города","dc":3,"n":427.52,"vc":"более 100 000","sl":"Элитный","sv":"около 300","p":1444.41,"q":36.48,"b":0.0,"ms":3.48,"wi":7.36,"ei":4.12,"as":161.41,"mi":"E","mv":8630,"sc":2,"lpe":96.51,"lpr":2008.16,"lq":1.0,"d":4029},{"pi":"7093","pc":"Промышленные товары","ss":100000,"td":"Пригород","dc":10,"n":490.88,"vc":"около 100 000","sl":"Очень высокий","sv":"менее 50","p":4861.49,"q":4.74,"b":0.0,"ms":0.01,"wi":7.36,"ei":4.12,"as":161.41,"mi":"E","mv":8630,"sc":2,"lpe":96.51,"lpr":2008.16,"lq":1.0,"d":4029},{"pi":"7093","pc":"Промышленные товары","ss":500,"td":"Центр города","dc":1,"n":128.84,"vc":"более 200","sl":"Элитный","sv":"около 200","p":2900.0,"q":30.98,"b":0.0,"ms":1.89,"wi":14.59,"ei":11.84,"as":214.25,"mi":"E","mv":10571,"sc":1,"lpe":98.11,"lpr":2402.82,"lq":1.0,"d":2504},{"pi":"7093","pc":"Промышленные товары","ss":100000,"td":"Центр города","dc":3,"n":513.74,"vc":"более 200 000","sl":"Высокий","sv":"менее 50","p":11300.0,"q":27.83,"b":0.14,"ms":0.06,"wi":14.0,"ei":5.01,"as":238.54,"mi":"E","mv":8584,"sc":1,"lpe":99.94,"lpr":1327.12,"lq":1.0,"d":734},{"pi":"7093","pc":"Промышленные товары","ss":100000,"td":"Центр города","dc":1,"n":605.67,"vc":"около 500 000","sl":"Элитный","sv":"около 5 000","p":10000.0,"q":40.21,"b":5.93,"ms":22.07,"wi":74.46,"ei":10.04,"as":1361.71,"mi":"E","mv":17178,"sc":1,"lpe":77.93,"lpr":2590.02,"lq":2.5,"d":541},{"pi":"7093","pc":"Промышленные товары","ss":100000,"td":"Фешенебельный район","dc":9,"n":687.22,"vc":"около 500 000","sl":"Низкий","sv":"менее 50","p":26893.76,"q":27.6,"b":0.3,"ms":0.0,"wi":31.11,"ei":15.07,"as":449.38,"mi":"E","mv":101501,"sc":3,"lpe":99.99,"lpr":3514.49,"lq":1.0,"d":4857},{"pi":"7093","pc":"Промышленные товары","ss":100000,"td":"Центр города","dc":3,"n":369.37,"vc":"более 100 000","sl":"Элитный","sv":"менее 50","p":25000.0,"q":28.9,"b":0.89,"ms":0.0,"wi":31.11,"ei":15.07,"as":449.38,"mi":"E","mv":101501,"sc":3,"lpe":99.99,"lpr":3514.49,"lq":1.0,"d":4857},{"pi":"7093","pc":"Промышленные товары","ss":100000,"td":"Центр города","dc":3,"n":369.37,"vc":"более 100 000","sl":"Элитный","sv":"менее 50","p":25000.0,"q":28.95,"b":0.89,"ms":0.0,"wi":31.11,"ei":15.07,"as":449.38,"mi":"E","mv":101501,"sc":3,"lpe":99.99,"lpr":3514.49,"lq":1.0,"d":4857},{"pi":"7093","pc":"Промышленные товары","ss":100000,"td":"Центр города","dc":3,"n":602.33,"vc":"около 1 000 000","sl":"Низкий","sv":"менее 50","p":26000.0,"q":25.18,"b":0.0,"ms":0.01,"wi":57.77,"ei":9.84,"as":399.03,"mi":"E","mv":170046,"sc":1,"lpe":99.99,"lpr":3964.9,"lq":1.0,"d":3316},{"pi":"7093","pc":"Промышленные товары","ss":100000,"td":"Центр города","dc":1,"n":517.93,"vc":"более 200 000","sl":"Элитный","sv":"более 1 000","p":25000.0,"q":36.48,"b":0.0,"ms":6.07,"wi":93.35,"ei":7.05,"as":574.67,"mi":"E","mv":22599,"sc":1,"lpe":93.93,"lpr":7655.4,"lq":1.0,"d":533},{"pi":"7093","pc":"Промышленные товары","ss":1000,"td":"Фешенебельный район","dc":1,"n":692.01,"vc":"более 1 000","sl":"Элитный","sv":"около 500","p":1500.0,"q":40.21,"b":7.47,"ms":32.01,"wi":34.04,"ei":8.95,"as":849.54,"mi":"E","mv":1562,"sc":1,"lpe":67.99,"lpr":428.19,"lq":1.04,"d":222},{"pi":"7093","pc":"Промышленные товары","ss":1000,"td":"Центр города","dc":1,"n":57.06,"vc":"около 500","sl":"Элитный","sv":"менее 50","p":25905.78,"q":23.05,"b":0.0,"ms":0.0,"wi":63.62,"ei":6.37,"as":335.74,"mi":"E","mv":122154,"sc":1,"lpe":100.0,"lpr":6683.61,"lq":1.0,"d":2140},{"pi":"7093","pc":"Промышленные товары","ss":1000,"td":"Фешенебельный район","dc":1,"n":335.28,"vc":"более 200","sl":"Элитный","sv":"более 1 000","p":5000.0,"q":34.88,"b":2.68,"ms":4.9,"wi":24.66,"ei":8.47,"as":192.56,"mi":"E","mv":34047,"sc":2,"lpe":92.17,"lpr":1631.87,"lq":1.0,"d":5338},{"pi":"7093","pc":"Промышленные товары","ss":1000,"td":"Центр города","dc":1,"n":569.59,"vc":"около 10 000","sl":"Низкий","sv":"около 1 000","p":5000.0,"q":40.21,"b":5.52,"ms":2.94,"wi":24.66,"ei":8.47,"as":192.56,"mi":"E","mv":34047,"sc":2,"lpe":92.17,"lpr":1631.87,"lq":1.0,"d":5338},{"pi":"7093","pc":"Промышленные товары","ss":100000,"td":"Центр города","dc":1,"n":599.44,"vc":"более 1 000 000","sl":"Нормальный","sv":"около 50 000","p":7000.0,"q":41.48,"b":4.67,"ms":9.36,"wi":105.21,"ei":13.87,"as":803.35,"mi":"E","mv":534345,"sc":4,"lpe":88.76,"lpr":6749.64,"lq":5.94,"d":9315},{"pi":"7093","pc":"Промышленные товары","ss":100000,"td":"Спальный район","dc":1,"n":305.5,"vc":"около 50 000","sl":"Элитный","sv":"около 10 000","p":7000.0,"q":40.21,"b":4.5,"ms":1.87,"wi":105.21,"ei":13.87,"as":803.35,"mi":"E","mv":534345,"sc":4,"lpe":88.76,"lpr":6749.64,"lq":5.94,"d":9315},{"pi":"7093","pc":"Промышленные товары","ss":10000,"td":"Центр города","dc":1,"n":304.27,"vc":"более 10 000","sl":"Нормальный","sv":"около 50","p":22000.0,"q":23.46,"b":0.0,"ms":0.01,"wi":105.21,"ei":13.87,"as":803.35,"mi":"E","mv":534345,"sc":4,"lpe":88.76,"lpr":6749.64,"lq":5.94,"d":9315},{"pi":"7093","pc":"Промышленные товары","ss":10000,"td":"Центр города","dc":1,"n":93.96,"vc":"более 2 000","sl":"Элитный","sv":"менее 50","p":21654.43,"q":23.05,"b":0.0,"ms":0.0,"wi":105.21,"ei":13.87,"as":803.35,"mi":"E","mv":534345,"sc":4,"lpe":88.76,"lpr":6749.64,"lq":5.94,"d":9315},{"pi":"7093","pc":"Промышленные товары","ss":10000,"td":"Центр города","dc":2,"n":293.64,"vc":"более 10 000","sl":"Элитный","sv":"около 1 000","p":1888.81,"q":36.48,"b":0.0,"ms":0.47,"wi":57.42,"ei":5.96,"as":448.87,"mi":"E","mv":214167,"sc":2,"lpe":99.3,"lpr":8003.38,"lq":1.0,"d":5974},{"pi":"7093","pc":"Промышленные товары","ss":100000,"td":"Центр города","dc":2,"n":428.41,"vc":"более 200 000","sl":"Очень высокий","sv":"около 500","p":38900.0,"q":31.58,"b":0.65,"ms":0.23,"wi":57.42,"ei":5.96,"as":448.87,"mi":"E","mv":214167,"sc":2,"lpe":99.3,"lpr":8003.38,"lq":1.0,"d":5974},{"pi":"7093","pc":"Промышленные товары","ss":100000,"td":"Фешенебельный район","dc":1,"n":470.71,"vc":"около 50 000","sl":"Элитный","sv":"около 10 000","p":3500.0,"q":36.48,"b":0.0,"ms":9.56,"wi":30.3,"ei":4.22,"as":201.79,"mi":"E","mv":79643,"sc":1,"lpe":90.44,"lpr":863.76,"lq":1.0,"d":1919},{"pi":"7093","pc":"Промышленные товары","ss":1000,"td":"Фешенебельный район","dc":1,"n":372.12,"vc":"более 200","sl":"Элитный","sv":"менее 50","p":4500.0,"q":32.58,"b":2.68,"ms":0.01,"wi":23.35,"ei":7.51,"as":308.94,"mi":"E","mv":15073,"sc":1,"lpe":99.99,"lpr":1767.19,"lq":1.0,"d":610},{"pi":"7093","pc":"Промышленные товары","ss":10000,"td":"Центр города","dc":1,"n":96.97,"vc":"около 5 000","sl":"Элитный","sv":"менее 50","p":26055.7,"q":23.05,"b":0.0,"ms":0.0,"wi":89.8,"ei":6.71,"as":470.88,"mi":"E","mv":323545,"sc":1,"lpe":100.0,"lpr":14179.33,"lq":1.0,"d":4994},{"pi":"7093","pc":"Промышленные товары","ss":10000,"td":"Центр города","dc":1,"n":317.56,"vc":"около 10 000","sl":"Элитный","sv":"около 500","p":21000.0,"q":24.54,"b":0.0,"ms":0.59,"wi":28.96,"ei":5.25,"as":307.54,"mi":"E","mv":65419,"sc":1,"lpe":99.41,"lpr":4604.7,"lq":1.0,"d":2906},{"pi":"7093","pc":"Промышленные товары","ss":100000,"td":"Центр города","dc":1,"n":644.54,"vc":"около 1 000 000","sl":"Высокий","sv":"более 1 000","p":25000.0,"q":36.5,"b":0.0,"ms":5.91,"wi":108.54,"ei":6.2,"as":659.98,"mi":"E","mv":31987,"sc":1,"lpe":94.09,"lpr":8110.4,"lq":1.02,"d":628},{"pi":"7093","pc":"Промышленные товары","ss":1000,"td":"Фешенебельный район","dc":1,"n":685.77,"vc":"более 1 000","sl":"Элитный","sv":"около 200","p":2000.0,"q":40.21,"b":7.47,"ms":8.17,"wi":30.77,"ei":9.26,"as":896.34,"mi":"E","mv":2447,"sc":1,"lpe":91.83,"lpr":551.1,"lq":1.0,"d":104},{"pi":"7093","pc":"Промышленные товары","ss":500,"td":"Центр города","dc":1,"n":680.75,"vc":"более 1 000","sl":"Низкий","sv":"более 1 000","p":2000.0,"q":40.21,"b":7.47,"ms":45.82,"wi":57.24,"ei":8.33,"as":1106.11,"mi":"E","mv":3274,"sc":1,"lpe":54.18,"lpr":1233.6,"lq":1.22,"d":892},{"pi":"7093","pc":"Промышленные товары","ss":1000,"td":"Центр города","dc":1,"n":597.3,"vc":"около 5 000","sl":"Нормальный","sv":"около 2 000","p":6000.0,"q":40.21,"b":7.47,"ms":23.29,"wi":64.91,"ei":10.23,"as":1395.94,"mi":"E","mv":8588,"sc":1,"lpe":76.71,"lpr":3078.13,"lq":2.88,"d":185},{"pi":"7093","pc":"Промышленные товары","ss":100000,"td":"Центр города","dc":1,"n":607.37,"vc":"более 1 000 000","sl":"Нормальный","sv":"более 20 000","p":8000.0,"q":41.48,"b":5.41,"ms":12.27,"wi":61.93,"ei":9.19,"as":614.3,"mi":"E","mv":235500,"sc":1,"lpe":87.73,"lpr":3835.98,"lq":3.55,"d":4618},{"pi":"7093","pc":"Промышленные товары","ss":100000,"td":"Центр города","dc":4,"n":434.37,"vc":"более 100 000","sl":"Очень высокий","sv":"около 5 000","p":6000.0,"q":33.86,"b":3.24,"ms":17.63,"wi":33.2,"ei":8.56,"as":343.95,"mi":"E","mv":26601,"sc":1,"lpe":82.37,"lpr":1197.24,"lq":1.05,"d":1298},{"pi":"7093","pc":"Промышленные товары","ss":10000,"td":"Центр города","dc":1,"n":121.25,"vc":"более 2 000","sl":"Элитный","sv":"менее 50","p":23462.07,"q":24.84,"b":0.0,"ms":0.0,"wi":82.96,"ei":5.2,"as":388.24,"mi":"E","mv":221458,"sc":1,"lpe":100.0,"lpr":5171.86,"lq":1.0,"d":2728},{"pi":"7093","pc":"Промышленные товары","ss":10000,"td":"Фешенебельный район","dc":1,"n":659.94,"vc":"около 5 000","sl":"Элитный","sv":"около 100","p":25000.0,"q":28.97,"b":0.0,"ms":3.94,"wi":65.16,"ei":6.07,"as":504.13,"mi":"E","mv":2540,"sc":1,"lpe":96.06,"lpr":7128.78,"lq":1.0,"d":206},{"pi":"7093","pc":"Промышленные товары","ss":100000,"td":"Фешенебельный район","dc":4,"n":540.81,"vc":"около 50 000","sl":"Элитный","sv":"более 1 000","p":6200.0,"q":36.19,"b":3.68,"ms":5.82,"wi":39.5,"ei":5.7,"as":354.74,"mi":"E","mv":23316,"sc":1,"lpe":94.18,"lpr":1109.41,"lq":1.0,"d":601},{"pi":"7093","pc":"Промышленные товары","ss":100000,"td":"Фешенебельный район","dc":1,"n":650.23,"vc":"более 100 000","sl":"Элитный","sv":"около 5 000","p":22200.0,"q":47.69,"b":4.27,"ms":7.61,"wi":109.75,"ei":5.99,"as":977.93,"mi":"E","mv":65149,"sc":1,"lpe":92.39,"lpr":5560.47,"lq":1.0,"d":1102},{"pi":"7093","pc":"Промышленные товары","ss":100000,"td":"Фешенебельный район","dc":1,"n":643.56,"vc":"более 100 000","sl":"Элитный","sv":"около 5 000","p":16000.0,"q":47.7,"b":3.59,"ms":4.85,"wi":48.55,"ei":13.47,"as":398.49,"mi":"E","mv":144371,"sc":1,"lpe":95.15,"lpr":4363.72,"lq":1.0,"d":2831},{"pi":"7093","pc":"Промышленные товары","ss":100000,"td":"Центр города","dc":1,"n":501.24,"vc":"более 100 000","sl":"Элитный","sv":"более 2 000","p":25000.0,"q":40.21,"b":4.21,"ms":9.27,"wi":153.98,"ei":9.67,"as":1800.45,"mi":"E","mv":26968,"sc":1,"lpe":90.73,"lpr":16488.79,"lq":1.0,"d":853},{"pi":"7093","pc":"Промышленные товары","ss":100000,"td":"Спальный район","dc":3,"n":80.09,"vc":"более 2 000","sl":"Элитный","sv":"более 1 000","p":19200.0,"q":24.01,"b":0.0,"ms":5.84,"wi":48.69,"ei":4.23,"as":345.6,"mi":"E","mv":21652,"sc":1,"lpe":94.16,"lpr":7428.36,"lq":1.0,"d":846},{"pi":"7093","pc":"Промышленные товары","ss":100000,"td":"Центр города","dc":3,"n":550.42,"vc":"около 500 000","sl":"Низкий","sv":"более 2 000","p":34000.0,"q":28.97,"b":0.0,"ms":9.05,"wi":77.06,"ei":6.15,"as":370.5,"mi":"E","mv":29728,"sc":1,"lpe":90.95,"lpr":8399.33,"lq":1.07,"d":1285},{"pi":"7093","pc":"Промышленные товары","ss":100000,"td":"Центр города","dc":2,"n":388.07,"vc":"более 100 000","sl":"Нормальный","sv":"менее 50","p":29500.0,"q":24.45,"b":0.0,"ms":0.0,"wi":50.92,"ei":6.29,"as":646.18,"mi":"E","mv":54303,"sc":1,"lpe":100.0,"lpr":5535.05,"lq":1.0,"d":1917},{"pi":"7093","pc":"Промышленные товары","ss":100000,"td":"Центр города","dc":1,"n":473.61,"vc":"более 200 000","sl":"Элитный","sv":"около 5 000","p":14725.0,"q":36.5,"b":0.0,"ms":2.73,"wi":63.61,"ei":6.03,"as":429.32,"mi":"E","mv":119610,"sc":1,"lpe":97.27,"lpr":3691.57,"lq":1.0,"d":1331},{"pi":"7093","pc":"Промышленные товары","ss":1000,"td":"Центр города","dc":1,"n":426.59,"vc":"около 5 000","sl":"Высокий","sv":"около 5 000","p":8000.0,"q":40.21,"b":1.06,"ms":10.45,"wi":128.78,"ei":11.53,"as":708.9,"mi":"E","mv":66973,"sc":2,"lpe":89.06,"lpr":6159.23,"lq":5.47,"d":1430},{"pi":"7093","pc":"Промышленные товары","ss":1000,"td":"Фешенебельный район","dc":1,"n":78.1,"vc":"более 100","sl":"Элитный","sv":"около 500","p":20164.21,"q":23.0,"b":0.0,"ms":0.49,"wi":128.78,"ei":11.53,"as":708.9,"mi":"E","mv":66973,"sc":2,"lpe":89.06,"lpr":6159.23,"lq":5.47,"d":1430},{"pi":"7093","pc":"Промышленные товары","ss":100000,"td":"Центр города","dc":5,"n":525.05,"vc":"около 500 000","sl":"Низкий","sv":"около 10 000","p":33000.0,"q":28.97,"b":0.0,"ms":3.77,"wi":60.17,"ei":10.56,"as":378.1,"mi":"E","mv":262590,"sc":4,"lpe":94.31,"lpr":10653.84,"lq":1.0,"d":6232},{"pi":"7093","pc":"Промышленные товары","ss":100000,"td":"Фешенебельный район","dc":1,"n":411.03,"vc":"более 20 000","sl":"Элитный","sv":"около 5 000","p":9000.0,"q":40.21,"b":5.59,"ms":1.9,"wi":60.17,"ei":10.56,"as":378.1,"mi":"E","mv":262590,"sc":4,"lpe":94.31,"lpr":10653.84,"lq":1.0,"d":6232},{"pi":"7093","pc":"Промышленные товары","ss":100000,"td":"Центр города","dc":9,"n":365.85,"vc":"более 100 000","sl":"Нормальный","sv":"около 50","p":46000.0,"q":31.62,"b":3.45,"ms":0.01,"wi":60.17,"ei":10.56,"as":378.1,"mi":"E","mv":262590,"sc":4,"lpe":94.31,"lpr":10653.84,"lq":1.0,"d":6232},{"pi":"7093","pc":"Промышленные товары","ss":10000,"td":"Центр города","dc":1,"n":21.36,"vc":"более 1 000","sl":"Элитный","sv":"менее 50","p":25654.42,"q":23.05,"b":0.0,"ms":0.0,"wi":60.17,"ei":10.56,"as":378.1,"mi":"E","mv":262590,"sc":4,"lpe":94.31,"lpr":10653.84,"lq":1.0,"d":6232},{"pi":"7093","pc":"Промышленные товары","ss":100000,"td":"Центр города","dc":1,"n":411.84,"vc":"более 100 000","sl":"Элитный","sv":"около 10 000","p":30150.0,"q":36.21,"b":0.0,"ms":6.77,"wi":103.3,"ei":6.86,"as":986.71,"mi":"E","mv":140457,"sc":1,"lpe":93.23,"lpr":9305.25,"lq":1.0,"d":2516},{"pi":"7093","pc":"Промышленные товары","ss":100000,"td":"Фешенебельный район","dc":2,"n":541.25,"vc":"более 20 000","sl":"Элитный","sv":"менее 50","p":16600.0,"q":23.05,"b":0.0,"ms":0.02,"wi":51.07,"ei":5.68,"as":788.75,"mi":"E","mv":18718,"sc":1,"lpe":99.98,"lpr":3062.85,"lq":1.0,"d":370},{"pi":"7093","pc":"Промышленные товары","ss":100000,"td":"Окраина","dc":4,"n":439.63,"vc":"около 100 000","sl":"Элитный","sv":"около 5 000","p":6000.0,"q":30.5,"b":2.24,"ms":8.38,"wi":42.97,"ei":7.04,"as":689.17,"mi":"E","mv":70489,"sc":1,"lpe":91.62,"lpr":2469.29,"lq":1.01,"d":1215},{"pi":"7093","pc":"Промышленные товары","ss":100000,"td":"Центр города","dc":1,"n":475.17,"vc":"более 100 000","sl":"Элитный","sv":"около 2 000","p":8000.0,"q":40.21,"b":6.46,"ms":3.8,"wi":78.29,"ei":8.28,"as":555.07,"mi":"E","mv":52630,"sc":1,"lpe":96.2,"lpr":4999.05,"lq":1.0,"d":847},{"pi":"7093","pc":"Промышленные товары","ss":100000,"td":"Центр города","dc":3,"n":428.64,"vc":"более 100 000","sl":"Элитный","sv":"около 5 000","p":25000.0,"q":24.48,"b":0.07,"ms":6.03,"wi":66.49,"ei":11.25,"as":422.13,"mi":"E","mv":74430,"sc":4,"lpe":93.57,"lpr":5886.8,"lq":1.0,"d":1852},{"pi":"7093","pc":"Промышленные товары","ss":100000,"td":"Фешенебельный район","dc":3,"n":418.98,"vc":"более 20 000","sl":"Элитный","sv":"более 200","p":35000.0,"q":30.25,"b":4.06,"ms":0.39,"wi":66.49,"ei":11.25,"as":422.13,"mi":"E","mv":74430,"sc":4,"lpe":93.57,"lpr":5886.8,"lq":1.0,"d":1852},{"pi":"7093","pc":"Промышленные товары","ss":10000,"td":"Окраина","dc":3,"n":96.55,"vc":"более 1 000","sl":"Нормальный","sv":"менее 50","p":17326.52,"q":24.17,"b":0.06,"ms":0.01,"wi":66.49,"ei":11.25,"as":422.13,"mi":"E","mv":74430,"sc":4,"lpe":93.57,"lpr":5886.8,"lq":1.0,"d":1852},{"pi":"7093","pc":"Промышленные товары","ss":100000,"td":"Фешенебельный район","dc":9,"n":428.47,"vc":"более 20 000","sl":"Очень высокий","sv":"менее 50","p":49000.0,"q":30.29,"b":4.06,"ms":0.0,"wi":66.49,"ei":11.25,"as":422.13,"mi":"E","mv":74430,"sc":4,"lpe":93.57,"lpr":5886.8,"lq":1.0,"d":1852},{"pi":"7093","pc":"Промышленные товары","ss":100000,"td":"Центр города","dc":2,"n":310.04,"vc":"около 50 000","sl":"Элитный","sv":"около 500","p":21050.0,"q":5.2,"b":0.0,"ms":0.51,"wi":79.93,"ei":8.4,"as":865.82,"mi":"E","mv":77877,"sc":4,"lpe":98.89,"lpr":10652.6,"lq":1.0,"d":1983},{"pi":"7093","pc":"Промышленные товары","ss":100000,"td":"Центр города","dc":9,"n":456.81,"vc":"более 100 000","sl":"Нормальный","sv":"около 500","p":48000.0,"q":30.25,"b":4.55,"ms":0.5,"wi":79.93,"ei":8.4,"as":865.82,"mi":"E","mv":77877,"sc":4,"lpe":98.89,"lpr":10652.6,"lq":1.0,"d":1983},{"pi":"7093","pc":"Промышленные товары","ss":100,"td":"Центр города","dc":1,"n":129.36,"vc":"более 100","sl":"Низкий","sv":"около 100","p":12000.0,"q":40.21,"b":7.73,"ms":0.1,"wi":79.93,"ei":8.4,"as":865.82,"mi":"E","mv":77877,"sc":4,"lpe":98.89,"lpr":10652.6,"lq":1.0,"d":1983},{"pi":"7093","pc":"Промышленные товары","ss":100000,"td":"Фешенебельный район","dc":1,"n":705.55,"vc":"около 500 000","sl":"Элитный","sv":"менее 50","p":93500.0,"q":42.43,"b":4.34,"ms":0.0,"wi":79.93,"ei":8.4,"as":865.82,"mi":"E","mv":77877,"sc":4,"lpe":98.89,"lpr":10652.6,"lq":1.0,"d":1983},{"pi":"7093","pc":"Промышленные товары","ss":10000,"td":"Центр города","dc":1,"n":38.14,"vc":"около 500","sl":"Элитный","sv":"менее 50","p":22362.06,"q":23.05,"b":0.07,"ms":0.01,"wi":52.72,"ei":6.41,"as":269.05,"mi":"E","mv":14947,"sc":1,"lpe":99.99,"lpr":6681.72,"lq":1.0,"d":616},{"pi":"7093","pc":"Промышленные товары","ss":10000,"td":"Центр города","dc":1,"n":521.74,"vc":"более 20 000","sl":"Элитный","sv":"более 1 000","p":25000.0,"q":23.66,"b":0.0,"ms":8.14,"wi":73.23,"ei":8.34,"as":986.88,"mi":"E","mv":13798,"sc":2,"lpe":91.77,"lpr":8001.37,"lq":1.0,"d":469},{"pi":"7093","pc":"Промышленные товары","ss":100000,"td":"Фешенебельный район","dc":2,"n":556.16,"vc":"около 50 000","sl":"Элитный","sv":"менее 50","p":40000.0,"q":24.36,"b":0.0,"ms":0.09,"wi":73.23,"ei":8.34,"as":986.88,"mi":"E","mv":13798,"sc":2,"lpe":91.77,"lpr":8001.37,"lq":1.0,"d":469},{"pi":"7093","pc":"Промышленные товары","ss":100000,"td":"Фешенебельный район","dc":2,"n":496.94,"vc":"более 20 000","sl":"Элитный","sv":"более 1 000","p":4500.0,"q":36.51,"b":3.24,"ms":3.97,"wi":9.71,"ei":7.58,"as":218.01,"mi":"E","mv":43354,"sc":1,"lpe":96.03,"lpr":815.82,"lq":1.0,"d":9798},{"pi":"7093","pc":"Промышленные товары","ss":1000,"td":"Центр города","dc":1,"n":540.33,"vc":"около 5 000","sl":"Нормальный","sv":"около 5 000","p":8000.0,"q":40.21,"b":0.43,"ms":12.69,"wi":93.23,"ei":6.87,"as":630.83,"mi":"E","mv":39403,"sc":1,"lpe":87.31,"lpr":3134.35,"lq":2.84,"d":757},{"pi":"7093","pc":"Промышленные товары","ss":10000,"td":"Центр города","dc":1,"n":439.15,"vc":"более 20 000","sl":"Очень высокий","sv":"около 10 000","p":10000.0,"q":40.21,"b":5.11,"ms":3.47,"wi":84.34,"ei":6.6,"as":536.85,"mi":"E","mv":287980,"sc":1,"lpe":96.53,"lpr":6451.5,"lq":1.0,"d":3367},{"pi":"7093","pc":"Промышленные товары","ss":100000,"td":"Центр города","dc":1,"n":593.73,"vc":"около 500 000","sl":"Очень высокий","sv":"более 1 000","p":15000.0,"q":23.37,"b":0.0,"ms":3.64,"wi":64.2,"ei":11.8,"as":404.3,"mi":"E","mv":30967,"sc":1,"lpe":96.36,"lpr":6280.55,"lq":1.0,"d":11826},{"pi":"7093","pc":"Промышленные товары","ss":100000,"td":"Центр города","dc":1,"n":566.08,"vc":"около 500 000","sl":"Элитный","sv":"около 1 000","p":20000.0,"q":40.21,"b":5.93,"ms":7.01,"wi":170.37,"ei":9.3,"as":3947.5,"mi":"E","mv":14266,"sc":1,"lpe":92.99,"lpr":16117.47,"lq":1.0,"d":319},{"pi":"7093","pc":"Промышленные товары","ss":100000,"td":"Фешенебельный район","dc":1,"n":659.45,"vc":"более 100 000","sl":"Элитный","sv":"около 10 000","p":50000.0,"q":20.33,"b":4.53,"ms":20.77,"wi":150.0,"ei":13.64,"as":4851.15,"mi":"E","mv":48157,"sc":4,"lpe":73.39,"lpr":16340.67,"lq":2.08,"d":890},{"pi":"7093","pc":"Промышленные товары","ss":100000,"td":"Центр города","dc":1,"n":466.54,"vc":"более 100 000","sl":"Элитный","sv":"около 2 000","p":40000.0,"q":40.21,"b":5.93,"ms":4.15,"wi":150.0,"ei":13.64,"as":4851.15,"mi":"E","mv":48157,"sc":4,"lpe":73.39,"lpr":16340.67,"lq":2.08,"d":890},{"pi":"7093","pc":"Промышленные товары","ss":100000,"td":"Спальный район","dc":1,"n":619.86,"vc":"около 500 000","sl":"Очень высокий","sv":"около 1 000","p":60000.0,"q":24.66,"b":0.0,"ms":1.69,"wi":150.0,"ei":13.64,"as":4851.15,"mi":"E","mv":48157,"sc":4,"lpe":73.39,"lpr":16340.67,"lq":2.08,"d":890},{"pi":"7093","pc":"Промышленные товары","ss":500,"td":"Центр города","dc":1,"n":86.83,"vc":"более 100","sl":"Элитный","sv":"менее 50","p":27000.0,"q":30.98,"b":0.0,"ms":0.0,"wi":150.0,"ei":13.64,"as":4851.15,"mi":"E","mv":48157,"sc":4,"lpe":73.39,"lpr":16340.67,"lq":2.08,"d":890},{"pi":"7093","pc":"Промышленные товары","ss":100000,"td":"Центр города","dc":1,"n":597.42,"vc":"более 200 000","sl":"Элитный","sv":"около 1 000","p":20000.0,"q":40.21,"b":5.93,"ms":11.62,"wi":177.29,"ei":8.68,"as":4301.71,"mi":"E","mv":8604,"sc":1,"lpe":88.38,"lpr":6375.42,"lq":5.5,"d":181},{"pi":"7093","pc":"Промышленные товары","ss":100000,"td":"Центр города","dc":1,"n":605.68,"vc":"около 500 000","sl":"Элитный","sv":"около 1 000","p":10000.0,"q":40.21,"b":5.93,"ms":12.32,"wi":122.87,"ei":8.87,"as":3799.76,"mi":"E","mv":8119,"sc":1,"lpe":87.68,"lpr":4144.23,"lq":3.74,"d":209},{"pi":"7093","pc":"Промышленные товары","ss":100000,"td":"Центр города","dc":1,"n":572.72,"vc":"около 500 000","sl":"Элитный","sv":"около 1 000","p":15000.0,"q":40.21,"b":5.93,"ms":8.36,"wi":139.78,"ei":8.77,"as":4114.09,"mi":"E","mv":11960,"sc":1,"lpe":91.64,"lpr":4059.53,"lq":1.0,"d":285},{"pi":"7093","pc":"Промышленные товары","ss":100000,"td":"Центр города","dc":1,"n":604.92,"vc":"около 500 000","sl":"Элитный","sv":"около 1 000","p":10000.0,"q":40.21,"b":5.93,"ms":12.66,"wi":150.93,"ei":9.01,"as":3939.88,"mi":"E","mv":7896,"sc":1,"lpe":87.34,"lpr":10194.81,"lq":7.98,"d":169},{"pi":"7093","pc":"Промышленные товары","ss":10000,"td":"Центр города","dc":1,"n":403.0,"vc":"более 10 000","sl":"Элитный","sv":"более 1 000","p":2777.72,"q":36.48,"b":0.0,"ms":8.42,"wi":103.68,"ei":7.68,"as":1568.05,"mi":"E","mv":16037,"sc":1,"lpe":91.58,"lpr":5888.24,"lq":1.0,"d":634},{"pi":"7093","pc":"Промышленные товары","ss":100000,"td":"Фешенебельный район","dc":3,"n":495.5,"vc":"около 50 000","sl":"Элитный","sv":"более 200","p":24100.0,"q":23.21,"b":0.0,"ms":0.86,"wi":66.92,"ei":7.09,"as":492.29,"mi":"E","mv":32517,"sc":1,"lpe":99.14,"lpr":5770.76,"lq":1.0,"d":722},{"pi":"7093","pc":"Промышленные товары","ss":100000,"td":"Центр города","dc":1,"n":465.7,"vc":"около 500 000","sl":"Элитный","sv":"более 10 000","p":35000.0,"q":14.23,"b":0.0,"ms":2.92,"wi":60.74,"ei":5.73,"as":513.33,"mi":"E","mv":438683,"sc":3,"lpe":95.7,"lpr":10173.89,"lq":1.0,"d":9704},{"pi":"7093","pc":"Промышленные товары","ss":100000,"td":"Центр города","dc":1,"n":463.43,"vc":"около 500 000","sl":"Очень высокий","sv":"около 5 000","p":40000.0,"q":15.27,"b":0.13,"ms":1.35,"wi":60.74,"ei":5.73,"as":513.33,"mi":"E","mv":438683,"sc":3,"lpe":95.7,"lpr":10173.89,"lq":1.0,"d":9704},{"pi":"7093","pc":"Промышленные товары","ss":100000,"td":"Центр города","dc":9,"n":315.84,"vc":"более 100 000","sl":"Низкий","sv":"более 100","p":45000.0,"q":31.68,"b":2.96,"ms":0.03,"wi":60.74,"ei":5.73,"as":513.33,"mi":"E","mv":438683,"sc":3,"lpe":95.7,"lpr":10173.89,"lq":1.0,"d":9704},{"pi":"7093","pc":"Промышленные товары","ss":100000,"td":"Центр города","dc":1,"n":506.32,"vc":"около 500 000","sl":"Элитный","sv":"более 200","p":40000.0,"q":31.58,"b":3.69,"ms":0.17,"wi":66.62,"ei":7.76,"as":564.62,"mi":"E","mv":139335,"sc":3,"lpe":99.83,"lpr":11039.7,"lq":1.0,"d":3493},{"pi":"7093","pc":"Промышленные товары","ss":100000,"td":"Центр города","dc":9,"n":388.67,"vc":"более 100 000","sl":"Нормальный","sv":"менее 50","p":58000.0,"q":31.62,"b":3.69,"ms":0.0,"wi":66.62,"ei":7.76,"as":564.62,"mi":"E","mv":139335,"sc":3,"lpe":99.83,"lpr":11039.7,"lq":1.0,"d":3493},{"pi":"7093","pc":"Промышленные товары","ss":10000,"td":"Центр города","dc":1,"n":35.12,"vc":"более 1 000","sl":"Элитный","sv":"менее 50","p":25812.66,"q":23.0,"b":0.0,"ms":0.0,"wi":66.62,"ei":7.76,"as":564.62,"mi":"E","mv":139335,"sc":3,"lpe":99.83,"lpr":11039.7,"lq":1.0,"d":3493},{"pi":"7093","pc":"Промышленные товары","ss":1000,"td":"Фешенебельный район","dc":1,"n":685.29,"vc":"около 1 000","sl":"Элитный","sv":"более 100","p":31000.0,"q":23.59,"b":0.0,"ms":6.79,"wi":109.47,"ei":8.16,"as":2833.35,"mi":"E","mv":2165,"sc":1,"lpe":93.21,"lpr":10580.62,"lq":1.0,"d":521},{"pi":"7093","pc":"Промышленные товары","ss":1000,"td":"Центр города","dc":2,"n":224.98,"vc":"около 500","sl":"Элитный","sv":"менее 50","p":4800.0,"q":9.32,"b":0.0,"ms":0.01,"wi":29.61,"ei":12.72,"as":467.01,"mi":"E","mv":12535,"sc":1,"lpe":99.99,"lpr":1041.2,"lq":1.0,"d":745},{"pi":"7093","pc":"Промышленные товары","ss":100000,"td":"Центр города","dc":2,"n":437.62,"vc":"более 100 000","sl":"Элитный","sv":"около 100 000","p":7300.0,"q":22.66,"b":3.53,"ms":35.56,"wi":75.37,"ei":9.56,"as":419.1,"mi":"E","mv":249477,"sc":4,"lpe":63.63,"lpr":2034.77,"lq":1.8,"d":3663},{"pi":"7093","pc":"Промышленные товары","ss":100000,"td":"Центр города","dc":1,"n":516.74,"vc":"около 500 000","sl":"Элитный","sv":"около 2 000","p":10000.0,"q":40.21,"b":4.21,"ms":0.8,"wi":75.37,"ei":9.56,"as":419.1,"mi":"E","mv":249477,"sc":4,"lpe":63.63,"lpr":2034.77,"lq":1.8,"d":3663},{"pi":"7093","pc":"Промышленные товары","ss":100000,"td":"Центр города","dc":1,"n":256.49,"vc":"около 50 000","sl":"Элитный","sv":"менее 50","p":14702.0,"q":30.21,"b":0.0,"ms":0.0,"wi":75.37,"ei":9.56,"as":419.1,"mi":"E","mv":249477,"sc":4,"lpe":63.63,"lpr":2034.77,"lq":1.8,"d":3663},{"pi":"7093","pc":"Промышленные товары","ss":100000,"td":"Центр города","dc":1,"n":256.49,"vc":"более 20 000","sl":"Элитный","sv":"менее 50","p":14702.0,"q":30.21,"b":0.0,"ms":0.0,"wi":75.37,"ei":9.56,"as":419.1,"mi":"E","mv":249477,"sc":4,"lpe":63.63,"lpr":2034.77,"lq":1.8,"d":3663},{"pi":"7093","pc":"Промышленные товары","ss":100000,"td":"Центр города","dc":1,"n":454.76,"vc":"около 500 000","sl":"Элитный","sv":"около 10 000","p":20000.0,"q":40.21,"b":4.21,"ms":4.5,"wi":100.43,"ei":12.79,"as":804.73,"mi":"E","mv":222395,"sc":11,"lpe":90.54,"lpr":15305.0,"lq":1.0,"d":4137},{"pi":"7093","pc":"Промышленные товары","ss":100000,"td":"Центр города","dc":3,"n":515.66,"vc":"около 500 000","sl":"Нормальный","sv":"около 5 000","p":68000.0,"q":21.2,"b":1.88,"ms":3.01,"wi":100.43,"ei":12.79,"as":804.73,"mi":"E","mv":222395,"sc":11,"lpe":90.54,"lpr":15305.0,"lq":1.0,"d":4137},{"pi":"7093","pc":"Промышленные товары","ss":100000,"td":"Центр города","dc":1,"n":368.8,"vc":"более 100 000","sl":"Элитный","sv":"более 2 000","p":76712.5,"q":36.45,"b":0.0,"ms":1.08,"wi":100.43,"ei":12.79,"as":804.73,"mi":"E","mv":222395,"sc":11,"lpe":90.54,"lpr":15305.0,"lq":1.0,"d":4137},{"pi":"7093","pc":"Промышленные товары","ss":100000,"td":"Центр города","dc":1,"n":379.52,"vc":"более 100 000","sl":"Элитный","sv":"более 1 000","p":81225.0,"q":36.4,"b":0.0,"ms":0.74,"wi":100.43,"ei":12.79,"as":804.73,"mi":"E","mv":222395,"sc":11,"lpe":90.54,"lpr":15305.0,"lq":1.0,"d":4137},{"pi":"7093","pc":"Промышленные товары","ss":100000,"td":"Спальный район","dc":9,"n":370.95,"vc":"около 100 000","sl":"Очень высокий","sv":"более 200","p":64000.0,"q":31.62,"b":3.35,"ms":0.11,"wi":100.43,"ei":12.79,"as":804.73,"mi":"E","mv":222395,"sc":11,"lpe":90.54,"lpr":15305.0,"lq":1.0,"d":4137},{"pi":"7093","pc":"Промышленные товары","ss":100000,"td":"Фешенебельный район","dc":1,"n":687.83,"vc":"около 500 000","sl":"Элитный","sv":"около 50","p":143000.0,"q":41.57,"b":3.71,"ms":0.02,"wi":100.43,"ei":12.79,"as":804.73,"mi":"E","mv":222395,"sc":11,"lpe":90.54,"lpr":15305.0,"lq":1.0,"d":4137},{"pi":"7093","pc":"Промышленные товары","ss":100000,"td":"Центр города","dc":1,"n":504.29,"vc":"около 500 000","sl":"Очень высокий","sv":"менее 50","p":140000.0,"q":49.77,"b":4.23,"ms":0.0,"wi":100.43,"ei":12.79,"as":804.73,"mi":"E","mv":222395,"sc":11,"lpe":90.54,"lpr":15305.0,"lq":1.0,"d":4137},{"pi":"7093","pc":"Промышленные товары","ss":100000,"td":"Центр города","dc":1,"n":491.19,"vc":"около 500 000","sl":"Элитный","sv":"менее 50","p":130000.0,"q":36.15,"b":0.0,"ms":0.0,"wi":100.43,"ei":12.79,"as":804.73,"mi":"E","mv":222395,"sc":11,"lpe":90.54,"lpr":15305.0,"lq":1.0,"d":4137},{"pi":"7093","pc":"Промышленные товары","ss":100000,"td":"Центр города","dc":1,"n":504.29,"vc":"около 500 000","sl":"Элитный","sv":"менее 50","p":140000.0,"q":49.75,"b":4.23,"ms":0.0,"wi":100.43,"ei":12.79,"as":804.73,"mi":"E","mv":222395,"sc":11,"lpe":90.54,"lpr":15305.0,"lq":1.0,"d":4137},{"pi":"7093","pc":"Промышленные товары","ss":100000,"td":"Центр города","dc":1,"n":491.25,"vc":"около 500 000","sl":"Элитный","sv":"менее 50","p":140000.0,"q":49.77,"b":4.23,"ms":0.0,"wi":100.43,"ei":12.79,"as":804.73,"mi":"E","mv":222395,"sc":11,"lpe":90.54,"lpr":15305.0,"lq":1.0,"d":4137},{"pi":"7093","pc":"Промышленные товары","ss":100000,"td":"Центр города","dc":5,"n":533.06,"vc":"около 500 000","sl":"Низкий","sv":"более 10 000","p":65000.0,"q":19.89,"b":2.99,"ms":18.31,"wi":146.31,"ei":15.52,"as":2307.77,"mi":"E","mv":81904,"sc":8,"lpe":79.81,"lpr":30668.08,"lq":1.92,"d":2095},{"pi":"7093","pc":"Промышленные товары","ss":100000,"td":"Центр города","dc":1,"n":475.7,"vc":"более 300 000","sl":"Элитный","sv":"около 1 000","p":20000.0,"q":40.21,"b":4.21,"ms":1.22,"wi":146.31,"ei":15.52,"as":2307.77,"mi":"E","mv":81904,"sc":8,"lpe":79.81,"lpr":30668.08,"lq":1.92,"d":2095},{"pi":"7093","pc":"Промышленные товары","ss":100000,"td":"Окраина","dc":10,"n":418.04,"vc":"около 100 000","sl":"Высокий","sv":"более 200","p":66000.0,"q":31.62,"b":3.35,"ms":0.29,"wi":146.31,"ei":15.52,"as":2307.77,"mi":"E","mv":81904,"sc":8,"lpe":79.81,"lpr":30668.08,"lq":1.92,"d":2095},{"pi":"7093","pc":"Промышленные товары","ss":100000,"td":"Центр города","dc":1,"n":556.06,"vc":"около 500 000","sl":"Очень высокий","sv":"около 50","p":140000.0,"q":49.77,"b":4.23,"ms":0.08,"wi":146.31,"ei":15.52,"as":2307.77,"mi":"E","mv":81904,"sc":8,"lpe":79.81,"lpr":30668.08,"lq":1.92,"d":2095},{"pi":"7093","pc":"Промышленные товары","ss":100000,"td":"Центр города","dc":1,"n":556.06,"vc":"около 500 000","sl":"Очень высокий","sv":"около 50","p":140000.0,"q":49.77,"b":4.23,"ms":0.08,"wi":146.31,"ei":15.52,"as":2307.77,"mi":"E","mv":81904,"sc":8,"lpe":79.81,"lpr":30668.08,"lq":1.92,"d":2095},{"pi":"7093","pc":"Промышленные товары","ss":100000,"td":"Центр города","dc":1,"n":507.39,"vc":"около 500 000","sl":"Элитный","sv":"около 50","p":140000.0,"q":49.77,"b":4.23,"ms":0.08,"wi":146.31,"ei":15.52,"as":2307.77,"mi":"E","mv":81904,"sc":8,"lpe":79.81,"lpr":30668.08,"lq":1.92,"d":2095},{"pi":"7093","pc":"Промышленные товары","ss":100000,"td":"Центр города","dc":1,"n":507.39,"vc":"около 500 000","sl":"Элитный","sv":"около 50","p":140000.0,"q":49.77,"b":4.23,"ms":0.08,"wi":146.31,"ei":15.52,"as":2307.77,"mi":"E","mv":81904,"sc":8,"lpe":79.81,"lpr":30668.08,"lq":1.92,"d":2095},{"pi":"7093","pc":"Промышленные товары","ss":100000,"td":"Фешенебельный район","dc":1,"n":696.49,"vc":"более 200 000","sl":"Элитный","sv":"менее 50","p":149000.0,"q":41.45,"b":3.71,"ms":0.03,"wi":146.31,"ei":15.52,"as":2307.77,"mi":"E","mv":81904,"sc":8,"lpe":79.81,"lpr":30668.08,"lq":1.92,"d":2095},{"pi":"7093","pc":"Промышленные товары","ss":10000,"td":"Центр города","dc":2,"n":145.4,"vc":"более 1 000","sl":"Элитный","sv":"менее 50","p":4800.0,"q":9.29,"b":0.0,"ms":0.32,"wi":36.78,"ei":7.4,"as":274.72,"mi":"E","mv":9520,"sc":1,"lpe":99.68,"lpr":1514.49,"lq":1.0,"d":399},{"pi":"7093","pc":"Промышленные товары","ss":100000,"td":"Центр города","dc":4,"n":544.41,"vc":"около 500 000","sl":"Низкий","sv":"около 10 000","p":43000.0,"q":19.89,"b":2.99,"ms":10.9,"wi":76.09,"ei":6.5,"as":327.59,"mi":"E","mv":91710,"sc":6,"lpe":86.89,"lpr":16315.36,"lq":1.27,"d":1541},{"pi":"7093","pc":"Промышленные товары","ss":100000,"td":"Центр города","dc":2,"n":527.94,"vc":"более 300 000","sl":"Очень высокий","sv":"около 2 000","p":15000.0,"q":40.21,"b":4.21,"ms":2.18,"wi":76.09,"ei":6.5,"as":327.59,"mi":"E","mv":91710,"sc":6,"lpe":86.89,"lpr":16315.36,"lq":1.27,"d":1541},{"pi":"7093","pc":"Промышленные товары","ss":100000,"td":"Центр города","dc":1,"n":520.17,"vc":"около 500 000","sl":"Элитный","sv":"менее 50","p":140000.0,"q":49.77,"b":4.23,"ms":0.01,"wi":76.09,"ei":6.5,"as":327.59,"mi":"E","mv":91710,"sc":6,"lpe":86.89,"lpr":16315.36,"lq":1.27,"d":1541},{"pi":"7093","pc":"Промышленные товары","ss":100000,"td":"Центр города","dc":1,"n":686.23,"vc":"более 1 000 000","sl":"Нормальный","sv":"менее 50","p":140000.0,"q":49.77,"b":4.23,"ms":0.01,"wi":76.09,"ei":6.5,"as":327.59,"mi":"E","mv":91710,"sc":6,"lpe":86.89,"lpr":16315.36,"lq":1.27,"d":1541},{"pi":"7093","pc":"Промышленные товары","ss":100000,"td":"Центр города","dc":1,"n":520.17,"vc":"более 200 000","sl":"Элитный","sv":"менее 50","p":140000.0,"q":49.77,"b":4.23,"ms":0.01,"wi":76.09,"ei":6.5,"as":327.59,"mi":"E","mv":91710,"sc":6,"lpe":86.89,"lpr":16315.36,"lq":1.27,"d":1541},{"pi":"7093","pc":"Промышленные товары","ss":100000,"td":"Центр города","dc":1,"n":686.23,"vc":"более 1 000 000","sl":"Нормальный","sv":"менее 50","p":140000.0,"q":49.77,"b":4.23,"ms":0.01,"wi":76.09,"ei":6.5,"as":327.59,"mi":"E","mv":91710,"sc":6,"lpe":86.89,"lpr":16315.36,"lq":1.27,"d":1541},{"pi":"7093","pc":"Промышленные товары","ss":100000,"td":"Центр города","dc":1,"n":321.53,"vc":"более 100 000","sl":"Элитный","sv":"более 100 000","p":10500.0,"q":22.66,"b":3.53,"ms":42.62,"wi":132.97,"ei":9.27,"as":1723.67,"mi":"E","mv":434975,"sc":5,"lpe":51.27,"lpr":5762.99,"lq":4.91,"d":8477},{"pi":"7093","pc":"Промышленные товары","ss":100000,"td":"Фешенебельный район","dc":1,"n":448.95,"vc":"около 50 000","sl":"Элитный","sv":"около 20 000","p":10000.0,"q":40.21,"b":4.21,"ms":4.6,"wi":132.97,"ei":9.27,"as":1723.67,"mi":"E","mv":434975,"sc":5,"lpe":51.27,"lpr":5762.99,"lq":4.91,"d":8477},{"pi":"7093","pc":"Промышленные товары","ss":100000,"td":"Фешенебельный район","dc":1,"n":598.86,"vc":"более 200 000","sl":"Элитный","sv":"около 5 000","p":16000.0,"q":48.09,"b":0.0,"ms":1.47,"wi":132.97,"ei":9.27,"as":1723.67,"mi":"E","mv":434975,"sc":5,"lpe":51.27,"lpr":5762.99,"lq":4.91,"d":8477},{"pi":"7093","pc":"Промышленные товары","ss":100000,"td":"Спальный район","dc":1,"n":367.15,"vc":"более 100 000","sl":"Элитный","sv":"более 100","p":20000.0,"q":32.53,"b":0.0,"ms":0.04,"wi":132.97,"ei":9.27,"as":1723.67,"mi":"E","mv":434975,"sc":5,"lpe":51.27,"lpr":5762.99,"lq":4.91,"d":8477},{"pi":"7093","pc":"Промышленные товары","ss":10000,"td":"Центр города","dc":1,"n":94.38,"vc":"около 5 000","sl":"Элитный","sv":"менее 50","p":19255.23,"q":23.05,"b":0.0,"ms":0.0,"wi":132.97,"ei":9.27,"as":1723.67,"mi":"E","mv":434975,"sc":5,"lpe":51.27,"lpr":5762.99,"lq":4.91,"d":8477},{"pi":"7093","pc":"Промышленные товары","ss":100000,"td":"Фешенебельный район","dc":1,"n":668.41,"vc":"более 200 000","sl":"Элитный","sv":"около 5 000","p":26000.0,"q":47.7,"b":3.99,"ms":4.78,"wi":68.47,"ei":6.3,"as":344.56,"mi":"E","mv":140223,"sc":2,"lpe":91.65,"lpr":5176.91,"lq":1.0,"d":4355},{"pi":"7093","pc":"Промышленные товары","ss":100000,"td":"Центр города","dc":1,"n":396.51,"vc":"более 100 000","sl":"Элитный","sv":"около 5 000","p":6500.0,"q":40.21,"b":4.49,"ms":3.08,"wi":93.64,"ei":6.95,"as":590.98,"mi":"E","mv":162101,"sc":1,"lpe":96.92,"lpr":10139.3,"lq":1.0,"d":2212},{"pi":"7093","pc":"Промышленные товары","ss":100000,"td":"Центр города","dc":1,"n":577.93,"vc":"более 1 000 000","sl":"Нормальный","sv":"около 50 000","p":12000.0,"q":46.68,"b":4.47,"ms":5.26,"wi":108.19,"ei":6.67,"as":874.7,"mi":"E","mv":776997,"sc":7,"lpe":93.95,"lpr":20300.69,"lq":1.0,"d":12114},{"pi":"7093","pc":"Промышленные товары","ss":100000,"td":"Центр города","dc":1,"n":350.76,"vc":"более 100 000","sl":"Элитный","sv":"около 5 000","p":10000.0,"q":40.21,"b":4.49,"ms":0.64,"wi":108.19,"ei":6.67,"as":874.7,"mi":"E","mv":776997,"sc":7,"lpe":93.95,"lpr":20300.69,"lq":1.0,"d":12114},{"pi":"7093","pc":"Промышленные товары","ss":100000,"td":"Центр города","dc":1,"n":231.87,"vc":"около 50 000","sl":"Элитный","sv":"около 1 000","p":19999.0,"q":23.72,"b":0.0,"ms":0.13,"wi":108.19,"ei":6.67,"as":874.7,"mi":"E","mv":776997,"sc":7,"lpe":93.95,"lpr":20300.69,"lq":1.0,"d":12114},{"pi":"7093","pc":"Промышленные товары","ss":10000,"td":"Центр города","dc":1,"n":115.15,"vc":"около 5 000","sl":"Элитный","sv":"более 100","p":38555.44,"q":23.48,"b":0.0,"ms":0.02,"wi":108.19,"ei":6.67,"as":874.7,"mi":"E","mv":776997,"sc":7,"lpe":93.95,"lpr":20300.69,"lq":1.0,"d":12114},{"pi":"7093","pc":"Промышленные товары","ss":100000,"td":"Фешенебельный район","dc":1,"n":623.63,"vc":"около 500 000","sl":"Элитный","sv":"менее 50","p":146000.0,"q":41.45,"b":2.96,"ms":0.0,"wi":108.19,"ei":6.67,"as":874.7,"mi":"E","mv":776997,"sc":7,"lpe":93.95,"lpr":20300.69,"lq":1.0,"d":12114},{"pi":"7093","pc":"Промышленные товары","ss":100000,"td":"Фешенебельный район","dc":1,"n":623.63,"vc":"более 200 000","sl":"Элитный","sv":"менее 50","p":146000.0,"q":41.45,"b":2.96,"ms":0.0,"wi":108.19,"ei":6.67,"as":874.7,"mi":"E","mv":776997,"sc":7,"lpe":93.95,"lpr":20300.69,"lq":1.0,"d":12114},{"pi":"7093","pc":"Промышленные товары","ss":100000,"td":"Центр города","dc":10,"n":156.52,"vc":"более 20 000","sl":"Низкий","sv":"около 50","p":11200.0,"q":23.37,"b":0.0,"ms":0.01,"wi":33.37,"ei":5.09,"as":182.41,"mi":"E","mv":924796,"sc":2,"lpe":99.99,"lpr":3319.8,"lq":1.0,"d":22072},{"pi":"7093","pc":"Промышленные товары","ss":100000,"td":"Центр города","dc":8,"n":296.35,"vc":"около 100 000","sl":"Очень высокий","sv":"менее 50","p":25000.0,"q":31.71,"b":0.46,"ms":0.0,"wi":33.37,"ei":5.09,"as":182.41,"mi":"E","mv":924796,"sc":2,"lpe":99.99,"lpr":3319.8,"lq":1.0,"d":22072},{"pi":"7093","pc":"Промышленные товары","ss":100000,"td":"Центр города","dc":1,"n":609.08,"vc":"около 500 000","sl":"Элитный","sv":"около 500","p":25000.0,"q":32.53,"b":0.0,"ms":4.78,"wi":75.97,"ei":9.64,"as":709.18,"mi":"E","mv":14704,"sc":1,"lpe":95.22,"lpr":6495.88,"lq":1.0,"d":316},{"pi":"7093","pc":"Промышленные товары","ss":100000,"td":"Центр города","dc":5,"n":525.49,"vc":"около 1 000 000","sl":"Очень низкий","sv":"менее 50","p":20000.0,"q":28.97,"b":0.0,"ms":0.0,"wi":52.01,"ei":4.8,"as":338.83,"mi":"E","mv":949325,"sc":1,"lpe":100.0,"lpr":3121.39,"lq":1.0,"d":11930},{"pi":"7093","pc":"Промышленные товары","ss":100000,"td":"Центр города","dc":6,"n":514.71,"vc":"около 500 000","sl":"Очень низкий","sv":"более 100","p":13000.0,"q":23.59,"b":0.0,"ms":0.02,"wi":57.22,"ei":5.1,"as":348.24,"mi":"E","mv":554616,"sc":1,"lpe":99.98,"lpr":3027.74,"lq":1.0,"d":6499},{"pi":"7093","pc":"Промышленные товары","ss":100000,"td":"Центр города","dc":6,"n":579.34,"vc":"около 500 000","sl":"Низкий","sv":"около 5 000","p":30000.0,"q":19.89,"b":2.99,"ms":9.3,"wi":70.58,"ei":6.82,"as":357.76,"mi":"E","mv":64523,"sc":1,"lpe":90.7,"lpr":9153.5,"lq":1.03,"d":1780},{"pi":"7093","pc":"Промышленные товары","ss":100000,"td":"Фешенебельный район","dc":1,"n":623.96,"vc":"более 100 000","sl":"Элитный","sv":"около 10 000","p":10000.0,"q":40.21,"b":4.21,"ms":33.3,"wi":128.02,"ei":8.73,"as":1034.79,"mi":"E","mv":30031,"sc":1,"lpe":66.7,"lpr":10603.4,"lq":9.39,"d":811},{"pi":"7093","pc":"Промышленные товары","ss":100000,"td":"Центр города","dc":1,"n":562.82,"vc":"около 500 000","sl":"Очень высокий","sv":"менее 50","p":140000.0,"q":47.69,"b":4.23,"ms":0.0,"wi":105.14,"ei":8.27,"as":1023.96,"mi":"E","mv":70760,"sc":4,"lpe":99.99,"lpr":20166.1,"lq":1.0,"d":2847},{"pi":"7093","pc":"Промышленные товары","ss":100000,"td":"Центр города","dc":1,"n":514.45,"vc":"около 500 000","sl":"Элитный","sv":"менее 50","p":140000.0,"q":47.7,"b":4.23,"ms":0.0,"wi":105.14,"ei":8.27,"as":1023.96,"mi":"E","mv":70760,"sc":4,"lpe":99.99,"lpr":20166.1,"lq":1.0,"d":2847},{"pi":"7093","pc":"Промышленные товары","ss":100000,"td":"Центр города","dc":1,"n":514.45,"vc":"около 500 000","sl":"Очень высокий","sv":"менее 50","p":140000.0,"q":48.86,"b":4.23,"ms":0.0,"wi":105.14,"ei":8.27,"as":1023.96,"mi":"E","mv":70760,"sc":4,"lpe":99.99,"lpr":20166.1,"lq":1.0,"d":2847},{"pi":"7093","pc":"Промышленные товары","ss":100000,"td":"Центр города","dc":1,"n":562.82,"vc":"около 500 000","sl":"Очень высокий","sv":"менее 50","p":140000.0,"q":47.69,"b":4.23,"ms":0.0,"wi":105.14,"ei":8.27,"as":1023.96,"mi":"E","mv":70760,"sc":4,"lpe":99.99,"lpr":20166.1,"lq":1.0,"d":2847},{"pi":"7093","pc":"Промышленные товары","ss":1000,"td":"Центр города","dc":1,"n":238.36,"vc":"более 1 000","sl":"Очень высокий","sv":"около 1 000","p":75000.0,"q":21.32,"b":1.85,"ms":1.56,"wi":119.43,"ei":9.92,"as":1514.88,"mi":"E","mv":64211,"sc":3,"lpe":97.71,"lpr":26496.7,"lq":1.0,"d":1420},{"pi":"7093","pc":"Промышленные товары","ss":100000,"td":"Центр города","dc":1,"n":511.98,"vc":"около 500 000","sl":"Элитный","sv":"около 500","p":140000.0,"q":49.77,"b":4.23,"ms":0.64,"wi":119.43,"ei":9.92,"as":1514.88,"mi":"E","mv":64211,"sc":3,"lpe":97.71,"lpr":26496.7,"lq":1.0,"d":1420},{"pi":"7093","pc":"Промышленные товары","ss":100000,"td":"Фешенебельный район","dc":1,"n":702.93,"vc":"более 300 000","sl":"Элитный","sv":"около 50","p":172000.0,"q":41.45,"b":3.71,"ms":0.09,"wi":119.43,"ei":9.92,"as":1514.88,"mi":"E","mv":64211,"sc":3,"lpe":97.71,"lpr":26496.7,"lq":1.0,"d":1420},{"pi":"7093","pc":"Промышленные товары","ss":1000,"td":"Фешенебельный район","dc":1,"n":511.69,"vc":"около 1 000","sl":"Элитный","sv":"около 10 000","p":40000.0,"q":19.88,"b":2.61,"ms":15.43,"wi":97.28,"ei":5.35,"as":374.69,"mi":"E","mv":57792,"sc":1,"lpe":84.57,"lpr":14425.71,"lq":1.09,"d":804},{"pi":"7093","pc":"Промышленные товары","ss":100000,"td":"Центр города","dc":2,"n":477.08,"vc":"более 200 000","sl":"Элитный","sv":"около 2 000","p":10000.0,"q":40.21,"b":4.21,"ms":2.52,"wi":95.22,"ei":7.84,"as":648.74,"mi":"E","mv":79458,"sc":4,"lpe":97.37,"lpr":19843.26,"lq":1.0,"d":1471},{"pi":"7093","pc":"Промышленные товары","ss":100000,"td":"Центр города","dc":1,"n":435.61,"vc":"более 100 000","sl":"Элитный","sv":"менее 50","p":120000.0,"q":22.98,"b":0.0,"ms":0.04,"wi":95.22,"ei":7.84,"as":648.74,"mi":"E","mv":79458,"sc":4,"lpe":97.37,"lpr":19843.26,"lq":1.0,"d":1471},{"pi":"7093","pc":"Промышленные товары","ss":100000,"td":"Центр города","dc":1,"n":579.22,"vc":"около 500 000","sl":"Очень высокий","sv":"менее 50","p":140000.0,"q":47.69,"b":4.23,"ms":0.04,"wi":95.22,"ei":7.84,"as":648.74,"mi":"E","mv":79458,"sc":4,"lpe":97.37,"lpr":19843.26,"lq":1.0,"d":1471},{"pi":"7093","pc":"Промышленные товары","ss":100000,"td":"Центр города","dc":1,"n":527.53,"vc":"около 500 000","sl":"Элитный","sv":"менее 50","p":140000.0,"q":47.7,"b":4.23,"ms":0.03,"wi":95.22,"ei":7.84,"as":648.74,"mi":"E","mv":79458,"sc":4,"lpe":97.37,"lpr":19843.26,"lq":1.0,"d":1471},{"pi":"7093","pc":"Промышленные товары","ss":10000,"td":"Спальный район","dc":1,"n":232.02,"vc":"около 5 000","sl":"Элитный","sv":"менее 50","p":22000.0,"q":24.59,"b":0.0,"ms":0.0,"wi":43.02,"ei":4.91,"as":235.89,"mi":"E","mv":49267,"sc":1,"lpe":100.0,"lpr":4406.84,"lq":1.0,"d":2085},{"pi":"7093","pc":"Промышленные товары","ss":100000,"td":"Фешенебельный район","dc":1,"n":686.48,"vc":"более 200 000","sl":"Очень высокий","sv":"около 1 000","p":56000.0,"q":26.8,"b":0.0,"ms":2.38,"wi":105.35,"ei":7.18,"as":506.56,"mi":"E","mv":41944,"sc":3,"lpe":97.59,"lpr":20230.24,"lq":1.0,"d":1026},{"pi":"7093","pc":"Промышленные товары","ss":100000,"td":"Центр города","dc":1,"n":525.03,"vc":"около 500 000","sl":"Элитный","sv":"менее 50","p":140000.0,"q":49.77,"b":4.33,"ms":0.02,"wi":105.35,"ei":7.18,"as":506.56,"mi":"E","mv":41944,"sc":3,"lpe":97.59,"lpr":20230.24,"lq":1.0,"d":1026},{"pi":"7093","pc":"Промышленные товары","ss":100000,"td":"Фешенебельный район","dc":1,"n":710.33,"vc":"около 500 000","sl":"Элитный","sv":"менее 50","p":172000.0,"q":41.54,"b":3.28,"ms":0.0,"wi":105.35,"ei":7.18,"as":506.56,"mi":"E","mv":41944,"sc":3,"lpe":97.59,"lpr":20230.24,"lq":1.0,"d":1026},{"pi":"7093","pc":"Промышленные товары","ss":100000,"td":"Фешенебельный район","dc":1,"n":666.38,"vc":"более 200 000","sl":"Элитный","sv":"около 5 000","p":23200.0,"q":47.7,"b":3.95,"ms":3.02,"wi":47.55,"ei":12.32,"as":481.26,"mi":"E","mv":105750,"sc":1,"lpe":96.98,"lpr":4306.51,"lq":1.0,"d":2667},{"pi":"7093","pc":"Промышленные товары","ss":100000,"td":"Центр города","dc":1,"n":490.37,"vc":"около 500 000","sl":"Очень высокий","sv":"около 500 000","p":48235.52,"q":40.21,"b":4.86,"ms":50.0,"wi":91.03,"ei":12.41,"as":652.46,"mi":"D","mv":846013,"sc":10,"lpe":18.22,"lpr":24236.54,"lq":1.0,"d":15986},{"pi":"7093","pc":"Промышленные товары","ss":100000,"td":"Фешенебельный район","dc":1,"n":474.34,"vc":"около 100 000","sl":"Элитный","sv":"более 200 000","p":50000.0,"q":40.21,"b":4.86,"ms":30.6,"wi":91.03,"ei":12.41,"as":652.46,"mi":"D","mv":846013,"sc":10,"lpe":18.22,"lpr":24236.54,"lq":1.0,"d":15986},{"pi":"7093","pc":"Промышленные товары","ss":100000,"td":"Фешенебельный район","dc":1,"n":615.63,"vc":"около 500 000","sl":"Элитный","sv":"около 5 000","p":150000.0,"q":46.68,"b":4.64,"ms":0.59,"wi":91.03,"ei":12.41,"as":652.46,"mi":"D","mv":846013,"sc":10,"lpe":18.22,"lpr":24236.54,"lq":1.0,"d":15986},{"pi":"7093","pc":"Промышленные товары","ss":100000,"td":"Фешенебельный район","dc":1,"n":623.05,"vc":"около 500 000","sl":"Элитный","sv":"более 1 000","p":185000.0,"q":55.11,"b":4.64,"ms":0.21,"wi":91.03,"ei":12.41,"as":652.46,"mi":"D","mv":846013,"sc":10,"lpe":18.22,"lpr":24236.54,"lq":1.0,"d":15986},{"pi":"7093","pc":"Промышленные товары","ss":100000,"td":"Фешенебельный район","dc":1,"n":623.4,"vc":"около 500 000","sl":"Элитный","sv":"более 1 000","p":190000.0,"q":55.19,"b":4.64,"ms":0.17,"wi":91.03,"ei":12.41,"as":652.46,"mi":"D","mv":846013,"sc":10,"lpe":18.22,"lpr":24236.54,"lq":1.0,"d":15986},{"pi":"7093","pc":"Промышленные товары","ss":100000,"td":"Центр города","dc":1,"n":372.69,"vc":"более 200 000","sl":"Элитный","sv":"около 1 000","p":140000.0,"q":32.54,"b":0.0,"ms":0.12,"wi":91.03,"ei":12.41,"as":652.46,"mi":"D","mv":846013,"sc":10,"lpe":18.22,"lpr":24236.54,"lq":1.0,"d":15986},{"pi":"7093","pc":"Промышленные товары","ss":100000,"td":"Спальный район","dc":2,"n":261.74,"vc":"около 50 000","sl":"Элитный","sv":"около 500","p":16000.0,"q":33.88,"b":2.05,"ms":0.06,"wi":91.03,"ei":12.41,"as":652.46,"mi":"D","mv":846013,"sc":10,"lpe":18.22,"lpr":24236.54,"lq":1.0,"d":15986},{"pi":"7093","pc":"Промышленные товары","ss":100000,"td":"Фешенебельный район","dc":1,"n":618.57,"vc":"около 500 000","sl":"Элитный","sv":"более 100","p":219000.0,"q":41.45,"b":3.28,"ms":0.01,"wi":91.03,"ei":12.41,"as":652.46,"mi":"D","mv":846013,"sc":10,"lpe":18.22,"lpr":24236.54,"lq":1.0,"d":15986},{"pi":"7093","pc":"Промышленные товары","ss":10000,"td":"Центр города","dc":2,"n":121.02,"vc":"около 5 000","sl":"Элитный","sv":"около 100","p":80000.0,"q":31.58,"b":0.91,"ms":0.01,"wi":91.03,"ei":12.41,"as":652.46,"mi":"D","mv":846013,"sc":10,"lpe":18.22,"lpr":24236.54,"lq":1.0,"d":15986},{"pi":"7093","pc":"Промышленные товары","ss":100000,"td":"Фешенебельный район","dc":1,"n":618.57,"vc":"более 300 000","sl":"Элитный","sv":"около 50","p":230000.0,"q":41.45,"b":3.28,"ms":0.0,"wi":91.03,"ei":12.41,"as":652.46,"mi":"D","mv":846013,"sc":10,"lpe":18.22,"lpr":24236.54,"lq":1.0,"d":15986},{"pi":"7093","pc":"Промышленные товары","ss":100000,"td":"Центр города","dc":1,"n":369.31,"vc":"более 100 000","sl":"Элитный","sv":"более 100 000","p":25000.0,"q":36.47,"b":0.0,"ms":39.75,"wi":117.9,"ei":6.83,"as":721.28,"mi":"E","mv":280657,"sc":3,"lpe":53.12,"lpr":9312.19,"lq":2.99,"d":4698},{"pi":"7093","pc":"Промышленные товары","ss":100000,"td":"Фешенебельный район","dc":1,"n":699.11,"vc":"около 500 000","sl":"Элитный","sv":"около 10 000","p":25000.0,"q":41.48,"b":4.64,"ms":3.56,"wi":117.9,"ei":6.83,"as":721.28,"mi":"E","mv":280657,"sc":3,"lpe":53.12,"lpr":9312.19,"lq":2.99,"d":4698},{"pi":"7093","pc":"Промышленные товары","ss":100000,"td":"Фешенебельный район","dc":1,"n":603.61,"vc":"более 200 000","sl":"Элитный","sv":"около 10 000","p":25000.0,"q":40.21,"b":0.43,"ms":3.56,"wi":117.9,"ei":6.83,"as":721.28,"mi":"E","mv":280657,"sc":3,"lpe":53.12,"lpr":9312.19,"lq":2.99,"d":4698},{"pi":"7093","pc":"Промышленные товары","ss":100000,"td":"Фешенебельный район","dc":4,"n":449.63,"vc":"более 30 000","sl":"Элитный","sv":"около 300","p":28300.0,"q":31.58,"b":0.18,"ms":1.37,"wi":29.1,"ei":9.68,"as":218.57,"mi":"E","mv":21976,"sc":1,"lpe":98.63,"lpr":4846.49,"lq":1.0,"d":1619},{"pi":"7093","pc":"Промышленные товары","ss":100000,"td":"Спальный район","dc":1,"n":422.48,"vc":"более 100 000","sl":"Элитный","sv":"около 5 000","p":6000.0,"q":40.21,"b":4.5,"ms":3.07,"wi":60.97,"ei":7.92,"as":423.5,"mi":"E","mv":162859,"sc":1,"lpe":96.93,"lpr":3558.88,"lq":1.0,"d":1657},{"pi":"7093","pc":"Промышленные товары","ss":500,"td":"Фешенебельный район","dc":1,"n":375.98,"vc":"более 100","sl":"Элитный","sv":"около 500","p":10000.0,"q":40.25,"b":4.5,"ms":0.74,"wi":77.72,"ei":6.25,"as":754.07,"mi":"E","mv":66428,"sc":1,"lpe":98.27,"lpr":7294.68,"lq":1.0,"d":1415},{"pi":"7093","pc":"Промышленные товары","ss":10000,"td":"Центр города","dc":1,"n":23.39,"vc":"около 500","sl":"Элитный","sv":"менее 50","p":21490.6,"q":23.05,"b":0.0,"ms":0.01,"wi":30.6,"ei":3.23,"as":225.59,"mi":"E","mv":12496,"sc":1,"lpe":99.99,"lpr":5193.51,"lq":1.0,"d":653},{"pi":"7093","pc":"Промышленные товары","ss":100000,"td":"Фешенебельный район","dc":10,"n":685.04,"vc":"около 100 000","sl":"Высокий","sv":"менее 50","p":4978.64,"q":19.18,"b":0.02,"ms":0.0,"wi":6.42,"ei":4.75,"as":104.01,"mi":"E","mv":281502,"sc":1,"lpe":100.0,"lpr":554.75,"lq":1.0,"d":44633},{"pi":"7093","pc":"Промышленные товары","ss":100000,"td":"Фешенебельный район","dc":1,"n":611.1,"vc":"около 100 000","sl":"Элитный","sv":"около 5 000","p":6000.0,"q":40.21,"b":0.83,"ms":10.3,"wi":87.23,"ei":6.01,"as":483.13,"mi":"E","mv":48536,"sc":2,"lpe":89.66,"lpr":2195.32,"lq":1.96,"d":1376},{"pi":"7093","pc":"Промышленные товары","ss":100000,"td":"Центр города","dc":1,"n":503.09,"vc":"более 100 000","sl":"Элитный","sv":"менее 50","p":12217.58,"q":38.15,"b":0.0,"ms":0.04,"wi":87.23,"ei":6.01,"as":483.13,"mi":"E","mv":48536,"sc":2,"lpe":89.66,"lpr":2195.32,"lq":1.96,"d":1376},{"pi":"7093","pc":"Промышленные товары","ss":100000,"td":"Центр города","dc":1,"n":461.44,"vc":"более 200 000","sl":"Элитный","sv":"около 10 000","p":6000.0,"q":40.21,"b":5.3,"ms":9.69,"wi":70.43,"ei":7.02,"as":523.89,"mi":"E","mv":103221,"sc":1,"lpe":90.31,"lpr":2413.9,"lq":1.0,"d":1885},{"pi":"7093","pc":"Промышленные товары","ss":100000,"td":"Центр города","dc":1,"n":526.2,"vc":"около 500 000","sl":"Элитный","sv":"менее 50","p":12860.62,"q":36.51,"b":0.0,"ms":0.03,"wi":53.0,"ei":5.3,"as":524.72,"mi":"E","mv":78898,"sc":1,"lpe":99.97,"lpr":2243.42,"lq":1.0,"d":858},{"pi":"7093","pc":"Промышленные товары","ss":100000,"td":"Фешенебельный район","dc":1,"n":640.57,"vc":"более 300 000","sl":"Элитный","sv":"более 30 000","p":14000.0,"q":47.31,"b":4.07,"ms":13.06,"wi":64.5,"ei":14.69,"as":1178.45,"mi":"E","mv":240837,"sc":3,"lpe":85.64,"lpr":2748.72,"lq":1.61,"d":4918},{"pi":"7093","pc":"Промышленные товары","ss":100000,"td":"Центр города","dc":1,"n":468.31,"vc":"более 300 000","sl":"Элитный","sv":"около 2 000","p":7500.0,"q":40.21,"b":0.83,"ms":0.83,"wi":64.5,"ei":14.69,"as":1178.45,"mi":"E","mv":240837,"sc":3,"lpe":85.64,"lpr":2748.72,"lq":1.61,"d":4918},{"pi":"7093","pc":"Промышленные товары","ss":100000,"td":"Центр города","dc":1,"n":423.8,"vc":"более 200 000","sl":"Элитный","sv":"более 1 000","p":14000.0,"q":36.49,"b":0.0,"ms":0.47,"wi":64.5,"ei":14.69,"as":1178.45,"mi":"E","mv":240837,"sc":3,"lpe":85.64,"lpr":2748.72,"lq":1.61,"d":4918},{"pi":"7093","pc":"Промышленные товары","ss":100000,"td":"Фешенебельный район","dc":10,"n":683.75,"vc":"около 100 000","sl":"Высокий","sv":"около 50","p":27329.6,"q":24.76,"b":0.0,"ms":3.93,"wi":17.75,"ei":3.78,"as":238.56,"mi":"E","mv":1883,"sc":2,"lpe":94.74,"lpr":4992.29,"lq":1.0,"d":2346},{"pi":"7093","pc":"Промышленные товары","ss":100000,"td":"Фешенебельный район","dc":1,"n":684.73,"vc":"более 100 000","sl":"Элитный","sv":"менее 50","p":35000.0,"q":24.22,"b":0.0,"ms":1.33,"wi":17.75,"ei":3.78,"as":238.56,"mi":"E","mv":1883,"sc":2,"lpe":94.74,"lpr":4992.29,"lq":1.0,"d":2346},{"pi":"7093","pc":"Промышленные товары","ss":100000,"td":"Фешенебельный район","dc":1,"n":480.63,"vc":"около 50 000","sl":"Элитный","sv":"около 5 000","p":6000.0,"q":40.21,"b":0.83,"ms":3.95,"wi":60.82,"ei":10.27,"as":909.2,"mi":"E","mv":126458,"sc":2,"lpe":92.95,"lpr":6598.99,"lq":1.0,"d":2215},{"pi":"7093","pc":"Промышленные товары","ss":100000,"td":"Центр города","dc":1,"n":417.24,"vc":"более 100 000","sl":"Элитный","sv":"около 5 000","p":25000.0,"q":36.49,"b":0.0,"ms":3.1,"wi":60.82,"ei":10.27,"as":909.2,"mi":"E","mv":126458,"sc":2,"lpe":92.95,"lpr":6598.99,"lq":1.0,"d":2215},{"pi":"7093","pc":"Промышленные товары","ss":100000,"td":"Центр города","dc":1,"n":495.72,"vc":"более 200 000","sl":"Элитный","sv":"около 2 000","p":6000.0,"q":40.21,"b":0.83,"ms":5.8,"wi":68.54,"ei":16.36,"as":1196.71,"mi":"E","mv":34486,"sc":2,"lpe":91.74,"lpr":6710.36,"lq":1.0,"d":693},{"pi":"7093","pc":"Промышленные товары","ss":100000,"td":"Центр города","dc":1,"n":503.7,"vc":"более 200 000","sl":"Элитный","sv":"около 1 000","p":25000.0,"q":36.24,"b":0.0,"ms":2.46,"wi":68.54,"ei":16.36,"as":1196.71,"mi":"E","mv":34486,"sc":2,"lpe":91.74,"lpr":6710.36,"lq":1.0,"d":693},{"pi":"7093","pc":"Промышленные товары","ss":100000,"td":"Фешенебельный район","dc":1,"n":663.89,"vc":"более 100 000","sl":"Элитный","sv":"около 1 000","p":10000.0,"q":40.21,"b":0.0,"ms":2.4,"wi":45.35,"ei":8.31,"as":495.43,"mi":"E","mv":41665,"sc":2,"lpe":97.56,"lpr":3915.0,"lq":1.0,"d":1465},{"pi":"7093","pc":"Промышленные товары","ss":100000,"td":"Центр города","dc":1,"n":515.46,"vc":"более 200 000","sl":"Элитный","sv":"менее 50","p":25000.0,"q":32.53,"b":0.0,"ms":0.04,"wi":45.35,"ei":8.31,"as":495.43,"mi":"E","mv":41665,"sc":2,"lpe":97.56,"lpr":3915.0,"lq":1.0,"d":1465},{"pi":"7093","pc":"Промышленные товары","ss":1000,"td":"Фешенебельный район","dc":1,"n":341.2,"vc":"около 500","sl":"Элитный","sv":"менее 50","p":23371.21,"q":23.94,"b":0.0,"ms":0.05,"wi":62.57,"ei":13.98,"as":1863.8,"mi":"E","mv":37379,"sc":1,"lpe":99.95,"lpr":6874.74,"lq":1.0,"d":787},{"pi":"7093","pc":"Промышленные товары","ss":100000,"td":"Центр города","dc":1,"n":565.05,"vc":"около 500 000","sl":"Элитный","sv":"около 1 000","p":11732.5,"q":36.41,"b":0.0,"ms":2.62,"wi":55.45,"ei":5.85,"as":1721.05,"mi":"E","mv":34335,"sc":1,"lpe":97.38,"lpr":3282.13,"lq":1.0,"d":499},{"pi":"7093","pc":"Промышленные товары","ss":100000,"td":"Центр города","dc":1,"n":423.83,"vc":"более 100 000","sl":"Элитный","sv":"около 500","p":22400.0,"q":24.65,"b":0.0,"ms":1.31,"wi":52.69,"ei":7.73,"as":387.02,"mi":"E","mv":55115,"sc":1,"lpe":98.69,"lpr":5315.22,"lq":1.0,"d":1346},{"pi":"7093","pc":"Промышленные товары","ss":10000,"td":"Центр города","dc":2,"n":432.09,"vc":"более 10 000","sl":"Очень высокий","sv":"около 10 000","p":8500.0,"q":34.35,"b":0.0,"ms":11.07,"wi":75.59,"ei":8.41,"as":636.04,"mi":"E","mv":69654,"sc":1,"lpe":88.93,"lpr":3648.45,"lq":2.81,"d":974},{"pi":"7093","pc":"Промышленные товары","ss":1000,"td":"Фешенебельный район","dc":1,"n":685.12,"vc":"более 2 000","sl":"Очень высокий","sv":"около 1 000","p":10000.0,"q":40.21,"b":5.84,"ms":5.53,"wi":80.52,"ei":8.2,"as":766.39,"mi":"E","mv":18067,"sc":2,"lpe":92.0,"lpr":3163.03,"lq":1.0,"d":532},{"pi":"7093","pc":"Промышленные товары","ss":1000,"td":"Центр города","dc":1,"n":373.25,"vc":"более 1 000","sl":"Очень высокий","sv":"около 500","p":12500.0,"q":32.8,"b":2.81,"ms":2.46,"wi":80.52,"ei":8.2,"as":766.39,"mi":"E","mv":18067,"sc":2,"lpe":92.0,"lpr":3163.03,"lq":1.0,"d":532},{"pi":"7093","pc":"Промышленные товары","ss":100000,"td":"Спальный район","dc":1,"n":457.35,"vc":"более 100 000","sl":"Элитный","sv":"около 5 000","p":13000.0,"q":40.21,"b":5.3,"ms":2.76,"wi":81.74,"ei":8.69,"as":530.19,"mi":"E","mv":181128,"sc":1,"lpe":97.24,"lpr":10088.35,"lq":1.0,"d":3080},{"pi":"7093","pc":"Промышленные товары","ss":1000,"td":"Фешенебельный район","dc":1,"n":374.55,"vc":"около 500","sl":"Элитный","sv":"около 5 000","p":2800.0,"q":40.21,"b":5.84,"ms":19.77,"wi":78.65,"ei":6.93,"as":514.15,"mi":"E","mv":35410,"sc":1,"lpe":80.23,"lpr":1486.37,"lq":1.16,"d":2980},{"pi":"7093","pc":"Промышленные товары","ss":100000,"td":"Центр города","dc":1,"n":423.73,"vc":"более 100 000","sl":"Элитный","sv":"около 10 000","p":3800.0,"q":40.21,"b":5.3,"ms":11.72,"wi":77.97,"ei":7.69,"as":463.52,"mi":"E","mv":85310,"sc":3,"lpe":85.93,"lpr":4095.22,"lq":3.82,"d":1663},{"pi":"7093","pc":"Промышленные товары","ss":100000,"td":"Спальный район","dc":2,"n":507.98,"vc":"более 200 000","sl":"Очень высокий","sv":"около 1 000","p":10000.0,"q":40.21,"b":5.3,"ms":1.17,"wi":77.97,"ei":7.69,"as":463.52,"mi":"E","mv":85310,"sc":3,"lpe":85.93,"lpr":4095.22,"lq":3.82,"d":1663},{"pi":"7093","pc":"Промышленные товары","ss":100000,"td":"Центр города","dc":2,"n":507.98,"vc":"около 500 000","sl":"Очень высокий","sv":"около 1 000","p":10000.0,"q":40.21,"b":5.3,"ms":1.17,"wi":77.97,"ei":7.69,"as":463.52,"mi":"E","mv":85310,"sc":3,"lpe":85.93,"lpr":4095.22,"lq":3.82,"d":1663},{"pi":"7093","pc":"Промышленные товары","ss":1000,"td":"Центр города","dc":1,"n":416.41,"vc":"около 5 000","sl":"Нормальный","sv":"около 2 000","p":14000.0,"q":40.21,"b":5.84,"ms":2.81,"wi":79.27,"ei":12.05,"as":894.85,"mi":"E","mv":71184,"sc":5,"lpe":91.48,"lpr":5381.63,"lq":1.0,"d":6441},{"pi":"7093","pc":"Промышленные товары","ss":1000,"td":"Фешенебельный район","dc":1,"n":526.87,"vc":"более 1 000","sl":"Элитный","sv":"более 1 000","p":20000.0,"q":24.61,"b":0.0,"ms":2.11,"wi":79.27,"ei":12.05,"as":894.85,"mi":"E","mv":71184,"sc":5,"lpe":91.48,"lpr":5381.63,"lq":1.0,"d":6441},{"pi":"7093","pc":"Промышленные товары","ss":1000,"td":"Фешенебельный район","dc":1,"n":526.87,"vc":"более 1 000","sl":"Элитный","sv":"более 1 000","p":20000.0,"q":24.63,"b":0.0,"ms":2.1,"wi":79.27,"ei":12.05,"as":894.85,"mi":"E","mv":71184,"sc":5,"lpe":91.48,"lpr":5381.63,"lq":1.0,"d":6441},{"pi":"7093","pc":"Промышленные товары","ss":1000,"td":"Спальный район","dc":1,"n":267.72,"vc":"более 1 000","sl":"Очень высокий","sv":"более 1 000","p":6000.0,"q":32.58,"b":2.81,"ms":1.41,"wi":79.27,"ei":12.05,"as":894.85,"mi":"E","mv":71184,"sc":5,"lpe":91.48,"lpr":5381.63,"lq":1.0,"d":6441},{"pi":"7093","pc":"Промышленные товары","ss":1000,"td":"Центр города","dc":1,"n":416.41,"vc":"около 5 000","sl":"Нормальный","sv":"около 50","p":25000.0,"q":32.46,"b":0.0,"ms":0.09,"wi":79.27,"ei":12.05,"as":894.85,"mi":"E","mv":71184,"sc":5,"lpe":91.48,"lpr":5381.63,"lq":1.0,"d":6441},{"pi":"7093","pc":"Промышленные товары","ss":100000,"td":"Фешенебельный район","dc":1,"n":663.88,"vc":"более 100 000","sl":"Элитный","sv":"более 2 000","p":5000.0,"q":40.22,"b":0.83,"ms":8.1,"wi":54.35,"ei":5.33,"as":739.34,"mi":"E","mv":31245,"sc":1,"lpe":91.9,"lpr":1309.57,"lq":1.0,"d":396},{"pi":"7093","pc":"Промышленные товары","ss":100000,"td":"Фешенебельный район","dc":1,"n":552.4,"vc":"более 100 000","sl":"Элитный","sv":"около 20 000","p":10000.0,"q":40.21,"b":0.43,"ms":11.79,"wi":88.06,"ei":7.67,"as":429.01,"mi":"E","mv":169628,"sc":1,"lpe":88.21,"lpr":3854.04,"lq":3.37,"d":2707},{"pi":"7093","pc":"Промышленные товары","ss":100000,"td":"Центр города","dc":3,"n":556.02,"vc":"около 500 000","sl":"Очень низкий","sv":"около 500","p":6000.0,"q":24.21,"b":3.41,"ms":7.12,"wi":67.22,"ei":7.89,"as":773.91,"mi":"E","mv":9908,"sc":1,"lpe":92.88,"lpr":7027.06,"lq":1.0,"d":327},{"pi":"7093","pc":"Промышленные товары","ss":100000,"td":"Центр города","dc":1,"n":423.21,"vc":"более 100 000","sl":"Элитный","sv":"около 2 000","p":10000.0,"q":40.21,"b":4.49,"ms":1.75,"wi":76.26,"ei":6.13,"as":361.83,"mi":"E","mv":114607,"sc":1,"lpe":98.25,"lpr":9583.56,"lq":1.0,"d":1965},{"pi":"7093","pc":"Промышленные товары","ss":100000,"td":"Фешенебельный район","dc":2,"n":328.08,"vc":"около 5 000","sl":"Элитный","sv":"около 50","p":5000.0,"q":32.58,"b":2.26,"ms":6.9,"wi":7.38,"ei":4.13,"as":134.74,"mi":"E","mv":580,"sc":1,"lpe":93.1,"lpr":900.08,"lq":1.0,"d":195},{"pi":"7093","pc":"Промышленные товары","ss":10000,"td":"Центр города","dc":2,"n":460.18,"vc":"более 10 000","sl":"Очень высокий","sv":"около 3 000","p":1555.51,"q":36.48,"b":0.0,"ms":7.92,"wi":50.37,"ei":3.0,"as":214.48,"mi":"E","mv":37874,"sc":1,"lpe":92.08,"lpr":4028.28,"lq":1.0,"d":491},{"pi":"7093","pc":"Промышленные товары","ss":500,"td":"Центр города","dc":1,"n":518.0,"vc":"около 1 000","sl":"Высокий","sv":"около 1 000","p":8000.0,"q":40.21,"b":0.43,"ms":3.4,"wi":66.16,"ei":6.9,"as":452.74,"mi":"E","mv":29392,"sc":2,"lpe":96.09,"lpr":6234.35,"lq":1.0,"d":1371},{"pi":"7093","pc":"Промышленные товары","ss":500,"td":"Центр города","dc":1,"n":562.18,"vc":"более 1 000","sl":"Нормальный","sv":"более 100","p":25000.0,"q":32.43,"b":0.0,"ms":0.5,"wi":66.16,"ei":6.9,"as":452.74,"mi":"E","mv":29392,"sc":2,"lpe":96.09,"lpr":6234.35,"lq":1.0,"d":1371},{"pi":"7093","pc":"Промышленные товары","ss":100000,"td":"Центр города","dc":1,"n":625.74,"vc":"около 500 000","sl":"Элитный","sv":"около 500","p":25000.0,"q":32.56,"b":0.0,"ms":4.76,"wi":77.91,"ei":9.63,"as":1565.9,"mi":"E","mv":6813,"sc":1,"lpe":95.24,"lpr":6369.68,"lq":1.0,"d":169},{"pi":"7093","pc":"Промышленные товары","ss":10000,"td":"Центр города","dc":1,"n":553.91,"vc":"более 20 000","sl":"Элитный","sv":"более 1 000","p":4000.0,"q":40.21,"b":7.3,"ms":12.44,"wi":53.39,"ei":8.85,"as":536.19,"mi":"E","mv":9650,"sc":1,"lpe":87.56,"lpr":1348.69,"lq":1.2,"d":410}]