[{"pi":"351577","pc":"Ювелирные изделия","ss":1000,"td":"Фешенебельный район","dc":1,"n":569.4,"vc":"более 1 000","sl":"Элитный","sv":"около 50","p":3220000.0,"q":29.83,"b":3.83,"ms":8.29,"wi":112.04,"ei":5.7,"as":525.47,"mi":"E","mv":796,"sc":2,"lpe":91.08,"lpr":238215.37,"lq":1.13,"d":632},{"pi":"351577","pc":"Ювелирные изделия","ss":1000,"td":"Центр города","dc":1,"n":338.77,"vc":"более 1 000","sl":"Очень высокий","sv":"менее 50","p":400000.0,"q":21.78,"b":0.05,"ms":0.63,"wi":112.04,"ei":5.7,"as":525.47,"mi":"E","mv":796,"sc":2,"lpe":91.08,"lpr":238215.37,"lq":1.13,"d":632},{"pi":"351577","pc":"Ювелирные изделия","ss":500,"td":"Фешенебельный район","dc":1,"n":686.09,"vc":"около 500","sl":"Очень высокий","sv":"около 50","p":304829.39,"q":25.46,"b":2.77,"ms":12.68,"wi":41.72,"ei":8.52,"as":366.56,"mi":"E","mv":473,"sc":2,"lpe":83.93,"lpr":116107.69,"lq":6.39,"d":459},{"pi":"351577","pc":"Ювелирные изделия","ss":1000,"td":"Фешенебельный район","dc":1,"n":288.11,"vc":"более 200","sl":"Элитный","sv":"менее 50","p":200000.0,"q":12.38,"b":0.17,"ms":3.38,"wi":41.72,"ei":8.52,"as":366.56,"mi":"E","mv":473,"sc":2,"lpe":83.93,"lpr":116107.69,"lq":6.39,"d":459},{"pi":"351577","pc":"Ювелирные изделия","ss":500,"td":"Фешенебельный район","dc":1,"n":622.86,"vc":"около 500","sl":"Очень высокий","sv":"менее 50","p":543138.67,"q":24.49,"b":2.77,"ms":4.14,"wi":33.06,"ei":10.02,"as":247.03,"mi":"E","mv":725,"sc":1,"lpe":95.86,"lpr":200618.2,"lq":1.0,"d":4689},{"pi":"351577","pc":"Ювелирные изделия","ss":500,"td":"Фешенебельный район","dc":1,"n":599.3,"vc":"около 500","sl":"Очень высокий","sv":"около 50","p":901509.2,"q":24.49,"b":2.77,"ms":6.88,"wi":75.85,"ei":12.1,"as":729.22,"mi":"E","mv":1017,"sc":2,"lpe":92.53,"lpr":332988.91,"lq":1.0,"d":1235},{"pi":"351577","pc":"Ювелирные изделия","ss":1000,"td":"Центр города","dc":1,"n":36.01,"vc":"около 500","sl":"Элитный","sv":"менее 50","p":3000000.0,"q":27.78,"b":0.11,"ms":0.59,"wi":75.85,"ei":12.1,"as":729.22,"mi":"E","mv":1017,"sc":2,"lpe":92.53,"lpr":332988.91,"lq":1.0,"d":1235},{"pi":"351577","pc":"Ювелирные изделия","ss":10000,"td":"Центр города","dc":2,"n":267.07,"vc":"около 5 000","sl":"Нормальный","sv":"менее 50","p":450000.0,"q":11.8,"b":0.0,"ms":2.97,"wi":59.58,"ei":5.32,"as":655.26,"mi":"E","mv":236,"sc":2,"lpe":95.34,"lpr":342593.23,"lq":1.0,"d":422},{"pi":"351577","pc":"Ювелирные изделия","ss":10000,"td":"Фешенебельный район","dc":10,"n":668.34,"vc":"более 10 000","sl":"Нормальный","sv":"менее 50","p":2200221.82,"q":23.93,"b":0.0,"ms":1.69,"wi":59.58,"ei":5.32,"as":655.26,"mi":"E","mv":236,"sc":2,"lpe":95.34,"lpr":342593.23,"lq":1.0,"d":422},{"pi":"351577","pc":"Ювелирные изделия","ss":100000,"td":"Фешенебельный район","dc":9,"n":675.32,"vc":"около 500 000","sl":"Низкий","sv":"более 100","p":2209505.94,"q":24.65,"b":3.03,"ms":4.04,"wi":60.32,"ei":7.58,"as":403.37,"mi":"E","mv":3092,"sc":2,"lpe":95.92,"lpr":393058.93,"lq":1.0,"d":2108},{"pi":"351577","pc":"Ювелирные изделия","ss":100000,"td":"Центр города","dc":5,"n":93.1,"vc":"около 10 000","sl":"Элитный","sv":"менее 50","p":999713.09,"q":19.41,"b":0.0,"ms":0.03,"wi":60.32,"ei":7.58,"as":403.37,"mi":"E","mv":3092,"sc":2,"lpe":95.92,"lpr":393058.93,"lq":1.0,"d":2108},{"pi":"351577","pc":"Ювелирные изделия","ss":10000,"td":"Центр города","dc":1,"n":374.53,"vc":"около 10 000","sl":"Элитный","sv":"менее 50","p":1055000.0,"q":19.01,"b":0.0,"ms":3.23,"wi":28.02,"ei":4.53,"as":210.95,"mi":"E","mv":310,"sc":1,"lpe":96.77,"lpr":126857.92,"lq":1.0,"d":667},{"pi":"351577","pc":"Ювелирные изделия","ss":100000,"td":"Центр города","dc":1,"n":533.7,"vc":"около 1 000 000","sl":"Очень высокий","sv":"более 1 000","p":280000.0,"q":27.5,"b":5.2,"ms":27.39,"wi":82.91,"ei":6.91,"as":1080.49,"mi":"E","mv":4046,"sc":3,"lpe":67.4,"lpr":91626.9,"lq":4.32,"d":5342},{"pi":"351577","pc":"Ювелирные изделия","ss":100000,"td":"Фешенебельный район","dc":1,"n":639.24,"vc":"около 500 000","sl":"Элитный","sv":"более 200","p":630000.0,"q":29.46,"b":4.91,"ms":5.19,"wi":82.91,"ei":6.91,"as":1080.49,"mi":"E","mv":4046,"sc":3,"lpe":67.4,"lpr":91626.9,"lq":4.32,"d":5342},{"pi":"351577","pc":"Ювелирные изделия","ss":100000,"td":"Центр города","dc":1,"n":399.06,"vc":"более 100 000","sl":"Элитный","sv":"менее 50","p":1500000.0,"q":26.03,"b":0.2,"ms":0.02,"wi":82.91,"ei":6.91,"as":1080.49,"mi":"E","mv":4046,"sc":3,"lpe":67.4,"lpr":91626.9,"lq":4.32,"d":5342},{"pi":"351577","pc":"Ювелирные изделия","ss":10000,"td":"Фешенебельный район","dc":1,"n":604.69,"vc":"более 10 000","sl":"Элитный","sv":"около 50","p":1195000.0,"q":21.15,"b":0.0,"ms":8.06,"wi":54.27,"ei":6.85,"as":480.12,"mi":"E","mv":620,"sc":1,"lpe":91.94,"lpr":266389.77,"lq":1.0,"d":927},{"pi":"351577","pc":"Ювелирные изделия","ss":100000,"td":"Центр города","dc":1,"n":525.29,"vc":"около 500 000","sl":"Элитный","sv":"около 50","p":1550000.0,"q":29.11,"b":0.24,"ms":4.58,"wi":143.39,"ei":7.29,"as":661.55,"mi":"E","mv":1048,"sc":1,"lpe":95.42,"lpr":132364.78,"lq":1.0,"d":1029},{"pi":"351577","pc":"Ювелирные изделия","ss":100000,"td":"Центр города","dc":1,"n":507.56,"vc":"около 500 000","sl":"Элитный","sv":"около 50","p":1530301.0,"q":29.11,"b":0.24,"ms":3.51,"wi":91.16,"ei":12.05,"as":819.44,"mi":"E","mv":1368,"sc":1,"lpe":96.49,"lpr":138363.37,"lq":1.0,"d":1294},{"pi":"351577","pc":"Ювелирные изделия","ss":100000,"td":"Фешенебельный район","dc":1,"n":684.43,"vc":"более 200 000","sl":"Элитный","sv":"около 100","p":2500000.0,"q":28.34,"b":6.87,"ms":10.16,"wi":100.48,"ei":8.99,"as":853.23,"mi":"E","mv":984,"sc":1,"lpe":89.84,"lpr":583156.12,"lq":3.95,"d":708},{"pi":"351577","pc":"Ювелирные изделия","ss":100000,"td":"Центр города","dc":1,"n":601.33,"vc":"около 500 000","sl":"Очень высокий","sv":"около 50","p":1510000.0,"q":29.1,"b":0.24,"ms":6.11,"wi":78.18,"ei":10.65,"as":989.97,"mi":"E","mv":655,"sc":2,"lpe":93.74,"lpr":158685.89,"lq":1.0,"d":709},{"pi":"351577","pc":"Ювелирные изделия","ss":1000,"td":"Фешенебельный район","dc":1,"n":0.0,"vc":"около 50","sl":"Элитный","sv":"менее 50","p":445847.59,"q":14.21,"b":0.47,"ms":0.15,"wi":78.18,"ei":10.65,"as":989.97,"mi":"E","mv":655,"sc":2,"lpe":93.74,"lpr":158685.89,"lq":1.0,"d":709},{"pi":"351577","pc":"Ювелирные изделия","ss":10000,"td":"Фешенебельный район","dc":2,"n":481.3,"vc":"около 5 000","sl":"Элитный","sv":"менее 50","p":885000.0,"q":19.01,"b":0.0,"ms":0.68,"wi":59.46,"ei":5.22,"as":274.68,"mi":"E","mv":3662,"sc":1,"lpe":99.32,"lpr":275944.7,"lq":1.0,"d":2794},{"pi":"351577","pc":"Ювелирные изделия","ss":100000,"td":"Центр города","dc":1,"n":668.53,"vc":"около 500 000","sl":"Очень высокий","sv":"менее 50","p":1557375.0,"q":28.75,"b":0.0,"ms":0.81,"wi":34.77,"ei":7.11,"as":362.72,"mi":"E","mv":246,"sc":1,"lpe":99.19,"lpr":96863.03,"lq":1.0,"d":651},{"pi":"351577","pc":"Ювелирные изделия","ss":100000,"td":"Фешенебельный район","dc":3,"n":682.97,"vc":"более 100 000","sl":"Очень высокий","sv":"менее 50","p":389979.4,"q":24.49,"b":2.04,"ms":14.29,"wi":11.89,"ei":3.45,"as":237.04,"mi":"E","mv":70,"sc":1,"lpe":85.71,"lpr":157508.88,"lq":8.62,"d":1064},{"pi":"351577","pc":"Ювелирные изделия","ss":100000,"td":"Фешенебельный район","dc":1,"n":673.37,"vc":"более 100 000","sl":"Элитный","sv":"около 100","p":1001082.09,"q":16.75,"b":0.0,"ms":62.82,"wi":43.53,"ei":6.61,"as":378.09,"mi":"D","mv":156,"sc":1,"lpe":37.18,"lpr":115839.27,"lq":2.17,"d":307},{"pi":"351577","pc":"Ювелирные изделия","ss":100000,"td":"Фешенебельный район","dc":4,"n":659.02,"vc":"более 100 000","sl":"Очень высокий","sv":"менее 50","p":220521.96,"q":24.49,"b":2.04,"ms":7.09,"wi":8.4,"ei":4.77,"as":178.57,"mi":"E","mv":141,"sc":1,"lpe":92.91,"lpr":92127.12,"lq":1.0,"d":2751},{"pi":"351577","pc":"Ювелирные изделия","ss":100000,"td":"Фешенебельный район","dc":1,"n":679.87,"vc":"более 200 000","sl":"Элитный","sv":"более 1 000","p":65000.0,"q":25.97,"b":6.11,"ms":41.88,"wi":37.55,"ei":6.21,"as":298.77,"mi":"E","mv":2865,"sc":1,"lpe":58.12,"lpr":6681.53,"lq":11.0,"d":3530},{"pi":"351577","pc":"Ювелирные изделия","ss":100000,"td":"Фешенебельный район","dc":1,"n":680.25,"vc":"около 500 000","sl":"Элитный","sv":"около 1 000","p":630000.0,"q":29.46,"b":4.91,"ms":24.54,"wi":74.13,"ei":6.14,"as":484.11,"mi":"E","mv":3382,"sc":1,"lpe":75.46,"lpr":151680.9,"lq":8.18,"d":2838},{"pi":"351577","pc":"Ювелирные изделия","ss":100000,"td":"Фешенебельный район","dc":1,"n":671.62,"vc":"около 500 000","sl":"Элитный","sv":"около 500","p":630000.0,"q":29.46,"b":4.91,"ms":14.1,"wi":65.25,"ei":7.61,"as":597.75,"mi":"E","mv":2483,"sc":1,"lpe":85.9,"lpr":99712.04,"lq":3.42,"d":2865},{"pi":"351577","pc":"Ювелирные изделия","ss":100000,"td":"Центр города","dc":1,"n":557.98,"vc":"около 500 000","sl":"Очень высокий","sv":"более 100","p":1205007.71,"q":18.63,"b":0.0,"ms":11.92,"wi":61.68,"ei":6.38,"as":682.97,"mi":"E","mv":1401,"sc":1,"lpe":88.08,"lpr":126242.02,"lq":1.0,"d":1923},{"pi":"351577","pc":"Ювелирные изделия","ss":100000,"td":"Фешенебельный район","dc":1,"n":694.64,"vc":"более 300 000","sl":"Элитный","sv":"около 50","p":3060000.0,"q":30.67,"b":5.19,"ms":1.98,"wi":164.51,"ei":10.67,"as":1516.17,"mi":"E","mv":2521,"sc":3,"lpe":96.07,"lpr":193353.21,"lq":1.35,"d":1885},{"pi":"351577","pc":"Ювелирные изделия","ss":100000,"td":"Центр города","dc":1,"n":460.88,"vc":"более 200 000","sl":"Элитный","sv":"около 50","p":1557101.25,"q":29.11,"b":0.24,"ms":1.9,"wi":164.51,"ei":10.67,"as":1516.17,"mi":"E","mv":2521,"sc":3,"lpe":96.07,"lpr":193353.21,"lq":1.35,"d":1885},{"pi":"351577","pc":"Ювелирные изделия","ss":100000,"td":"Спальный район","dc":10,"n":423.49,"vc":"более 100 000","sl":"Нормальный","sv":"менее 50","p":2400000.0,"q":19.63,"b":0.99,"ms":0.04,"wi":164.51,"ei":10.67,"as":1516.17,"mi":"E","mv":2521,"sc":3,"lpe":96.07,"lpr":193353.21,"lq":1.35,"d":1885},{"pi":"351577","pc":"Ювелирные изделия","ss":500,"td":"Фешенебельный район","dc":1,"n":601.02,"vc":"около 500","sl":"Очень высокий","sv":"менее 50","p":1144054.73,"q":24.49,"b":4.01,"ms":1.85,"wi":61.55,"ei":11.03,"as":913.67,"mi":"E","mv":1620,"sc":1,"lpe":98.15,"lpr":423921.68,"lq":1.0,"d":12392},{"pi":"351577","pc":"Ювелирные изделия","ss":100000,"td":"Центр города","dc":1,"n":469.0,"vc":"более 200 000","sl":"Очень высокий","sv":"около 50","p":2000000.0,"q":18.32,"b":0.0,"ms":6.4,"wi":120.4,"ei":7.25,"as":2008.8,"mi":"E","mv":906,"sc":2,"lpe":91.39,"lpr":265303.42,"lq":1.0,"d":663},{"pi":"351577","pc":"Ювелирные изделия","ss":100000,"td":"Фешенебельный район","dc":1,"n":570.21,"vc":"около 50 000","sl":"Элитный","sv":"менее 50","p":2000000.0,"q":19.01,"b":0.0,"ms":2.21,"wi":120.4,"ei":7.25,"as":2008.8,"mi":"E","mv":906,"sc":2,"lpe":91.39,"lpr":265303.42,"lq":1.0,"d":663},{"pi":"351577","pc":"Ювелирные изделия","ss":100000,"td":"Центр города","dc":10,"n":659.02,"vc":"более 1 000 000","sl":"Очень низкий","sv":"около 50","p":2145929.89,"q":24.74,"b":2.53,"ms":3.66,"wi":46.24,"ei":8.6,"as":391.35,"mi":"E","mv":1201,"sc":1,"lpe":96.34,"lpr":208311.76,"lq":1.0,"d":1658},{"pi":"351577","pc":"Ювелирные изделия","ss":100000,"td":"Центр города","dc":1,"n":529.03,"vc":"около 500 000","sl":"Элитный","sv":"около 50","p":1520100.0,"q":29.13,"b":0.23,"ms":3.32,"wi":38.49,"ei":9.05,"as":665.36,"mi":"E","mv":1297,"sc":1,"lpe":96.68,"lpr":117024.32,"lq":1.0,"d":1893},{"pi":"351577","pc":"Ювелирные изделия","ss":10000,"td":"Центр города","dc":3,"n":297.03,"vc":"около 10 000","sl":"Элитный","sv":"менее 50","p":205000.0,"q":17.95,"b":0.17,"ms":1.83,"wi":24.23,"ei":4.88,"as":222.61,"mi":"E","mv":1365,"sc":1,"lpe":98.17,"lpr":110643.26,"lq":1.0,"d":1468},{"pi":"351577","pc":"Ювелирные изделия","ss":100000,"td":"Центр города","dc":10,"n":661.35,"vc":"более 1 000 000","sl":"Очень низкий","sv":"менее 50","p":2091724.42,"q":23.92,"b":2.78,"ms":1.57,"wi":13.53,"ei":4.37,"as":286.06,"mi":"E","mv":191,"sc":1,"lpe":98.43,"lpr":134182.62,"lq":1.0,"d":1145},{"pi":"351577","pc":"Ювелирные изделия","ss":100000,"td":"Фешенебельный район","dc":1,"n":424.68,"vc":"более 20 000","sl":"Элитный","sv":"более 100","p":1490000.0,"q":21.06,"b":0.03,"ms":9.48,"wi":41.97,"ei":4.43,"as":182.26,"mi":"E","mv":1582,"sc":2,"lpe":90.01,"lpr":234397.4,"lq":1.0,"d":1812},{"pi":"351577","pc":"Ювелирные изделия","ss":10000,"td":"Фешенебельный район","dc":1,"n":413.74,"vc":"более 2 000","sl":"Высокий","sv":"менее 50","p":930964.78,"q":18.92,"b":0.0,"ms":0.51,"wi":41.97,"ei":4.43,"as":182.26,"mi":"E","mv":1582,"sc":2,"lpe":90.01,"lpr":234397.4,"lq":1.0,"d":1812},{"pi":"351577","pc":"Ювелирные изделия","ss":100000,"td":"Центр города","dc":1,"n":409.2,"vc":"более 200 000","sl":"Элитный","sv":"около 50","p":1100000.0,"q":19.49,"b":0.0,"ms":1.41,"wi":41.76,"ei":8.78,"as":296.55,"mi":"E","mv":4339,"sc":3,"lpe":96.87,"lpr":113012.24,"lq":1.0,"d":4441},{"pi":"351577","pc":"Ювелирные изделия","ss":100000,"td":"Центр города","dc":1,"n":454.82,"vc":"более 300 000","sl":"Элитный","sv":"около 50","p":1502500.0,"q":29.11,"b":0.16,"ms":1.11,"wi":41.76,"ei":8.78,"as":296.55,"mi":"E","mv":4339,"sc":3,"lpe":96.87,"lpr":113012.24,"lq":1.0,"d":4441},{"pi":"351577","pc":"Ювелирные изделия","ss":100000,"td":"Центр города","dc":1,"n":367.7,"vc":"более 100 000","sl":"Элитный","sv":"менее 50","p":1270000.0,"q":13.45,"b":0.0,"ms":0.62,"wi":41.76,"ei":8.78,"as":296.55,"mi":"E","mv":4339,"sc":3,"lpe":96.87,"lpr":113012.24,"lq":1.0,"d":4441},{"pi":"351577","pc":"Ювелирные изделия","ss":100000,"td":"Центр города","dc":10,"n":668.34,"vc":"более 1 000 000","sl":"Очень низкий","sv":"менее 50","p":2119493.21,"q":23.9,"b":2.78,"ms":0.06,"wi":28.04,"ei":5.17,"as":266.66,"mi":"E","mv":1734,"sc":1,"lpe":99.94,"lpr":126734.12,"lq":1.0,"d":2384},{"pi":"351577","pc":"Ювелирные изделия","ss":100000,"td":"Центр города","dc":4,"n":375.11,"vc":"около 50 000","sl":"Элитный","sv":"около 50","p":75000.0,"q":17.95,"b":1.66,"ms":4.39,"wi":14.37,"ei":5.04,"as":282.68,"mi":"E","mv":798,"sc":1,"lpe":95.61,"lpr":47646.06,"lq":1.0,"d":2100},{"pi":"351577","pc":"Ювелирные изделия","ss":100000,"td":"Фешенебельный район","dc":5,"n":694.69,"vc":"более 100 000","sl":"Высокий","sv":"около 100","p":235059.29,"q":25.01,"b":3.56,"ms":21.14,"wi":42.38,"ei":5.57,"as":567.91,"mi":"E","mv":402,"sc":1,"lpe":78.86,"lpr":90738.72,"lq":4.77,"d":452},{"pi":"351577","pc":"Ювелирные изделия","ss":100000,"td":"Фешенебельный район","dc":5,"n":700.0,"vc":"более 100 000","sl":"Очень высокий","sv":"около 50","p":198938.55,"q":26.52,"b":3.56,"ms":19.53,"wi":35.04,"ei":5.0,"as":551.0,"mi":"E","mv":256,"sc":2,"lpe":76.95,"lpr":78631.47,"lq":4.24,"d":265},{"pi":"351577","pc":"Ювелирные изделия","ss":100000,"td":"Центр города","dc":3,"n":32.32,"vc":"более 1 000","sl":"Элитный","sv":"менее 50","p":170000.0,"q":20.8,"b":0.0,"ms":3.52,"wi":35.04,"ei":5.0,"as":551.0,"mi":"E","mv":256,"sc":2,"lpe":76.95,"lpr":78631.47,"lq":4.24,"d":265},{"pi":"351577","pc":"Ювелирные изделия","ss":100000,"td":"Центр города","dc":1,"n":637.05,"vc":"около 500 000","sl":"Очень высокий","sv":"менее 50","p":1500000.0,"q":29.29,"b":0.24,"ms":3.22,"wi":74.46,"ei":10.04,"as":1361.71,"mi":"E","mv":622,"sc":1,"lpe":96.78,"lpr":141616.21,"lq":1.0,"d":541},{"pi":"351577","pc":"Ювелирные изделия","ss":100000,"td":"Фешенебельный район","dc":6,"n":675.48,"vc":"более 100 000","sl":"Высокий","sv":"менее 50","p":521849.0,"q":27.38,"b":2.65,"ms":5.59,"wi":60.58,"ei":10.27,"as":1004.55,"mi":"E","mv":447,"sc":1,"lpe":94.41,"lpr":383843.38,"lq":1.0,"d":950},{"pi":"351577","pc":"Ювелирные изделия","ss":100000,"td":"Фешенебельный район","dc":1,"n":470.5,"vc":"около 50 000","sl":"Элитный","sv":"менее 50","p":1512250.0,"q":29.03,"b":0.15,"ms":0.57,"wi":34.67,"ei":6.79,"as":342.3,"mi":"E","mv":2276,"sc":2,"lpe":99.38,"lpr":112751.49,"lq":1.0,"d":1895},{"pi":"351577","pc":"Ювелирные изделия","ss":100000,"td":"Центр города","dc":10,"n":663.68,"vc":"более 1 000 000","sl":"Очень низкий","sv":"менее 50","p":1686532.27,"q":23.53,"b":2.78,"ms":0.04,"wi":34.67,"ei":6.79,"as":342.3,"mi":"E","mv":2276,"sc":2,"lpe":99.38,"lpr":112751.49,"lq":1.0,"d":1895},{"pi":"351577","pc":"Ювелирные изделия","ss":100000,"td":"Фешенебельный район","dc":3,"n":655.28,"vc":"более 100 000","sl":"Элитный","sv":"около 50","p":400000.0,"q":26.2,"b":2.65,"ms":10.32,"wi":86.42,"ei":8.91,"as":872.27,"mi":"E","mv":378,"sc":1,"lpe":89.68,"lpr":504027.66,"lq":13.16,"d":416},{"pi":"351577","pc":"Ювелирные изделия","ss":100000,"td":"Спальный район","dc":3,"n":355.47,"vc":"около 100 000","sl":"Элитный","sv":"более 100","p":1111111.0,"q":19.26,"b":0.0,"ms":8.98,"wi":31.11,"ei":15.07,"as":449.38,"mi":"E","mv":2071,"sc":2,"lpe":90.05,"lpr":198096.23,"lq":1.0,"d":4857},{"pi":"351577","pc":"Ювелирные изделия","ss":100000,"td":"Центр города","dc":3,"n":369.37,"vc":"более 100 000","sl":"Элитный","sv":"менее 50","p":1250000.0,"q":19.01,"b":0.0,"ms":0.97,"wi":31.11,"ei":15.07,"as":449.38,"mi":"E","mv":2071,"sc":2,"lpe":90.05,"lpr":198096.23,"lq":1.0,"d":4857},{"pi":"351577","pc":"Ювелирные изделия","ss":500,"td":"Фешенебельный район","dc":1,"n":526.26,"vc":"около 500","sl":"Очень высокий","sv":"менее 50","p":1054158.53,"q":24.71,"b":2.61,"ms":0.52,"wi":57.77,"ei":9.84,"as":399.03,"mi":"E","mv":3095,"sc":1,"lpe":99.48,"lpr":502481.37,"lq":1.0,"d":3316},{"pi":"351577","pc":"Ювелирные изделия","ss":10000,"td":"Фешенебельный район","dc":2,"n":469.67,"vc":"более 2 000","sl":"Элитный","sv":"около 50","p":176000.0,"q":25.94,"b":2.61,"ms":21.82,"wi":23.29,"ei":5.97,"as":415.57,"mi":"E","mv":275,"sc":1,"lpe":78.18,"lpr":69119.57,"lq":3.65,"d":898},{"pi":"351577","pc":"Ювелирные изделия","ss":100000,"td":"Фешенебельный район","dc":5,"n":551.23,"vc":"около 50 000","sl":"Элитный","sv":"более 100","p":91000.0,"q":24.73,"b":2.61,"ms":14.1,"wi":37.38,"ei":4.52,"as":259.04,"mi":"E","mv":1135,"sc":1,"lpe":85.9,"lpr":123191.03,"lq":6.31,"d":1657},{"pi":"351577","pc":"Ювелирные изделия","ss":10000,"td":"Спальный район","dc":1,"n":528.33,"vc":"более 20 000","sl":"Элитный","sv":"около 50","p":1900000.0,"q":18.85,"b":0.0,"ms":11.66,"wi":93.35,"ei":7.05,"as":574.67,"mi":"E","mv":446,"sc":1,"lpe":88.34,"lpr":436493.48,"lq":8.62,"d":533},{"pi":"351577","pc":"Ювелирные изделия","ss":100000,"td":"Центр города","dc":1,"n":518.07,"vc":"более 300 000","sl":"Элитный","sv":"менее 50","p":1550000.0,"q":29.41,"b":0.23,"ms":0.55,"wi":73.51,"ei":5.78,"as":394.18,"mi":"E","mv":2189,"sc":1,"lpe":99.45,"lpr":117976.84,"lq":1.0,"d":1203},{"pi":"351577","pc":"Ювелирные изделия","ss":100000,"td":"Центр города","dc":1,"n":454.17,"vc":"более 200 000","sl":"Элитный","sv":"около 50","p":1520100.0,"q":29.11,"b":0.23,"ms":1.87,"wi":101.91,"ei":5.55,"as":756.37,"mi":"E","mv":2565,"sc":2,"lpe":97.27,"lpr":224870.83,"lq":1.0,"d":2460},{"pi":"351577","pc":"Ювелирные изделия","ss":100000,"td":"Фешенебельный район","dc":1,"n":681.04,"vc":"около 500 000","sl":"Элитный","sv":"менее 50","p":2920000.0,"q":30.67,"b":3.71,"ms":0.86,"wi":101.91,"ei":5.55,"as":756.37,"mi":"E","mv":2565,"sc":2,"lpe":97.27,"lpr":224870.83,"lq":1.0,"d":2460},{"pi":"351577","pc":"Ювелирные изделия","ss":100000,"td":"Фешенебельный район","dc":5,"n":603.26,"vc":"около 50 000","sl":"Элитный","sv":"более 100","p":155000.0,"q":25.34,"b":2.61,"ms":46.41,"wi":31.57,"ei":4.58,"as":303.68,"mi":"E","mv":237,"sc":1,"lpe":53.59,"lpr":66136.38,"lq":3.67,"d":270},{"pi":"351577","pc":"Ювелирные изделия","ss":1000,"td":"Фешенебельный район","dc":1,"n":513.16,"vc":"более 1 000","sl":"Элитный","sv":"около 100","p":1225000.0,"q":30.92,"b":3.85,"ms":4.16,"wi":63.62,"ei":6.37,"as":335.74,"mi":"E","mv":2406,"sc":2,"lpe":93.1,"lpr":149931.63,"lq":1.0,"d":2140},{"pi":"351577","pc":"Ювелирные изделия","ss":500,"td":"Фешенебельный район","dc":1,"n":569.83,"vc":"около 500","sl":"Очень высокий","sv":"около 50","p":405878.6,"q":24.47,"b":2.57,"ms":2.74,"wi":63.62,"ei":6.37,"as":335.74,"mi":"E","mv":2406,"sc":2,"lpe":93.1,"lpr":149931.63,"lq":1.0,"d":2140},{"pi":"351577","pc":"Ювелирные изделия","ss":100000,"td":"Центр города","dc":1,"n":490.23,"vc":"около 500 000","sl":"Элитный","sv":"менее 50","p":1502500.0,"q":29.41,"b":0.23,"ms":0.86,"wi":80.2,"ei":6.07,"as":814.94,"mi":"E","mv":2104,"sc":2,"lpe":99.1,"lpr":124725.77,"lq":1.0,"d":1730},{"pi":"351577","pc":"Ювелирные изделия","ss":100000,"td":"Центр города","dc":1,"n":440.97,"vc":"более 100 000","sl":"Элитный","sv":"менее 50","p":2000000.0,"q":26.02,"b":0.2,"ms":0.05,"wi":80.2,"ei":6.07,"as":814.94,"mi":"E","mv":2104,"sc":2,"lpe":99.1,"lpr":124725.77,"lq":1.0,"d":1730},{"pi":"351577","pc":"Ювелирные изделия","ss":100000,"td":"Центр города","dc":1,"n":316.29,"vc":"более 100 000","sl":"Элитный","sv":"около 100","p":2500000.0,"q":29.02,"b":0.08,"ms":0.74,"wi":105.21,"ei":13.87,"as":803.35,"mi":"E","mv":10077,"sc":3,"lpe":98.13,"lpr":527083.52,"lq":7.07,"d":9315},{"pi":"351577","pc":"Ювелирные изделия","ss":100000,"td":"Фешенебельный район","dc":1,"n":582.4,"vc":"более 200 000","sl":"Элитный","sv":"около 50","p":700000.0,"q":29.6,"b":4.67,"ms":0.58,"wi":105.21,"ei":13.87,"as":803.35,"mi":"E","mv":10077,"sc":3,"lpe":98.13,"lpr":527083.52,"lq":7.07,"d":9315},{"pi":"351577","pc":"Ювелирные изделия","ss":10000,"td":"Центр города","dc":1,"n":310.94,"vc":"более 10 000","sl":"Элитный","sv":"около 50","p":450000.0,"q":17.47,"b":2.73,"ms":0.55,"wi":105.21,"ei":13.87,"as":803.35,"mi":"E","mv":10077,"sc":3,"lpe":98.13,"lpr":527083.52,"lq":7.07,"d":9315},{"pi":"351577","pc":"Ювелирные изделия","ss":100000,"td":"Фешенебельный район","dc":1,"n":628.06,"vc":"около 500 000","sl":"Элитный","sv":"около 500","p":900000.0,"q":26.88,"b":3.71,"ms":6.1,"wi":57.42,"ei":5.96,"as":448.87,"mi":"E","mv":6554,"sc":3,"lpe":87.49,"lpr":242047.68,"lq":3.21,"d":5974},{"pi":"351577","pc":"Ювелирные изделия","ss":100000,"td":"Фешенебельный район","dc":1,"n":650.5,"vc":"около 500 000","sl":"Элитный","sv":"около 300","p":900000.0,"q":26.88,"b":3.71,"ms":4.58,"wi":57.42,"ei":5.96,"as":448.87,"mi":"E","mv":6554,"sc":3,"lpe":87.49,"lpr":242047.68,"lq":3.21,"d":5974},{"pi":"351577","pc":"Ювелирные изделия","ss":100000,"td":"Фешенебельный район","dc":4,"n":574.88,"vc":"более 100 000","sl":"Высокий","sv":"более 100","p":498399.36,"q":25.7,"b":2.01,"ms":1.83,"wi":57.42,"ei":5.96,"as":448.87,"mi":"E","mv":6554,"sc":3,"lpe":87.49,"lpr":242047.68,"lq":3.21,"d":5974},{"pi":"351577","pc":"Ювелирные изделия","ss":1000,"td":"Центр города","dc":9,"n":671.79,"vc":"более 10 000","sl":"Очень низкий","sv":"менее 50","p":2243970.57,"q":23.9,"b":3.69,"ms":0.83,"wi":23.35,"ei":7.51,"as":308.94,"mi":"E","mv":121,"sc":1,"lpe":99.17,"lpr":209554.08,"lq":1.0,"d":610},{"pi":"351577","pc":"Ювелирные изделия","ss":10000,"td":"Центр города","dc":1,"n":355.22,"vc":"более 10 000","sl":"Элитный","sv":"около 100","p":450000.0,"q":17.47,"b":2.73,"ms":1.45,"wi":89.8,"ei":6.71,"as":470.88,"mi":"E","mv":6874,"sc":2,"lpe":97.85,"lpr":287782.0,"lq":1.0,"d":4994},{"pi":"351577","pc":"Ювелирные изделия","ss":100000,"td":"Центр города","dc":1,"n":339.14,"vc":"более 100 000","sl":"Элитный","sv":"около 50","p":2500000.0,"q":29.11,"b":0.08,"ms":0.7,"wi":89.8,"ei":6.71,"as":470.88,"mi":"E","mv":6874,"sc":2,"lpe":97.85,"lpr":287782.0,"lq":1.0,"d":4994},{"pi":"351577","pc":"Ювелирные изделия","ss":1000,"td":"Фешенебельный район","dc":1,"n":637.34,"vc":"около 500","sl":"Элитный","sv":"менее 50","p":1500000.0,"q":20.81,"b":0.0,"ms":33.33,"wi":57.24,"ei":8.33,"as":1106.11,"mi":"E","mv":54,"sc":1,"lpe":66.67,"lpr":512785.47,"lq":1.26,"d":892},{"pi":"351577","pc":"Ювелирные изделия","ss":500,"td":"Фешенебельный район","dc":1,"n":699.27,"vc":"около 500","sl":"Очень высокий","sv":"менее 50","p":278292.07,"q":24.49,"b":2.08,"ms":9.05,"wi":64.91,"ei":10.23,"as":1395.94,"mi":"E","mv":221,"sc":2,"lpe":89.14,"lpr":180189.38,"lq":4.08,"d":185},{"pi":"351577","pc":"Ювелирные изделия","ss":1000,"td":"Фешенебельный район","dc":3,"n":509.57,"vc":"около 500","sl":"Элитный","sv":"менее 50","p":650000.0,"q":28.65,"b":0.0,"ms":1.81,"wi":64.91,"ei":10.23,"as":1395.94,"mi":"E","mv":221,"sc":2,"lpe":89.14,"lpr":180189.38,"lq":4.08,"d":185},{"pi":"351577","pc":"Ювелирные изделия","ss":100000,"td":"Фешенебельный район","dc":8,"n":510.45,"vc":"около 100 000","sl":"Очень высокий","sv":"более 100","p":529366.02,"q":24.86,"b":0.12,"ms":2.36,"wi":61.93,"ei":9.19,"as":614.3,"mi":"E","mv":4653,"sc":2,"lpe":97.34,"lpr":296101.11,"lq":1.0,"d":4618},{"pi":"351577","pc":"Ювелирные изделия","ss":100000,"td":"Центр города","dc":1,"n":333.66,"vc":"более 100 000","sl":"Элитный","sv":"менее 50","p":3600000.0,"q":27.78,"b":0.11,"ms":0.3,"wi":61.93,"ei":9.19,"as":614.3,"mi":"E","mv":4653,"sc":2,"lpe":97.34,"lpr":296101.11,"lq":1.0,"d":4618},{"pi":"351577","pc":"Ювелирные изделия","ss":100000,"td":"Фешенебельный район","dc":7,"n":458.48,"vc":"более 20 000","sl":"Элитный","sv":"около 50","p":51767.56,"q":26.05,"b":0.12,"ms":3.63,"wi":16.33,"ei":5.65,"as":287.99,"mi":"E","mv":1793,"sc":1,"lpe":96.37,"lpr":19389.32,"lq":1.0,"d":1357},{"pi":"351577","pc":"Ювелирные изделия","ss":500,"td":"Фешенебельный район","dc":1,"n":574.53,"vc":"более 200","sl":"Элитный","sv":"около 50","p":1500000.0,"q":29.04,"b":0.15,"ms":7.24,"wi":128.93,"ei":6.4,"as":1037.46,"mi":"E","mv":649,"sc":2,"lpe":89.37,"lpr":297507.55,"lq":1.0,"d":551},{"pi":"351577","pc":"Ювелирные изделия","ss":500,"td":"Фешенебельный район","dc":1,"n":574.53,"vc":"более 200","sl":"Элитный","sv":"менее 50","p":1502500.0,"q":29.19,"b":0.16,"ms":3.39,"wi":128.93,"ei":6.4,"as":1037.46,"mi":"E","mv":649,"sc":2,"lpe":89.37,"lpr":297507.55,"lq":1.0,"d":551},{"pi":"351577","pc":"Ювелирные изделия","ss":100000,"td":"Фешенебельный район","dc":8,"n":537.62,"vc":"около 50 000","sl":"Очень высокий","sv":"более 100","p":100300.0,"q":26.07,"b":2.47,"ms":9.35,"wi":50.57,"ei":6.85,"as":545.07,"mi":"E","mv":1219,"sc":1,"lpe":90.65,"lpr":95043.05,"lq":1.0,"d":676},{"pi":"351577","pc":"Ювелирные изделия","ss":100000,"td":"Фешенебельный район","dc":9,"n":687.11,"vc":"более 200 000","sl":"Низкий","sv":"около 50","p":380000.0,"q":25.04,"b":0.12,"ms":7.68,"wi":33.2,"ei":8.56,"as":343.95,"mi":"E","mv":911,"sc":1,"lpe":92.32,"lpr":108462.18,"lq":1.0,"d":1298},{"pi":"351577","pc":"Ювелирные изделия","ss":100000,"td":"Центр города","dc":8,"n":63.99,"vc":"около 5 000","sl":"Элитный","sv":"менее 50","p":745000.0,"q":19.37,"b":0.0,"ms":0.26,"wi":25.85,"ei":4.86,"as":167.58,"mi":"E","mv":774,"sc":1,"lpe":99.74,"lpr":81366.23,"lq":1.0,"d":654},{"pi":"351577","pc":"Ювелирные изделия","ss":100000,"td":"Фешенебельный район","dc":5,"n":691.35,"vc":"более 200 000","sl":"Высокий","sv":"около 100","p":267781.87,"q":24.69,"b":2.47,"ms":7.4,"wi":43.27,"ei":5.67,"as":599.6,"mi":"E","mv":1081,"sc":1,"lpe":92.6,"lpr":170416.7,"lq":1.0,"d":1065},{"pi":"351577","pc":"Ювелирные изделия","ss":100000,"td":"Фешенебельный район","dc":6,"n":660.32,"vc":"более 100 000","sl":"Очень высокий","sv":"более 100","p":145000.0,"q":26.52,"b":5.24,"ms":31.17,"wi":39.5,"ei":5.7,"as":354.74,"mi":"E","mv":385,"sc":1,"lpe":68.83,"lpr":102984.84,"lq":5.53,"d":601},{"pi":"351577","pc":"Ювелирные изделия","ss":100000,"td":"Фешенебельный район","dc":5,"n":688.16,"vc":"более 100 000","sl":"Очень высокий","sv":"более 100","p":96957.6,"q":26.48,"b":5.24,"ms":67.16,"wi":47.26,"ei":5.95,"as":452.56,"mi":"D","mv":201,"sc":1,"lpe":32.84,"lpr":54306.86,"lq":2.82,"d":501},{"pi":"351577","pc":"Ювелирные изделия","ss":100000,"td":"Центр города","dc":10,"n":72.15,"vc":"около 5 000","sl":"Очень высокий","sv":"менее 50","p":1100000.0,"q":19.49,"b":0.0,"ms":0.05,"wi":21.66,"ei":13.94,"as":274.27,"mi":"E","mv":1865,"sc":1,"lpe":99.95,"lpr":155892.83,"lq":1.0,"d":6021},{"pi":"351577","pc":"Ювелирные изделия","ss":100000,"td":"Фешенебельный район","dc":2,"n":674.45,"vc":"около 500 000","sl":"Очень высокий","sv":"около 100","p":1702281.55,"q":20.94,"b":0.03,"ms":4.79,"wi":30.42,"ei":13.36,"as":350.27,"mi":"E","mv":1733,"sc":1,"lpe":95.21,"lpr":157408.2,"lq":1.0,"d":3072},{"pi":"351577","pc":"Ювелирные изделия","ss":100000,"td":"Центр города","dc":1,"n":481.78,"vc":"более 100 000","sl":"Элитный","sv":"около 50","p":2000000.0,"q":26.02,"b":0.2,"ms":7.89,"wi":153.98,"ei":9.67,"as":1800.45,"mi":"E","mv":583,"sc":2,"lpe":90.39,"lpr":260293.61,"lq":9.62,"d":853},{"pi":"351577","pc":"Ювелирные изделия","ss":100000,"td":"Центр города","dc":1,"n":520.04,"vc":"более 200 000","sl":"Элитный","sv":"менее 50","p":1300000.0,"q":19.49,"b":0.0,"ms":1.72,"wi":153.98,"ei":9.67,"as":1800.45,"mi":"E","mv":583,"sc":2,"lpe":90.39,"lpr":260293.61,"lq":9.62,"d":853},{"pi":"351577","pc":"Ювелирные изделия","ss":10000,"td":"Центр города","dc":1,"n":537.34,"vc":"более 20 000","sl":"Элитный","sv":"менее 50","p":1500000.0,"q":18.54,"b":0.0,"ms":3.49,"wi":65.41,"ei":7.32,"as":547.31,"mi":"E","mv":315,"sc":1,"lpe":96.51,"lpr":221874.4,"lq":1.0,"d":2424},{"pi":"351577","pc":"Ювелирные изделия","ss":10000,"td":"Центр города","dc":2,"n":358.04,"vc":"около 10 000","sl":"Элитный","sv":"менее 50","p":310000.0,"q":17.95,"b":1.66,"ms":5.43,"wi":48.69,"ei":4.23,"as":345.6,"mi":"E","mv":552,"sc":1,"lpe":94.57,"lpr":276771.96,"lq":1.0,"d":846},{"pi":"351577","pc":"Ювелирные изделия","ss":10000,"td":"Спальный район","dc":1,"n":417.83,"vc":"более 10 000","sl":"Элитный","sv":"около 50","p":450000.0,"q":17.47,"b":1.83,"ms":1.91,"wi":31.23,"ei":4.2,"as":320.36,"mi":"E","mv":2615,"sc":1,"lpe":98.09,"lpr":151324.85,"lq":1.0,"d":1576},{"pi":"351577","pc":"Ювелирные изделия","ss":10000,"td":"Фешенебельный район","dc":1,"n":357.63,"vc":"более 1 000","sl":"Элитный","sv":"около 100","p":895687.0,"q":14.71,"b":2.16,"ms":13.76,"wi":50.35,"ei":8.59,"as":388.78,"mi":"E","mv":705,"sc":1,"lpe":86.24,"lpr":251937.34,"lq":2.41,"d":1017},{"pi":"351577","pc":"Ювелирные изделия","ss":500,"td":"Центр города","dc":1,"n":95.24,"vc":"более 300","sl":"Элитный","sv":"менее 50","p":710000.0,"q":17.23,"b":0.0,"ms":0.09,"wi":50.92,"ei":6.29,"as":646.18,"mi":"E","mv":2121,"sc":1,"lpe":99.91,"lpr":137620.6,"lq":1.0,"d":1917},{"pi":"351577","pc":"Ювелирные изделия","ss":100000,"td":"Центр города","dc":1,"n":438.99,"vc":"более 200 000","sl":"Элитный","sv":"около 50","p":1569095.0,"q":29.11,"b":0.16,"ms":1.18,"wi":60.17,"ei":10.56,"as":378.1,"mi":"E","mv":4055,"sc":3,"lpe":98.45,"lpr":160277.25,"lq":1.0,"d":6232},{"pi":"351577","pc":"Ювелирные изделия","ss":10000,"td":"Фешенебельный район","dc":1,"n":46.56,"vc":"более 200","sl":"Элитный","sv":"менее 50","p":500000.0,"q":14.35,"b":0.0,"ms":0.25,"wi":60.17,"ei":10.56,"as":378.1,"mi":"E","mv":4055,"sc":3,"lpe":98.45,"lpr":160277.25,"lq":1.0,"d":6232},{"pi":"351577","pc":"Ювелирные изделия","ss":100000,"td":"Фешенебельный район","dc":4,"n":356.71,"vc":"более 10 000","sl":"Нормальный","sv":"менее 50","p":100000.0,"q":25.96,"b":1.39,"ms":0.12,"wi":60.17,"ei":10.56,"as":378.1,"mi":"E","mv":4055,"sc":3,"lpe":98.45,"lpr":160277.25,"lq":1.0,"d":6232},{"pi":"351577","pc":"Ювелирные изделия","ss":100000,"td":"Центр города","dc":1,"n":451.2,"vc":"более 100 000","sl":"Элитный","sv":"около 50","p":1500000.0,"q":29.11,"b":0.23,"ms":1.77,"wi":103.3,"ei":6.86,"as":986.71,"mi":"E","mv":2707,"sc":1,"lpe":98.23,"lpr":166510.54,"lq":1.0,"d":2516},{"pi":"351577","pc":"Ювелирные изделия","ss":100000,"td":"Фешенебельный район","dc":1,"n":534.12,"vc":"около 50 000","sl":"Элитный","sv":"менее 50","p":1502500.0,"q":29.16,"b":0.23,"ms":2.15,"wi":42.45,"ei":6.18,"as":710.29,"mi":"E","mv":1397,"sc":1,"lpe":97.85,"lpr":112691.01,"lq":1.0,"d":1357},{"pi":"351577","pc":"Ювелирные изделия","ss":100000,"td":"Фешенебельный район","dc":1,"n":615.42,"vc":"около 50 000","sl":"Элитный","sv":"около 50","p":1490000.0,"q":13.73,"b":0.0,"ms":27.32,"wi":51.07,"ei":5.68,"as":788.75,"mi":"E","mv":183,"sc":1,"lpe":72.68,"lpr":359460.49,"lq":1.22,"d":370},{"pi":"351577","pc":"Ювелирные изделия","ss":100000,"td":"Фешенебельный район","dc":6,"n":608.08,"vc":"около 100 000","sl":"Высокий","sv":"около 50","p":280000.0,"q":25.45,"b":2.11,"ms":10.44,"wi":48.24,"ei":14.26,"as":399.87,"mi":"E","mv":479,"sc":1,"lpe":89.56,"lpr":188310.41,"lq":9.55,"d":1446},{"pi":"351577","pc":"Ювелирные изделия","ss":100000,"td":"Центр города","dc":3,"n":144.75,"vc":"около 10 000","sl":"Элитный","sv":"более 100","p":250000.0,"q":21.79,"b":1.86,"ms":8.86,"wi":42.97,"ei":7.04,"as":689.17,"mi":"E","mv":1264,"sc":2,"lpe":88.77,"lpr":72726.75,"lq":1.5,"d":1215},{"pi":"351577","pc":"Ювелирные изделия","ss":100000,"td":"Фешенебельный район","dc":2,"n":653.78,"vc":"более 100 000","sl":"Элитный","sv":"менее 50","p":123566.82,"q":24.49,"b":3.56,"ms":2.37,"wi":42.97,"ei":7.04,"as":689.17,"mi":"E","mv":1264,"sc":2,"lpe":88.77,"lpr":72726.75,"lq":1.5,"d":1215},{"pi":"351577","pc":"Ювелирные изделия","ss":100000,"td":"Центр города","dc":1,"n":503.14,"vc":"около 500 000","sl":"Элитный","sv":"менее 50","p":950000.0,"q":19.01,"b":0.0,"ms":1.37,"wi":25.78,"ei":5.86,"as":525.34,"mi":"E","mv":730,"sc":1,"lpe":98.63,"lpr":234740.72,"lq":1.0,"d":2664},{"pi":"351577","pc":"Ювелирные изделия","ss":100000,"td":"Фешенебельный район","dc":4,"n":695.11,"vc":"более 100 000","sl":"Очень высокий","sv":"более 100","p":175953.16,"q":26.12,"b":3.56,"ms":23.26,"wi":37.68,"ei":5.52,"as":578.38,"mi":"E","mv":516,"sc":1,"lpe":76.74,"lpr":94275.82,"lq":5.01,"d":662},{"pi":"351577","pc":"Ювелирные изделия","ss":100000,"td":"Центр города","dc":3,"n":409.88,"vc":"более 100 000","sl":"Очень высокий","sv":"около 50","p":1000000.0,"q":19.01,"b":0.0,"ms":1.71,"wi":66.49,"ei":11.25,"as":422.13,"mi":"E","mv":2343,"sc":3,"lpe":97.27,"lpr":433068.38,"lq":1.0,"d":1852},{"pi":"351577","pc":"Ювелирные изделия","ss":100000,"td":"Фешенебельный район","dc":5,"n":463.18,"vc":"около 50 000","sl":"Высокий","sv":"менее 50","p":914428.45,"q":24.47,"b":2.11,"ms":0.85,"wi":66.49,"ei":11.25,"as":422.13,"mi":"E","mv":2343,"sc":3,"lpe":97.27,"lpr":433068.38,"lq":1.0,"d":1852},{"pi":"351577","pc":"Ювелирные изделия","ss":100000,"td":"Фешенебельный район","dc":9,"n":428.47,"vc":"более 20 000","sl":"Очень высокий","sv":"менее 50","p":2100000.0,"q":22.03,"b":2.74,"ms":0.17,"wi":66.49,"ei":11.25,"as":422.13,"mi":"E","mv":2343,"sc":3,"lpe":97.27,"lpr":433068.38,"lq":1.0,"d":1852},{"pi":"351577","pc":"Ювелирные изделия","ss":100000,"td":"Центр города","dc":9,"n":456.81,"vc":"более 100 000","sl":"Нормальный","sv":"менее 50","p":2300000.0,"q":22.03,"b":4.55,"ms":0.36,"wi":79.93,"ei":8.4,"as":865.82,"mi":"E","mv":1384,"sc":1,"lpe":99.64,"lpr":562257.14,"lq":1.0,"d":1983},{"pi":"351577","pc":"Ювелирные изделия","ss":100000,"td":"Фешенебельный район","dc":3,"n":583.17,"vc":"около 50 000","sl":"Элитный","sv":"более 200","p":300000.0,"q":24.61,"b":0.11,"ms":55.43,"wi":52.72,"ei":6.41,"as":269.05,"mi":"D","mv":433,"sc":1,"lpe":44.57,"lpr":162845.73,"lq":8.87,"d":616},{"pi":"351577","pc":"Ювелирные изделия","ss":100000,"td":"Центр города","dc":1,"n":376.61,"vc":"около 50 000","sl":"Высокий","sv":"менее 50","p":1050000.0,"q":19.49,"b":0.0,"ms":2.79,"wi":73.23,"ei":8.34,"as":986.88,"mi":"E","mv":358,"sc":2,"lpe":96.09,"lpr":478721.31,"lq":7.78,"d":469},{"pi":"351577","pc":"Ювелирные изделия","ss":100000,"td":"Центр города","dc":9,"n":532.33,"vc":"более 300 000","sl":"Низкий","sv":"менее 50","p":2100000.0,"q":22.03,"b":4.55,"ms":1.12,"wi":73.23,"ei":8.34,"as":986.88,"mi":"E","mv":358,"sc":2,"lpe":96.09,"lpr":478721.31,"lq":7.78,"d":469},{"pi":"351577","pc":"Ювелирные изделия","ss":100000,"td":"Фешенебельный район","dc":4,"n":688.09,"vc":"более 100 000","sl":"Очень высокий","sv":"около 50","p":688138.23,"q":23.05,"b":2.11,"ms":18.52,"wi":63.54,"ei":5.59,"as":474.21,"mi":"E","mv":270,"sc":1,"lpe":81.48,"lpr":316746.4,"lq":1.27,"d":510},{"pi":"351577","pc":"Ювелирные изделия","ss":100000,"td":"Фешенебельный район","dc":5,"n":624.18,"vc":"около 50 000","sl":"Элитный","sv":"менее 50","p":23000.0,"q":24.77,"b":3.06,"ms":16.39,"wi":15.5,"ei":3.96,"as":405.08,"mi":"E","mv":61,"sc":1,"lpe":83.61,"lpr":189373.48,"lq":9.21,"d":869},{"pi":"351577","pc":"Ювелирные изделия","ss":100000,"td":"Фешенебельный район","dc":10,"n":677.8,"vc":"более 100 000","sl":"Нормальный","sv":"менее 50","p":2175359.64,"q":23.9,"b":2.25,"ms":0.19,"wi":9.71,"ei":7.58,"as":218.01,"mi":"E","mv":523,"sc":1,"lpe":99.81,"lpr":103844.76,"lq":1.0,"d":9798},{"pi":"351577","pc":"Ювелирные изделия","ss":10000,"td":"Центр города","dc":1,"n":564.48,"vc":"около 50 000","sl":"Высокий","sv":"около 300","p":500000.0,"q":17.47,"b":4.25,"ms":20.63,"wi":62.99,"ei":8.75,"as":542.06,"mi":"E","mv":1454,"sc":2,"lpe":79.3,"lpr":287137.04,"lq":12.38,"d":2349},{"pi":"351577","pc":"Ювелирные изделия","ss":10000,"td":"Фешенебельный район","dc":10,"n":663.68,"vc":"более 20 000","sl":"Низкий","sv":"менее 50","p":2161049.69,"q":23.9,"b":0.0,"ms":0.07,"wi":62.99,"ei":8.75,"as":542.06,"mi":"E","mv":1454,"sc":2,"lpe":79.3,"lpr":287137.04,"lq":12.38,"d":2349},{"pi":"351577","pc":"Ювелирные изделия","ss":1000,"td":"Центр города","dc":1,"n":304.35,"vc":"более 1 000","sl":"Элитный","sv":"менее 50","p":3000000.0,"q":18.11,"b":0.0,"ms":6.44,"wi":170.37,"ei":9.3,"as":3947.5,"mi":"E","mv":233,"sc":1,"lpe":93.56,"lpr":995420.44,"lq":1.0,"d":319},{"pi":"351577","pc":"Ювелирные изделия","ss":100000,"td":"Фешенебельный район","dc":1,"n":709.02,"vc":"более 200 000","sl":"Элитный","sv":"около 500","p":400000.0,"q":27.44,"b":5.53,"ms":64.0,"wi":150.0,"ei":13.64,"as":4851.15,"mi":"D","mv":1164,"sc":2,"lpe":34.62,"lpr":59500.89,"lq":19.02,"d":890},{"pi":"351577","pc":"Ювелирные изделия","ss":500,"td":"Фешенебельный район","dc":1,"n":619.86,"vc":"около 500","sl":"Очень высокий","sv":"менее 50","p":62368.7,"q":23.05,"b":2.14,"ms":1.37,"wi":150.0,"ei":13.64,"as":4851.15,"mi":"D","mv":1164,"sc":2,"lpe":34.62,"lpr":59500.89,"lq":19.02,"d":890},{"pi":"351577","pc":"Ювелирные изделия","ss":10000,"td":"Центр города","dc":1,"n":482.69,"vc":"более 10 000","sl":"Элитный","sv":"около 50","p":450000.0,"q":14.95,"b":3.41,"ms":43.07,"wi":177.29,"ei":8.68,"as":4301.71,"mi":"E","mv":137,"sc":1,"lpe":56.93,"lpr":116223.14,"lq":8.55,"d":181},{"pi":"351577","pc":"Ювелирные изделия","ss":1000,"td":"Центр города","dc":1,"n":335.97,"vc":"более 1 000","sl":"Элитный","sv":"менее 50","p":4500000.0,"q":13.73,"b":0.0,"ms":24.29,"wi":122.87,"ei":8.87,"as":3799.76,"mi":"E","mv":70,"sc":1,"lpe":75.71,"lpr":1662387.47,"lq":1.45,"d":209},{"pi":"351577","pc":"Ювелирные изделия","ss":100000,"td":"Фешенебельный район","dc":3,"n":463.64,"vc":"более 20 000","sl":"Элитный","sv":"менее 50","p":1500000.0,"q":12.24,"b":0.0,"ms":4.01,"wi":53.31,"ei":7.07,"as":338.39,"mi":"E","mv":749,"sc":1,"lpe":95.99,"lpr":184635.43,"lq":1.0,"d":954},{"pi":"351577","pc":"Ювелирные изделия","ss":100000,"td":"Фешенебельный район","dc":7,"n":495.43,"vc":"более 20 000","sl":"Низкий","sv":"менее 50","p":70000.0,"q":24.79,"b":0.11,"ms":7.29,"wi":32.49,"ei":7.79,"as":564.88,"mi":"E","mv":425,"sc":1,"lpe":92.71,"lpr":262961.84,"lq":1.0,"d":2529},{"pi":"351577","pc":"Ювелирные изделия","ss":100000,"td":"Фешенебельный район","dc":3,"n":696.53,"vc":"более 100 000","sl":"Элитный","sv":"менее 50","p":77623.4,"q":24.49,"b":2.04,"ms":7.09,"wi":12.05,"ei":5.59,"as":307.09,"mi":"E","mv":141,"sc":1,"lpe":92.91,"lpr":37629.66,"lq":1.0,"d":625},{"pi":"351577","pc":"Ювелирные изделия","ss":10000,"td":"Центр города","dc":1,"n":302.44,"vc":"около 5 000","sl":"Элитный","sv":"менее 50","p":1000000.0,"q":19.5,"b":0.0,"ms":2.16,"wi":53.78,"ei":7.64,"as":502.33,"mi":"E","mv":463,"sc":1,"lpe":97.84,"lpr":354356.65,"lq":1.0,"d":934},{"pi":"351577","pc":"Ювелирные изделия","ss":100000,"td":"Центр города","dc":1,"n":697.99,"vc":"более 1 000 000","sl":"Нормальный","sv":"около 500","p":90173.52,"q":27.24,"b":6.3,"ms":38.83,"wi":45.68,"ei":7.04,"as":429.01,"mi":"E","mv":994,"sc":1,"lpe":61.17,"lpr":11294.27,"lq":18.83,"d":1098},{"pi":"351577","pc":"Ювелирные изделия","ss":100000,"td":"Фешенебельный район","dc":7,"n":624.17,"vc":"более 100 000","sl":"Очень высокий","sv":"более 100","p":259832.57,"q":26.18,"b":5.24,"ms":30.15,"wi":42.51,"ei":10.5,"as":816.76,"mi":"E","mv":398,"sc":1,"lpe":69.85,"lpr":175775.87,"lq":9.46,"d":2532},{"pi":"351577","pc":"Ювелирные изделия","ss":10000,"td":"Фешенебельный район","dc":1,"n":532.62,"vc":"около 5 000","sl":"Элитный","sv":"менее 50","p":1300000.0,"q":19.01,"b":0.0,"ms":11.86,"wi":103.68,"ei":7.68,"as":1568.05,"mi":"E","mv":253,"sc":2,"lpe":86.56,"lpr":721980.14,"lq":13.5,"d":634},{"pi":"351577","pc":"Ювелирные изделия","ss":100000,"td":"Центр города","dc":1,"n":488.46,"vc":"более 100 000","sl":"Элитный","sv":"менее 50","p":6000000.0,"q":18.2,"b":0.0,"ms":1.58,"wi":103.68,"ei":7.68,"as":1568.05,"mi":"E","mv":253,"sc":2,"lpe":86.56,"lpr":721980.14,"lq":13.5,"d":634},{"pi":"351577","pc":"Ювелирные изделия","ss":10000,"td":"Центр города","dc":1,"n":217.99,"vc":"около 10 000","sl":"Элитный","sv":"более 100","p":300000.0,"q":17.05,"b":0.0,"ms":1.49,"wi":60.74,"ei":5.73,"as":513.33,"mi":"E","mv":13233,"sc":6,"lpe":97.36,"lpr":237583.4,"lq":1.0,"d":9704},{"pi":"351577","pc":"Ювелирные изделия","ss":100000,"td":"Центр города","dc":5,"n":389.8,"vc":"более 100 000","sl":"Высокий","sv":"более 100","p":1500000.0,"q":18.66,"b":0.0,"ms":0.82,"wi":60.74,"ei":5.73,"as":513.33,"mi":"E","mv":13233,"sc":6,"lpe":97.36,"lpr":237583.4,"lq":1.0,"d":9704},{"pi":"351577","pc":"Ювелирные изделия","ss":100000,"td":"Центр города","dc":10,"n":622.83,"vc":"более 2 000 000","sl":"Очень низкий","sv":"менее 50","p":2144345.73,"q":24.41,"b":1.52,"ms":0.14,"wi":60.74,"ei":5.73,"as":513.33,"mi":"E","mv":13233,"sc":6,"lpe":97.36,"lpr":237583.4,"lq":1.0,"d":9704},{"pi":"351577","pc":"Ювелирные изделия","ss":100000,"td":"Фешенебельный район","dc":10,"n":622.83,"vc":"более 200 000","sl":"Низкий","sv":"менее 50","p":2104267.96,"q":24.57,"b":1.49,"ms":0.11,"wi":60.74,"ei":5.73,"as":513.33,"mi":"E","mv":13233,"sc":6,"lpe":97.36,"lpr":237583.4,"lq":1.0,"d":9704},{"pi":"351577","pc":"Ювелирные изделия","ss":1000,"td":"Центр города","dc":1,"n":200.64,"vc":"более 2 000","sl":"Очень высокий","sv":"менее 50","p":900000.0,"q":19.25,"b":0.0,"ms":0.05,"wi":60.74,"ei":5.73,"as":513.33,"mi":"E","mv":13233,"sc":6,"lpe":97.36,"lpr":237583.4,"lq":1.0,"d":9704},{"pi":"351577","pc":"Ювелирные изделия","ss":100000,"td":"Центр города","dc":9,"n":315.84,"vc":"более 100 000","sl":"Низкий","sv":"менее 50","p":1850000.0,"q":22.03,"b":2.96,"ms":0.03,"wi":60.74,"ei":5.73,"as":513.33,"mi":"E","mv":13233,"sc":6,"lpe":97.36,"lpr":237583.4,"lq":1.0,"d":9704},{"pi":"351577","pc":"Ювелирные изделия","ss":100000,"td":"Центр города","dc":1,"n":630.96,"vc":"более 1 000 000","sl":"Высокий","sv":"около 1 000","p":370000.0,"q":27.52,"b":5.37,"ms":24.9,"wi":66.62,"ei":7.76,"as":564.62,"mi":"E","mv":3097,"sc":2,"lpe":73.3,"lpr":42388.69,"lq":5.38,"d":3493},{"pi":"351577","pc":"Ювелирные изделия","ss":10000,"td":"Фешенебельный район","dc":1,"n":680.15,"vc":"более 20 000","sl":"Элитный","sv":"около 50","p":475000.0,"q":31.07,"b":4.61,"ms":1.81,"wi":66.62,"ei":7.76,"as":564.62,"mi":"E","mv":3097,"sc":2,"lpe":73.3,"lpr":42388.69,"lq":5.38,"d":3493},{"pi":"351577","pc":"Ювелирные изделия","ss":10000,"td":"Центр города","dc":1,"n":311.56,"vc":"более 3 000","sl":"Элитный","sv":"менее 50","p":1500000.0,"q":18.6,"b":0.0,"ms":11.36,"wi":109.47,"ei":8.16,"as":2833.35,"mi":"E","mv":44,"sc":1,"lpe":88.64,"lpr":257316.88,"lq":9.27,"d":521},{"pi":"351577","pc":"Ювелирные изделия","ss":100000,"td":"Фешенебельный район","dc":3,"n":693.54,"vc":"более 100 000","sl":"Элитный","sv":"менее 50","p":1007560.89,"q":24.45,"b":2.79,"ms":13.89,"wi":167.37,"ei":8.38,"as":3356.62,"mi":"E","mv":108,"sc":1,"lpe":86.11,"lpr":80980.21,"lq":5.23,"d":140},{"pi":"351577","pc":"Ювелирные изделия","ss":100000,"td":"Фешенебельный район","dc":3,"n":689.54,"vc":"более 100 000","sl":"Очень высокий","sv":"около 50","p":1252559.63,"q":24.44,"b":2.79,"ms":21.72,"wi":113.22,"ei":8.72,"as":3458.72,"mi":"E","mv":198,"sc":2,"lpe":77.78,"lpr":139752.56,"lq":7.97,"d":346},{"pi":"351577","pc":"Ювелирные изделия","ss":10000,"td":"Фешенебельный район","dc":1,"n":692.52,"vc":"более 10 000","sl":"Элитный","sv":"менее 50","p":1447000.0,"q":18.1,"b":0.0,"ms":0.51,"wi":113.22,"ei":8.72,"as":3458.72,"mi":"E","mv":198,"sc":2,"lpe":77.78,"lpr":139752.56,"lq":7.97,"d":346},{"pi":"351577","pc":"Ювелирные изделия","ss":500,"td":"Фешенебельный район","dc":1,"n":680.91,"vc":"около 500","sl":"Очень высокий","sv":"около 50","p":285706.46,"q":25.21,"b":1.12,"ms":4.58,"wi":34.3,"ei":9.54,"as":519.17,"mi":"E","mv":874,"sc":3,"lpe":94.51,"lpr":113136.41,"lq":1.0,"d":929},{"pi":"351577","pc":"Ювелирные изделия","ss":1000,"td":"Центр города","dc":1,"n":510.29,"vc":"около 5 000","sl":"Высокий","sv":"менее 50","p":855354.0,"q":18.79,"b":0.0,"ms":0.8,"wi":34.3,"ei":9.54,"as":519.17,"mi":"E","mv":874,"sc":3,"lpe":94.51,"lpr":113136.41,"lq":1.0,"d":929},{"pi":"351577","pc":"Ювелирные изделия","ss":1000,"td":"Центр города","dc":1,"n":408.08,"vc":"более 3 000","sl":"Нормальный","sv":"менее 50","p":590100.0,"q":19.04,"b":0.0,"ms":0.11,"wi":34.3,"ei":9.54,"as":519.17,"mi":"E","mv":874,"sc":3,"lpe":94.51,"lpr":113136.41,"lq":1.0,"d":929},{"pi":"351577","pc":"Ювелирные изделия","ss":100000,"td":"Пригород","dc":1,"n":699.73,"vc":"около 1 000 000","sl":"Очень высокий","sv":"более 3 000","p":150290.16,"q":26.67,"b":0.0,"ms":58.95,"wi":75.37,"ei":9.56,"as":419.1,"mi":"D","mv":5184,"sc":2,"lpe":38.35,"lpr":51539.59,"lq":17.07,"d":3663},{"pi":"351577","pc":"Ювелирные изделия","ss":100000,"td":"Фешенебельный район","dc":7,"n":568.37,"vc":"более 100 000","sl":"Очень высокий","sv":"более 100","p":85063.45,"q":25.48,"b":2.85,"ms":2.7,"wi":75.37,"ei":9.56,"as":419.1,"mi":"D","mv":5184,"sc":2,"lpe":38.35,"lpr":51539.59,"lq":17.07,"d":3663},{"pi":"351577","pc":"Ювелирные изделия","ss":100000,"td":"Спальный район","dc":1,"n":364.83,"vc":"около 100 000","sl":"Элитный","sv":"около 50","p":1500000.0,"q":29.11,"b":0.23,"ms":0.9,"wi":100.43,"ei":12.79,"as":804.73,"mi":"E","mv":5359,"sc":2,"lpe":99.07,"lpr":258542.27,"lq":6.59,"d":4137},{"pi":"351577","pc":"Ювелирные изделия","ss":100000,"td":"Фешенебельный район","dc":1,"n":504.49,"vc":"около 100 000","sl":"Элитный","sv":"менее 50","p":2120000.02,"q":18.77,"b":0.0,"ms":0.04,"wi":100.43,"ei":12.79,"as":804.73,"mi":"E","mv":5359,"sc":2,"lpe":99.07,"lpr":258542.27,"lq":6.59,"d":4137},{"pi":"351577","pc":"Ювелирные изделия","ss":100000,"td":"Центр города","dc":1,"n":575.82,"vc":"около 500 000","sl":"Очень высокий","sv":"более 100","p":800000.0,"q":15.82,"b":0.32,"ms":7.16,"wi":146.31,"ei":15.52,"as":2307.77,"mi":"E","mv":1760,"sc":2,"lpe":92.78,"lpr":1061423.12,"lq":13.93,"d":2095},{"pi":"351577","pc":"Ювелирные изделия","ss":100000,"td":"Окраина","dc":10,"n":418.04,"vc":"около 100 000","sl":"Высокий","sv":"менее 50","p":2550000.0,"q":22.03,"b":3.42,"ms":0.06,"wi":146.31,"ei":15.52,"as":2307.77,"mi":"E","mv":1760,"sc":2,"lpe":92.78,"lpr":1061423.12,"lq":13.93,"d":2095},{"pi":"351577","pc":"Ювелирные изделия","ss":500,"td":"Фешенебельный район","dc":1,"n":694.14,"vc":"около 500","sl":"Очень высокий","sv":"около 50","p":124230.18,"q":25.43,"b":2.77,"ms":19.61,"wi":36.78,"ei":7.4,"as":274.72,"mi":"E","mv":204,"sc":2,"lpe":75.49,"lpr":66647.14,"lq":3.76,"d":399},{"pi":"351577","pc":"Ювелирные изделия","ss":100000,"td":"Фешенебельный район","dc":2,"n":580.4,"vc":"около 50 000","sl":"Очень высокий","sv":"менее 50","p":780000.0,"q":22.07,"b":0.0,"ms":4.9,"wi":36.78,"ei":7.4,"as":274.72,"mi":"E","mv":204,"sc":2,"lpe":75.49,"lpr":66647.14,"lq":3.76,"d":399},{"pi":"351577","pc":"Ювелирные изделия","ss":100000,"td":"Центр города","dc":2,"n":527.94,"vc":"более 300 000","sl":"Очень высокий","sv":"около 100","p":1000000.0,"q":28.34,"b":1.09,"ms":5.27,"wi":76.09,"ei":6.5,"as":327.59,"mi":"E","mv":1899,"sc":2,"lpe":91.0,"lpr":323239.18,"lq":1.0,"d":1541},{"pi":"351577","pc":"Ювелирные изделия","ss":100000,"td":"Центр города","dc":10,"n":675.34,"vc":"более 1 000 000","sl":"Очень низкий","sv":"около 50","p":2967074.8,"q":24.56,"b":1.83,"ms":3.74,"wi":76.09,"ei":6.5,"as":327.59,"mi":"E","mv":1899,"sc":2,"lpe":91.0,"lpr":323239.18,"lq":1.0,"d":1541},{"pi":"351577","pc":"Ювелирные изделия","ss":100000,"td":"Центр города","dc":1,"n":580.15,"vc":"более 1 000 000","sl":"Нормальный","sv":"около 3 000","p":455000.0,"q":28.9,"b":5.36,"ms":44.41,"wi":132.97,"ei":9.27,"as":1723.67,"mi":"D","mv":6755,"sc":4,"lpe":49.1,"lpr":157203.78,"lq":9.03,"d":8477},{"pi":"351577","pc":"Ювелирные изделия","ss":100000,"td":"Фешенебельный район","dc":1,"n":614.94,"vc":"около 500 000","sl":"Элитный","sv":"около 500","p":900000.0,"q":26.93,"b":0.0,"ms":6.32,"wi":132.97,"ei":9.27,"as":1723.67,"mi":"D","mv":6755,"sc":4,"lpe":49.1,"lpr":157203.78,"lq":9.03,"d":8477},{"pi":"351577","pc":"Ювелирные изделия","ss":100000,"td":"Центр города","dc":1,"n":330.67,"vc":"более 100 000","sl":"Элитный","sv":"менее 50","p":1500000.0,"q":29.43,"b":0.07,"ms":0.09,"wi":132.97,"ei":9.27,"as":1723.67,"mi":"D","mv":6755,"sc":4,"lpe":49.1,"lpr":157203.78,"lq":9.03,"d":8477},{"pi":"351577","pc":"Ювелирные изделия","ss":100000,"td":"Центр города","dc":1,"n":340.96,"vc":"более 100 000","sl":"Элитный","sv":"менее 50","p":1500000.0,"q":28.99,"b":0.08,"ms":0.07,"wi":132.97,"ei":9.27,"as":1723.67,"mi":"D","mv":6755,"sc":4,"lpe":49.1,"lpr":157203.78,"lq":9.03,"d":8477},{"pi":"351577","pc":"Ювелирные изделия","ss":1000,"td":"Фешенебельный район","dc":1,"n":497.12,"vc":"более 300","sl":"Элитный","sv":"менее 50","p":1000000.0,"q":18.94,"b":0.0,"ms":16.0,"wi":40.37,"ei":6.73,"as":517.11,"mi":"E","mv":50,"sc":2,"lpe":74.0,"lpr":191427.35,"lq":7.1,"d":1689},{"pi":"351577","pc":"Ювелирные изделия","ss":1000,"td":"Центр города","dc":1,"n":337.55,"vc":"более 1 000","sl":"Элитный","sv":"менее 50","p":1000000.0,"q":18.99,"b":0.0,"ms":10.0,"wi":40.37,"ei":6.73,"as":517.11,"mi":"E","mv":50,"sc":2,"lpe":74.0,"lpr":191427.35,"lq":7.1,"d":1689},{"pi":"351577","pc":"Ювелирные изделия","ss":100000,"td":"Центр города","dc":1,"n":551.44,"vc":"около 500 000","sl":"Очень высокий","sv":"около 500","p":2800000.0,"q":20.71,"b":0.0,"ms":22.98,"wi":68.47,"ei":6.3,"as":344.56,"mi":"E","mv":2689,"sc":2,"lpe":76.61,"lpr":399284.01,"lq":1.92,"d":4355},{"pi":"351577","pc":"Ювелирные изделия","ss":10000,"td":"Фешенебельный район","dc":1,"n":573.27,"vc":"более 10 000","sl":"Элитный","sv":"менее 50","p":4000000.0,"q":18.71,"b":0.0,"ms":0.37,"wi":68.47,"ei":6.3,"as":344.56,"mi":"E","mv":2689,"sc":2,"lpe":76.61,"lpr":399284.01,"lq":1.92,"d":4355},{"pi":"351577","pc":"Ювелирные изделия","ss":100000,"td":"Центр города","dc":1,"n":513.69,"vc":"около 500 000","sl":"Элитный","sv":"около 500","p":3000000.0,"q":20.98,"b":0.0,"ms":14.19,"wi":93.64,"ei":6.95,"as":590.98,"mi":"E","mv":3009,"sc":1,"lpe":85.81,"lpr":396073.88,"lq":1.87,"d":2212},{"pi":"351577","pc":"Ювелирные изделия","ss":100000,"td":"Фешенебельный район","dc":1,"n":561.07,"vc":"более 200 000","sl":"Элитный","sv":"около 500","p":1000000.0,"q":27.66,"b":4.47,"ms":3.72,"wi":108.19,"ei":6.67,"as":874.7,"mi":"E","mv":15007,"sc":2,"lpe":95.96,"lpr":371189.67,"lq":8.24,"d":12114},{"pi":"351577","pc":"Ювелирные изделия","ss":100000,"td":"Центр города","dc":1,"n":332.3,"vc":"более 100 000","sl":"Элитный","sv":"около 50","p":1520640.25,"q":29.11,"b":0.23,"ms":0.32,"wi":108.19,"ei":6.67,"as":874.7,"mi":"E","mv":15007,"sc":2,"lpe":95.96,"lpr":371189.67,"lq":8.24,"d":12114},{"pi":"351577","pc":"Ювелирные изделия","ss":100000,"td":"Фешенебельный район","dc":2,"n":498.38,"vc":"около 100 000","sl":"Элитный","sv":"около 200","p":1200000.0,"q":19.0,"b":0.0,"ms":0.92,"wi":33.37,"ei":5.09,"as":182.41,"mi":"E","mv":21714,"sc":7,"lpe":98.19,"lpr":134590.76,"lq":1.0,"d":22072},{"pi":"351577","pc":"Ювелирные изделия","ss":100000,"td":"Центр города","dc":8,"n":296.35,"vc":"около 100 000","sl":"Очень высокий","sv":"около 100","p":950000.0,"q":18.97,"b":0.0,"ms":0.43,"wi":33.37,"ei":5.09,"as":182.41,"mi":"E","mv":21714,"sc":7,"lpe":98.19,"lpr":134590.76,"lq":1.0,"d":22072},{"pi":"351577","pc":"Ювелирные изделия","ss":100000,"td":"Фешенебельный район","dc":7,"n":554.55,"vc":"более 100 000","sl":"Высокий","sv":"около 50","p":283589.65,"q":25.85,"b":0.99,"ms":0.23,"wi":33.37,"ei":5.09,"as":182.41,"mi":"E","mv":21714,"sc":7,"lpe":98.19,"lpr":134590.76,"lq":1.0,"d":22072},{"pi":"351577","pc":"Ювелирные изделия","ss":100000,"td":"Фешенебельный район","dc":1,"n":353.15,"vc":"более 20 000","sl":"Элитный","sv":"около 50","p":1514506.25,"q":29.11,"b":0.08,"ms":0.22,"wi":33.37,"ei":5.09,"as":182.41,"mi":"E","mv":21714,"sc":7,"lpe":98.19,"lpr":134590.76,"lq":1.0,"d":22072},{"pi":"351577","pc":"Ювелирные изделия","ss":100000,"td":"Центр города","dc":10,"n":600.19,"vc":"более 1 000 000","sl":"Очень низкий","sv":"менее 50","p":2084669.82,"q":23.91,"b":2.56,"ms":0.0,"wi":33.37,"ei":5.09,"as":182.41,"mi":"E","mv":21714,"sc":7,"lpe":98.19,"lpr":134590.76,"lq":1.0,"d":22072},{"pi":"351577","pc":"Ювелирные изделия","ss":10000,"td":"Центр города","dc":3,"n":105.39,"vc":"около 5 000","sl":"Элитный","sv":"менее 50","p":1002000.0,"q":19.49,"b":0.0,"ms":0.0,"wi":33.37,"ei":5.09,"as":182.41,"mi":"E","mv":21714,"sc":7,"lpe":98.19,"lpr":134590.76,"lq":1.0,"d":22072},{"pi":"351577","pc":"Ювелирные изделия","ss":100000,"td":"Окраина","dc":6,"n":88.3,"vc":"около 10 000","sl":"Высокий","sv":"менее 50","p":1000000.0,"q":19.01,"b":0.0,"ms":0.0,"wi":33.37,"ei":5.09,"as":182.41,"mi":"E","mv":21714,"sc":7,"lpe":98.19,"lpr":134590.76,"lq":1.0,"d":22072},{"pi":"351577","pc":"Ювелирные изделия","ss":500,"td":"Спальный район","dc":1,"n":228.0,"vc":"более 100","sl":"Элитный","sv":"менее 50","p":914555.0,"q":18.7,"b":0.0,"ms":1.52,"wi":49.32,"ei":11.89,"as":1058.67,"mi":"E","mv":66,"sc":1,"lpe":98.48,"lpr":489039.79,"lq":1.0,"d":442},{"pi":"351577","pc":"Ювелирные изделия","ss":100000,"td":"Фешенебельный район","dc":1,"n":653.95,"vc":"около 100 000","sl":"Нормальный","sv":"около 50","p":650000.0,"q":21.44,"b":4.58,"ms":11.04,"wi":75.97,"ei":9.64,"as":709.18,"mi":"E","mv":326,"sc":1,"lpe":88.96,"lpr":106696.89,"lq":5.15,"d":316},{"pi":"351577","pc":"Ювелирные изделия","ss":1000,"td":"Центр города","dc":1,"n":153.26,"vc":"около 1 000","sl":"Элитный","sv":"около 100","p":270000.0,"q":16.86,"b":0.0,"ms":15.03,"wi":23.37,"ei":12.41,"as":326.05,"mi":"E","mv":652,"sc":3,"lpe":73.77,"lpr":137873.83,"lq":7.15,"d":3983},{"pi":"351577","pc":"Ювелирные изделия","ss":100000,"td":"Фешенебельный район","dc":3,"n":447.86,"vc":"более 20 000","sl":"Очень высокий","sv":"около 50","p":865000.0,"q":19.01,"b":0.0,"ms":10.89,"wi":23.37,"ei":12.41,"as":326.05,"mi":"E","mv":652,"sc":3,"lpe":73.77,"lpr":137873.83,"lq":7.15,"d":3983},{"pi":"351577","pc":"Ювелирные изделия","ss":500,"td":"Фешенебельный район","dc":1,"n":499.85,"vc":"более 200","sl":"Элитный","sv":"менее 50","p":920000.0,"q":19.01,"b":0.0,"ms":0.31,"wi":23.37,"ei":12.41,"as":326.05,"mi":"E","mv":652,"sc":3,"lpe":73.77,"lpr":137873.83,"lq":7.15,"d":3983},{"pi":"351577","pc":"Ювелирные изделия","ss":100000,"td":"Центр города","dc":1,"n":150.59,"vc":"около 5 000","sl":"Элитный","sv":"менее 50","p":750000.0,"q":19.02,"b":0.0,"ms":1.75,"wi":8.77,"ei":3.72,"as":199.7,"mi":"E","mv":228,"sc":1,"lpe":98.25,"lpr":69921.8,"lq":1.0,"d":1469},{"pi":"351577","pc":"Ювелирные изделия","ss":10000,"td":"Фешенебельный район","dc":1,"n":22.16,"vc":"около 500","sl":"Элитный","sv":"менее 50","p":1000000.0,"q":18.58,"b":0.0,"ms":0.02,"wi":52.01,"ei":4.8,"as":338.83,"mi":"E","mv":19585,"sc":1,"lpe":99.98,"lpr":157383.47,"lq":1.0,"d":11930},{"pi":"351577","pc":"Ювелирные изделия","ss":100000,"td":"Центр города","dc":1,"n":563.75,"vc":"около 1 000 000","sl":"Высокий","sv":"около 1 000","p":914103.23,"q":18.57,"b":0.0,"ms":8.07,"wi":57.22,"ei":5.1,"as":348.24,"mi":"E","mv":11825,"sc":2,"lpe":91.92,"lpr":145041.32,"lq":1.08,"d":6499},{"pi":"351577","pc":"Ювелирные изделия","ss":10000,"td":"Фешенебельный район","dc":2,"n":37.54,"vc":"более 200","sl":"Элитный","sv":"менее 50","p":1000000.0,"q":18.92,"b":0.0,"ms":0.01,"wi":57.22,"ei":5.1,"as":348.24,"mi":"E","mv":11825,"sc":2,"lpe":91.92,"lpr":145041.32,"lq":1.08,"d":6499},{"pi":"351577","pc":"Ювелирные изделия","ss":10000,"td":"Центр города","dc":1,"n":239.46,"vc":"около 5 000","sl":"Элитный","sv":"менее 50","p":1003789.86,"q":19.49,"b":0.0,"ms":0.23,"wi":35.91,"ei":4.7,"as":360.15,"mi":"E","mv":2221,"sc":1,"lpe":99.77,"lpr":169543.51,"lq":1.0,"d":2708},{"pi":"351577","pc":"Ювелирные изделия","ss":10000,"td":"Центр города","dc":2,"n":23.21,"vc":"около 1 000","sl":"Элитный","sv":"менее 50","p":991140.68,"q":19.01,"b":0.0,"ms":0.19,"wi":52.72,"ei":6.99,"as":429.77,"mi":"E","mv":535,"sc":1,"lpe":99.81,"lpr":319525.42,"lq":1.0,"d":930},{"pi":"351577","pc":"Ювелирные изделия","ss":100000,"td":"Центр города","dc":1,"n":495.96,"vc":"более 200 000","sl":"Элитный","sv":"около 50","p":1500000.0,"q":28.99,"b":0.08,"ms":6.63,"wi":70.58,"ei":6.82,"as":357.76,"mi":"E","mv":1040,"sc":1,"lpe":93.37,"lpr":144528.82,"lq":1.0,"d":1780},{"pi":"351577","pc":"Ювелирные изделия","ss":100000,"td":"Фешенебельный район","dc":9,"n":677.68,"vc":"более 100 000","sl":"Нормальный","sv":"менее 50","p":973661.5,"q":25.86,"b":1.42,"ms":1.03,"wi":15.99,"ei":5.5,"as":295.39,"mi":"E","mv":97,"sc":1,"lpe":97.94,"lpr":60573.59,"lq":1.0,"d":221},{"pi":"351577","pc":"Ювелирные изделия","ss":100000,"td":"Центр города","dc":1,"n":502.87,"vc":"более 200 000","sl":"Элитный","sv":"менее 50","p":2000000.0,"q":26.02,"b":0.2,"ms":0.71,"wi":94.83,"ei":6.08,"as":329.42,"mi":"E","mv":843,"sc":1,"lpe":99.29,"lpr":133216.92,"lq":1.0,"d":645},{"pi":"351577","pc":"Ювелирные изделия","ss":100000,"td":"Центр города","dc":1,"n":486.68,"vc":"более 100 000","sl":"Элитный","sv":"менее 50","p":2000000.0,"q":26.12,"b":0.2,"ms":3.94,"wi":128.02,"ei":8.73,"as":1034.79,"mi":"E","mv":710,"sc":1,"lpe":96.06,"lpr":236072.36,"lq":4.31,"d":811},{"pi":"351577","pc":"Ювелирные изделия","ss":10000,"td":"Центр города","dc":1,"n":353.64,"vc":"около 5 000","sl":"Элитный","sv":"менее 50","p":380000.0,"q":15.03,"b":0.0,"ms":4.96,"wi":43.6,"ei":6.79,"as":372.32,"mi":"E","mv":141,"sc":1,"lpe":95.04,"lpr":88587.86,"lq":1.0,"d":271},{"pi":"351577","pc":"Ювелирные изделия","ss":100000,"td":"Фешенебельный район","dc":10,"n":661.4,"vc":"более 100 000","sl":"Нормальный","sv":"около 50","p":2103651.38,"q":24.61,"b":1.48,"ms":4.47,"wi":71.42,"ei":6.52,"as":865.93,"mi":"E","mv":1478,"sc":1,"lpe":95.53,"lpr":368169.27,"lq":1.0,"d":1560},{"pi":"351577","pc":"Ювелирные изделия","ss":100000,"td":"Центр города","dc":1,"n":561.36,"vc":"около 500 000","sl":"Очень высокий","sv":"менее 50","p":2500000.0,"q":29.04,"b":0.08,"ms":0.2,"wi":94.66,"ei":5.73,"as":634.32,"mi":"E","mv":2485,"sc":1,"lpe":99.8,"lpr":159649.75,"lq":1.0,"d":1375},{"pi":"351577","pc":"Ювелирные изделия","ss":100000,"td":"Центр города","dc":1,"n":474.6,"vc":"более 200 000","sl":"Элитный","sv":"около 50","p":1569095.0,"q":29.11,"b":0.23,"ms":1.85,"wi":105.14,"ei":8.27,"as":1023.96,"mi":"E","mv":2591,"sc":1,"lpe":98.15,"lpr":219794.78,"lq":1.0,"d":2847},{"pi":"351577","pc":"Ювелирные изделия","ss":100000,"td":"Центр города","dc":1,"n":336.0,"vc":"более 20 000","sl":"Элитный","sv":"менее 50","p":300000.0,"q":14.94,"b":4.62,"ms":6.59,"wi":43.07,"ei":6.1,"as":320.0,"mi":"E","mv":258,"sc":1,"lpe":93.41,"lpr":29362.91,"lq":1.0,"d":201},{"pi":"351577","pc":"Ювелирные изделия","ss":100000,"td":"Фешенебельный район","dc":3,"n":622.29,"vc":"более 100 000","sl":"Элитный","sv":"менее 50","p":339781.42,"q":24.49,"b":2.17,"ms":1.61,"wi":50.17,"ei":6.4,"as":344.62,"mi":"E","mv":1239,"sc":1,"lpe":98.39,"lpr":199017.96,"lq":1.0,"d":788},{"pi":"351577","pc":"Ювелирные изделия","ss":100000,"td":"Фешенебельный район","dc":3,"n":539.02,"vc":"около 50 000","sl":"Очень высокий","sv":"менее 50","p":1500000.0,"q":12.24,"b":0.32,"ms":6.08,"wi":54.01,"ei":6.2,"as":316.93,"mi":"E","mv":444,"sc":1,"lpe":93.92,"lpr":210363.86,"lq":1.0,"d":311},{"pi":"351577","pc":"Ювелирные изделия","ss":10000,"td":"Центр города","dc":1,"n":329.64,"vc":"около 5 000","sl":"Элитный","sv":"менее 50","p":750000.0,"q":19.04,"b":0.0,"ms":0.25,"wi":85.11,"ei":6.1,"as":334.94,"mi":"E","mv":397,"sc":1,"lpe":99.75,"lpr":189055.23,"lq":1.0,"d":351},{"pi":"351577","pc":"Ювелирные изделия","ss":100000,"td":"Фешенебельный район","dc":1,"n":553.2,"vc":"около 100 000","sl":"Элитный","sv":"около 100","p":2500000.0,"q":19.01,"b":0.0,"ms":9.16,"wi":119.43,"ei":9.92,"as":1514.88,"mi":"E","mv":1092,"sc":2,"lpe":86.81,"lpr":344153.72,"lq":8.33,"d":1420},{"pi":"351577","pc":"Ювелирные изделия","ss":100000,"td":"Фешенебельный район","dc":1,"n":683.57,"vc":"более 200 000","sl":"Элитный","sv":"около 50","p":3588546.82,"q":18.54,"b":0.0,"ms":4.03,"wi":119.43,"ei":9.92,"as":1514.88,"mi":"E","mv":1092,"sc":2,"lpe":86.81,"lpr":344153.72,"lq":8.33,"d":1420},{"pi":"351577","pc":"Ювелирные изделия","ss":100000,"td":"Фешенебельный район","dc":8,"n":554.76,"vc":"около 50 000","sl":"Очень высокий","sv":"около 200","p":650000.0,"q":26.15,"b":2.85,"ms":11.49,"wi":96.23,"ei":6.22,"as":403.52,"mi":"E","mv":1740,"sc":1,"lpe":88.51,"lpr":190680.61,"lq":9.52,"d":1193},{"pi":"351577","pc":"Ювелирные изделия","ss":100000,"td":"Фешенебельный район","dc":1,"n":693.9,"vc":"более 200 000","sl":"Элитный","sv":"около 50","p":5000000.0,"q":27.84,"b":0.11,"ms":4.71,"wi":97.28,"ei":5.35,"as":374.69,"mi":"E","mv":1105,"sc":1,"lpe":95.29,"lpr":337043.29,"lq":1.0,"d":804},{"pi":"351577","pc":"Ювелирные изделия","ss":100000,"td":"Центр города","dc":2,"n":302.16,"vc":"более 20 000","sl":"Элитный","sv":"менее 50","p":920000.0,"q":18.43,"b":0.0,"ms":1.81,"wi":10.97,"ei":4.17,"as":176.33,"mi":"E","mv":166,"sc":2,"lpe":96.39,"lpr":63955.52,"lq":1.0,"d":1246},{"pi":"351577","pc":"Ювелирные изделия","ss":100000,"td":"Фешенебельный район","dc":1,"n":633.75,"vc":"около 100 000","sl":"Элитный","sv":"менее 50","p":1455754.74,"q":22.52,"b":0.04,"ms":0.6,"wi":10.97,"ei":4.17,"as":176.33,"mi":"E","mv":166,"sc":2,"lpe":96.39,"lpr":63955.52,"lq":1.0,"d":1246},{"pi":"351577","pc":"Ювелирные изделия","ss":100000,"td":"Центр города","dc":2,"n":477.08,"vc":"более 200 000","sl":"Элитный","sv":"около 50","p":500000.0,"q":28.34,"b":1.09,"ms":2.43,"wi":95.22,"ei":7.84,"as":648.74,"mi":"E","mv":2055,"sc":2,"lpe":96.69,"lpr":184309.64,"lq":1.0,"d":1471},{"pi":"351577","pc":"Ювелирные изделия","ss":100000,"td":"Спальный район","dc":1,"n":445.13,"vc":"более 100 000","sl":"Элитный","sv":"менее 50","p":2000000.0,"q":29.41,"b":0.07,"ms":0.88,"wi":95.22,"ei":7.84,"as":648.74,"mi":"E","mv":2055,"sc":2,"lpe":96.69,"lpr":184309.64,"lq":1.0,"d":1471},{"pi":"351577","pc":"Ювелирные изделия","ss":100000,"td":"Фешенебельный район","dc":10,"n":665.98,"vc":"более 200 000","sl":"Низкий","sv":"менее 50","p":2140604.27,"q":23.93,"b":1.6,"ms":0.3,"wi":43.02,"ei":4.91,"as":235.89,"mi":"E","mv":1332,"sc":3,"lpe":99.17,"lpr":154207.14,"lq":1.0,"d":2085},{"pi":"351577","pc":"Ювелирные изделия","ss":100000,"td":"Центр города","dc":10,"n":666.0,"vc":"более 1 000 000","sl":"Очень низкий","sv":"менее 50","p":2095807.12,"q":23.93,"b":1.6,"ms":0.3,"wi":43.02,"ei":4.91,"as":235.89,"mi":"E","mv":1332,"sc":3,"lpe":99.17,"lpr":154207.14,"lq":1.0,"d":2085},{"pi":"351577","pc":"Ювелирные изделия","ss":1000,"td":"Центр города","dc":1,"n":183.79,"vc":"более 1 000","sl":"Элитный","sv":"менее 50","p":1400000.0,"q":21.82,"b":0.04,"ms":0.15,"wi":43.02,"ei":4.91,"as":235.89,"mi":"E","mv":1332,"sc":3,"lpe":99.17,"lpr":154207.14,"lq":1.0,"d":2085},{"pi":"351577","pc":"Ювелирные изделия","ss":100000,"td":"Фешенебельный район","dc":10,"n":672.96,"vc":"более 100 000","sl":"Нормальный","sv":"менее 50","p":2136651.18,"q":23.93,"b":1.6,"ms":0.18,"wi":14.08,"ei":12.83,"as":261.92,"mi":"E","mv":1114,"sc":1,"lpe":99.82,"lpr":124563.36,"lq":1.0,"d":13413},{"pi":"351577","pc":"Ювелирные изделия","ss":100000,"td":"Центр города","dc":3,"n":498.72,"vc":"более 200 000","sl":"Высокий","sv":"около 50","p":1200000.0,"q":19.19,"b":0.0,"ms":9.31,"wi":37.5,"ei":5.07,"as":451.06,"mi":"E","mv":419,"sc":1,"lpe":90.69,"lpr":109940.34,"lq":1.0,"d":3038},{"pi":"351577","pc":"Ювелирные изделия","ss":100000,"td":"Центр города","dc":1,"n":497.33,"vc":"около 1 000 000","sl":"Высокий","sv":"около 5 000","p":710000.0,"q":32.63,"b":3.81,"ms":31.29,"wi":91.03,"ei":12.41,"as":652.46,"mi":"E","mv":16234,"sc":3,"lpe":66.72,"lpr":131952.47,"lq":20.65,"d":15986},{"pi":"351577","pc":"Ювелирные изделия","ss":100000,"td":"Фешенебельный район","dc":1,"n":623.47,"vc":"около 500 000","sl":"Элитный","sv":"около 500","p":1850000.0,"q":31.23,"b":4.37,"ms":1.95,"wi":91.03,"ei":12.41,"as":652.46,"mi":"E","mv":16234,"sc":3,"lpe":66.72,"lpr":131952.47,"lq":20.65,"d":15986},{"pi":"351577","pc":"Ювелирные изделия","ss":100000,"td":"Центр города","dc":1,"n":344.69,"vc":"более 100 000","sl":"Элитный","sv":"менее 50","p":1500000.0,"q":26.01,"b":0.2,"ms":0.04,"wi":91.03,"ei":12.41,"as":652.46,"mi":"E","mv":16234,"sc":3,"lpe":66.72,"lpr":131952.47,"lq":20.65,"d":15986},{"pi":"351577","pc":"Ювелирные изделия","ss":100000,"td":"Фешенебельный район","dc":7,"n":454.42,"vc":"около 50 000","sl":"Элитный","sv":"более 100","p":465300.0,"q":25.93,"b":2.43,"ms":3.39,"wi":117.9,"ei":6.83,"as":721.28,"mi":"E","mv":4714,"sc":4,"lpe":92.53,"lpr":134638.24,"lq":1.0,"d":4698},{"pi":"351577","pc":"Ювелирные изделия","ss":100000,"td":"Центр города","dc":1,"n":428.01,"vc":"более 200 000","sl":"Элитный","sv":"более 100","p":1500000.0,"q":26.02,"b":0.2,"ms":2.8,"wi":117.9,"ei":6.83,"as":721.28,"mi":"E","mv":4714,"sc":4,"lpe":92.53,"lpr":134638.24,"lq":1.0,"d":4698},{"pi":"351577","pc":"Ювелирные изделия","ss":100000,"td":"Фешенебельный район","dc":1,"n":699.11,"vc":"около 500 000","sl":"Очень высокий","sv":"около 50","p":707000.0,"q":25.84,"b":5.9,"ms":1.23,"wi":117.9,"ei":6.83,"as":721.28,"mi":"E","mv":4714,"sc":4,"lpe":92.53,"lpr":134638.24,"lq":1.0,"d":4698},{"pi":"351577","pc":"Ювелирные изделия","ss":100000,"td":"Фешенебельный район","dc":1,"n":675.07,"vc":"около 500 000","sl":"Элитный","sv":"менее 50","p":3210000.0,"q":29.83,"b":3.83,"ms":0.04,"wi":117.9,"ei":6.83,"as":721.28,"mi":"E","mv":4714,"sc":4,"lpe":92.53,"lpr":134638.24,"lq":1.0,"d":4698},{"pi":"351577","pc":"Ювелирные изделия","ss":100000,"td":"Центр города","dc":1,"n":550.24,"vc":"более 200 000","sl":"Элитный","sv":"менее 50","p":2000000.0,"q":26.03,"b":0.2,"ms":0.47,"wi":135.19,"ei":7.52,"as":745.51,"mi":"E","mv":426,"sc":1,"lpe":99.53,"lpr":162065.48,"lq":1.0,"d":352},{"pi":"351577","pc":"Ювелирные изделия","ss":10000,"td":"Фешенебельный район","dc":1,"n":454.27,"vc":"около 5 000","sl":"Элитный","sv":"менее 50","p":390000.0,"q":17.47,"b":2.73,"ms":0.05,"wi":60.97,"ei":7.92,"as":423.5,"mi":"E","mv":1920,"sc":1,"lpe":99.95,"lpr":335705.44,"lq":1.0,"d":1657},{"pi":"351577","pc":"Ювелирные изделия","ss":100000,"td":"Центр города","dc":1,"n":458.19,"vc":"более 100 000","sl":"Элитный","sv":"менее 50","p":2000000.0,"q":28.81,"b":0.1,"ms":0.14,"wi":74.62,"ei":6.62,"as":334.94,"mi":"E","mv":1426,"sc":1,"lpe":99.86,"lpr":125068.14,"lq":1.0,"d":3589},{"pi":"351577","pc":"Ювелирные изделия","ss":100000,"td":"Центр города","dc":1,"n":475.32,"vc":"более 100 000","sl":"Элитный","sv":"менее 50","p":2000000.0,"q":26.02,"b":0.2,"ms":0.29,"wi":60.41,"ei":8.56,"as":400.24,"mi":"E","mv":1374,"sc":1,"lpe":99.71,"lpr":138683.07,"lq":1.0,"d":1589},{"pi":"351577","pc":"Ювелирные изделия","ss":100000,"td":"Фешенебельный район","dc":5,"n":690.33,"vc":"более 100 000","sl":"Очень высокий","sv":"более 100","p":60000.0,"q":26.2,"b":2.61,"ms":7.29,"wi":26.64,"ei":9.14,"as":737.07,"mi":"E","mv":2058,"sc":1,"lpe":92.71,"lpr":13196.79,"lq":1.0,"d":1182},{"pi":"351577","pc":"Ювелирные изделия","ss":10000,"td":"Центр города","dc":2,"n":515.15,"vc":"более 20 000","sl":"Высокий","sv":"около 50","p":708700.56,"q":19.22,"b":0.0,"ms":15.31,"wi":30.6,"ei":3.23,"as":225.59,"mi":"E","mv":209,"sc":1,"lpe":84.69,"lpr":90709.93,"lq":4.8,"d":653},{"pi":"351577","pc":"Ювелирные изделия","ss":100000,"td":"Центр города","dc":1,"n":531.91,"vc":"более 200 000","sl":"Элитный","sv":"около 50","p":1500000.0,"q":29.19,"b":0.11,"ms":3.65,"wi":87.23,"ei":6.01,"as":483.13,"mi":"E","mv":905,"sc":1,"lpe":96.35,"lpr":132215.31,"lq":1.0,"d":1376},{"pi":"351577","pc":"Ювелирные изделия","ss":10000,"td":"Центр города","dc":1,"n":443.98,"vc":"более 20 000","sl":"Элитный","sv":"более 100","p":500000.0,"q":17.47,"b":2.55,"ms":6.98,"wi":70.43,"ei":7.02,"as":523.89,"mi":"E","mv":2149,"sc":1,"lpe":93.02,"lpr":309017.13,"lq":1.0,"d":1885},{"pi":"351577","pc":"Ювелирные изделия","ss":100000,"td":"Фешенебельный район","dc":10,"n":677.87,"vc":"около 100 000","sl":"Высокий","sv":"менее 50","p":2098993.09,"q":23.93,"b":1.6,"ms":3.24,"wi":53.55,"ei":3.26,"as":255.26,"mi":"E","mv":278,"sc":1,"lpe":96.76,"lpr":167710.51,"lq":1.0,"d":197},{"pi":"351577","pc":"Ювелирные изделия","ss":100000,"td":"Центр города","dc":1,"n":492.68,"vc":"более 100 000","sl":"Элитный","sv":"менее 50","p":1500000.0,"q":29.11,"b":0.11,"ms":2.05,"wi":53.0,"ei":5.3,"as":524.72,"mi":"E","mv":1168,"sc":1,"lpe":97.95,"lpr":131433.2,"lq":1.0,"d":858},{"pi":"351577","pc":"Ювелирные изделия","ss":100000,"td":"Фешенебельный район","dc":1,"n":618.22,"vc":"более 200 000","sl":"Элитный","sv":"около 500","p":1000000.0,"q":29.79,"b":0.28,"ms":10.35,"wi":64.5,"ei":14.69,"as":1178.45,"mi":"E","mv":4945,"sc":2,"lpe":89.61,"lpr":84050.16,"lq":1.0,"d":4918},{"pi":"351577","pc":"Ювелирные изделия","ss":100000,"td":"Центр города","dc":1,"n":331.4,"vc":"около 100 000","sl":"Элитный","sv":"менее 50","p":1500000.0,"q":28.79,"b":0.15,"ms":0.02,"wi":64.5,"ei":14.69,"as":1178.45,"mi":"E","mv":4945,"sc":2,"lpe":89.61,"lpr":84050.16,"lq":1.0,"d":4918},{"pi":"351577","pc":"Ювелирные изделия","ss":100000,"td":"Фешенебельный район","dc":10,"n":683.75,"vc":"около 100 000","sl":"Высокий","sv":"менее 50","p":2091309.94,"q":23.92,"b":1.6,"ms":1.8,"wi":17.75,"ei":3.78,"as":238.56,"mi":"E","mv":111,"sc":1,"lpe":98.2,"lpr":132808.53,"lq":1.0,"d":2346},{"pi":"351577","pc":"Ювелирные изделия","ss":100000,"td":"Фешенебельный район","dc":1,"n":397.49,"vc":"более 20 000","sl":"Элитный","sv":"менее 50","p":2000000.0,"q":29.4,"b":0.1,"ms":0.44,"wi":60.82,"ei":10.27,"as":909.2,"mi":"E","mv":2732,"sc":1,"lpe":99.56,"lpr":175510.07,"lq":1.0,"d":2215},{"pi":"351577","pc":"Ювелирные изделия","ss":100000,"td":"Центр города","dc":1,"n":546.35,"vc":"около 500 000","sl":"Элитный","sv":"менее 50","p":1500000.0,"q":29.02,"b":0.11,"ms":3.99,"wi":68.54,"ei":16.36,"as":1196.71,"mi":"E","mv":776,"sc":1,"lpe":96.01,"lpr":151695.82,"lq":1.0,"d":693},{"pi":"351577","pc":"Ювелирные изделия","ss":100000,"td":"Центр города","dc":1,"n":553.29,"vc":"более 200 000","sl":"Элитный","sv":"менее 50","p":1500000.0,"q":29.47,"b":0.1,"ms":1.83,"wi":71.78,"ei":5.74,"as":632.45,"mi":"E","mv":493,"sc":1,"lpe":98.17,"lpr":121683.29,"lq":1.0,"d":317},{"pi":"351577","pc":"Ювелирные изделия","ss":100000,"td":"Фешенебельный район","dc":1,"n":663.89,"vc":"более 100 000","sl":"Элитный","sv":"около 50","p":1000000.0,"q":28.34,"b":4.96,"ms":5.95,"wi":45.35,"ei":8.31,"as":495.43,"mi":"E","mv":840,"sc":1,"lpe":94.05,"lpr":70264.59,"lq":1.0,"d":1465},{"pi":"351577","pc":"Ювелирные изделия","ss":100000,"td":"Центр города","dc":1,"n":481.39,"vc":"более 100 000","sl":"Элитный","sv":"менее 50","p":1500000.0,"q":29.46,"b":0.1,"ms":0.62,"wi":62.57,"ei":13.98,"as":1863.8,"mi":"E","mv":973,"sc":1,"lpe":99.38,"lpr":123443.16,"lq":1.0,"d":787},{"pi":"351577","pc":"Ювелирные изделия","ss":100000,"td":"Центр города","dc":1,"n":632.03,"vc":"около 500 000","sl":"Очень высокий","sv":"менее 50","p":1500000.0,"q":29.18,"b":0.11,"ms":1.74,"wi":55.45,"ei":5.85,"as":1721.05,"mi":"E","mv":632,"sc":1,"lpe":98.26,"lpr":148101.57,"lq":1.0,"d":499},{"pi":"351577","pc":"Ювелирные изделия","ss":100000,"td":"Центр города","dc":1,"n":647.81,"vc":"около 500 000","sl":"Очень высокий","sv":"менее 50","p":1500000.0,"q":29.66,"b":0.0,"ms":3.01,"wi":119.07,"ei":7.63,"as":955.36,"mi":"E","mv":332,"sc":1,"lpe":96.99,"lpr":242966.4,"lq":1.0,"d":298},{"pi":"351577","pc":"Ювелирные изделия","ss":100000,"td":"Фешенебельный район","dc":3,"n":560.59,"vc":"около 50 000","sl":"Элитный","sv":"около 50","p":950000.0,"q":18.65,"b":0.02,"ms":3.31,"wi":38.82,"ei":9.28,"as":428.03,"mi":"E","mv":1119,"sc":1,"lpe":96.69,"lpr":73925.28,"lq":1.0,"d":2002},{"pi":"351577","pc":"Ювелирные изделия","ss":100000,"td":"Центр города","dc":2,"n":519.39,"vc":"около 500 000","sl":"Очень высокий","sv":"около 50","p":1000000.0,"q":28.34,"b":0.0,"ms":3.42,"wi":75.59,"ei":8.41,"as":636.04,"mi":"E","mv":1462,"sc":1,"lpe":96.58,"lpr":332793.45,"lq":1.0,"d":974},{"pi":"351577","pc":"Ювелирные изделия","ss":100000,"td":"Спальный район","dc":1,"n":690.03,"vc":"более 1 000 000","sl":"Нормальный","sv":"около 500","p":500000.0,"q":17.47,"b":2.59,"ms":21.52,"wi":38.51,"ei":4.85,"as":365.3,"mi":"E","mv":1952,"sc":1,"lpe":78.48,"lpr":139876.59,"lq":4.99,"d":2236},{"pi":"351577","pc":"Ювелирные изделия","ss":100000,"td":"Центр города","dc":10,"n":659.02,"vc":"более 1 000 000","sl":"Очень низкий","sv":"менее 50","p":2142556.95,"q":24.55,"b":2.38,"ms":5.64,"wi":49.83,"ei":4.32,"as":536.62,"mi":"E","mv":514,"sc":2,"lpe":93.97,"lpr":234479.98,"lq":1.0,"d":863},{"pi":"351577","pc":"Ювелирные изделия","ss":100000,"td":"Фешенебельный район","dc":3,"n":470.76,"vc":"более 20 000","sl":"Низкий","sv":"менее 50","p":420000.0,"q":21.15,"b":3.2,"ms":0.39,"wi":49.83,"ei":4.32,"as":536.62,"mi":"E","mv":514,"sc":2,"lpe":93.97,"lpr":234479.98,"lq":1.0,"d":863},{"pi":"351577","pc":"Ювелирные изделия","ss":500,"td":"Фешенебельный район","dc":1,"n":699.73,"vc":"более 200","sl":"Элитный","sv":"менее 50","p":297284.13,"q":24.49,"b":2.9,"ms":12.12,"wi":52.0,"ei":4.19,"as":731.38,"mi":"E","mv":165,"sc":1,"lpe":87.88,"lpr":195420.61,"lq":11.33,"d":827},{"pi":"351577","pc":"Ювелирные изделия","ss":1000,"td":"Центр города","dc":1,"n":379.25,"vc":"более 2 000","sl":"Очень высокий","sv":"менее 50","p":1300000.0,"q":18.9,"b":0.0,"ms":7.55,"wi":80.52,"ei":8.2,"as":766.39,"mi":"E","mv":371,"sc":1,"lpe":92.45,"lpr":311631.67,"lq":1.0,"d":532},{"pi":"351577","pc":"Ювелирные изделия","ss":10000,"td":"Центр города","dc":1,"n":396.64,"vc":"более 10 000","sl":"Элитный","sv":"около 50","p":450000.0,"q":17.47,"b":2.55,"ms":1.35,"wi":81.74,"ei":8.69,"as":530.19,"mi":"E","mv":4067,"sc":2,"lpe":97.66,"lpr":203713.5,"lq":1.0,"d":3080},{"pi":"351577","pc":"Ювелирные изделия","ss":100000,"td":"Центр города","dc":1,"n":398.64,"vc":"более 100 000","sl":"Элитный","sv":"около 50","p":2000000.0,"q":26.02,"b":0.2,"ms":0.98,"wi":81.74,"ei":8.69,"as":530.19,"mi":"E","mv":4067,"sc":2,"lpe":97.66,"lpr":203713.5,"lq":1.0,"d":3080},{"pi":"351577","pc":"Ювелирные изделия","ss":1000,"td":"Центр города","dc":1,"n":441.94,"vc":"более 2 000","sl":"Нормальный","sv":"менее 50","p":1485000.0,"q":19.01,"b":0.0,"ms":1.43,"wi":78.65,"ei":6.93,"as":514.15,"mi":"E","mv":349,"sc":1,"lpe":98.57,"lpr":442750.62,"lq":1.0,"d":2980},{"pi":"351577","pc":"Ювелирные изделия","ss":100000,"td":"Спальный район","dc":2,"n":507.98,"vc":"более 200 000","sl":"Очень высокий","sv":"около 100","p":1000000.0,"q":28.34,"b":0.37,"ms":4.15,"wi":77.97,"ei":7.69,"as":463.52,"mi":"E","mv":2407,"sc":3,"lpe":91.28,"lpr":407347.47,"lq":1.0,"d":1663},{"pi":"351577","pc":"Ювелирные изделия","ss":100000,"td":"Центр города","dc":2,"n":507.98,"vc":"около 500 000","sl":"Очень высокий","sv":"около 100","p":1000000.0,"q":28.34,"b":0.37,"ms":4.15,"wi":77.97,"ei":7.69,"as":463.52,"mi":"E","mv":2407,"sc":3,"lpe":91.28,"lpr":407347.47,"lq":1.0,"d":1663},{"pi":"351577","pc":"Ювелирные изделия","ss":10000,"td":"Центр города","dc":1,"n":440.75,"vc":"более 20 000","sl":"Элитный","sv":"менее 50","p":450000.0,"q":17.47,"b":2.55,"ms":0.42,"wi":77.97,"ei":7.69,"as":463.52,"mi":"E","mv":2407,"sc":3,"lpe":91.28,"lpr":407347.47,"lq":1.0,"d":1663},{"pi":"351577","pc":"Ювелирные изделия","ss":1000,"td":"Центр города","dc":1,"n":343.89,"vc":"более 2 000","sl":"Очень высокий","sv":"менее 50","p":1350000.0,"q":19.01,"b":0.0,"ms":3.01,"wi":79.2,"ei":9.12,"as":724.54,"mi":"E","mv":498,"sc":2,"lpe":94.58,"lpr":405390.53,"lq":1.0,"d":1255},{"pi":"351577","pc":"Ювелирные изделия","ss":1000,"td":"Фешенебельный район","dc":1,"n":338.6,"vc":"более 200","sl":"Элитный","sv":"менее 50","p":2000000.0,"q":18.65,"b":0.0,"ms":2.41,"wi":79.2,"ei":9.12,"as":724.54,"mi":"E","mv":498,"sc":2,"lpe":94.58,"lpr":405390.53,"lq":1.0,"d":1255},{"pi":"351577","pc":"Ювелирные изделия","ss":1000,"td":"Центр города","dc":1,"n":476.44,"vc":"около 5 000","sl":"Нормальный","sv":"около 50","p":1514506.25,"q":29.19,"b":0.16,"ms":3.54,"wi":79.27,"ei":12.05,"as":894.85,"mi":"E","mv":1242,"sc":2,"lpe":94.85,"lpr":642665.23,"lq":1.0,"d":6441},{"pi":"351577","pc":"Ювелирные изделия","ss":500,"td":"Фешенебельный район","dc":1,"n":548.08,"vc":"около 500","sl":"Очень высокий","sv":"менее 50","p":1463973.72,"q":23.05,"b":2.9,"ms":1.61,"wi":79.27,"ei":12.05,"as":894.85,"mi":"E","mv":1242,"sc":2,"lpe":94.85,"lpr":642665.23,"lq":1.0,"d":6441},{"pi":"351577","pc":"Ювелирные изделия","ss":100000,"td":"Центр города","dc":1,"n":563.24,"vc":"около 500 000","sl":"Элитный","sv":"менее 50","p":1500000.0,"q":29.64,"b":0.09,"ms":2.06,"wi":49.49,"ei":5.7,"as":783.51,"mi":"E","mv":485,"sc":1,"lpe":97.94,"lpr":125566.86,"lq":1.0,"d":374},{"pi":"351577","pc":"Ювелирные изделия","ss":100000,"td":"Центр города","dc":3,"n":374.15,"vc":"около 50 000","sl":"Элитный","sv":"около 50","p":260000.0,"q":21.5,"b":2.83,"ms":10.81,"wi":54.35,"ei":5.33,"as":739.34,"mi":"E","mv":583,"sc":1,"lpe":89.19,"lpr":34351.11,"lq":1.79,"d":396},{"pi":"351577","pc":"Ювелирные изделия","ss":10000,"td":"Фешенебельный район","dc":1,"n":575.58,"vc":"около 10 000","sl":"Элитный","sv":"менее 50","p":3000000.0,"q":18.52,"b":0.0,"ms":0.58,"wi":80.74,"ei":6.32,"as":440.09,"mi":"E","mv":1206,"sc":1,"lpe":99.42,"lpr":337424.18,"lq":1.0,"d":718},{"pi":"351577","pc":"Ювелирные изделия","ss":100000,"td":"Центр города","dc":1,"n":678.3,"vc":"около 500 000","sl":"Очень высокий","sv":"менее 50","p":1500000.0,"q":29.66,"b":0.0,"ms":4.72,"wi":80.57,"ei":8.07,"as":964.84,"mi":"E","mv":212,"sc":1,"lpe":95.28,"lpr":133626.66,"lq":1.0,"d":334},{"pi":"351577","pc":"Ювелирные изделия","ss":100000,"td":"Фешенебельный район","dc":2,"n":526.52,"vc":"около 50 000","sl":"Элитный","sv":"около 100","p":6000000.0,"q":21.08,"b":0.0,"ms":4.5,"wi":88.06,"ei":7.67,"as":429.01,"mi":"E","mv":2224,"sc":1,"lpe":95.5,"lpr":989040.61,"lq":1.0,"d":2707},{"pi":"351577","pc":"Ювелирные изделия","ss":100000,"td":"Центр города","dc":10,"n":672.99,"vc":"около 1 000 000","sl":"Очень низкий","sv":"менее 50","p":2842827.18,"q":23.93,"b":0.0,"ms":1.49,"wi":67.22,"ei":7.89,"as":773.91,"mi":"E","mv":201,"sc":1,"lpe":98.51,"lpr":382113.78,"lq":1.0,"d":327},{"pi":"351577","pc":"Ювелирные изделия","ss":100000,"td":"Центр города","dc":1,"n":528.98,"vc":"около 500 000","sl":"Очень высокий","sv":"около 100","p":2400000.0,"q":21.49,"b":0.0,"ms":4.27,"wi":76.26,"ei":6.13,"as":361.83,"mi":"E","mv":2176,"sc":1,"lpe":95.73,"lpr":229627.68,"lq":1.0,"d":1965},{"pi":"351577","pc":"Ювелирные изделия","ss":100000,"td":"Центр города","dc":1,"n":470.33,"vc":"более 200 000","sl":"Элитный","sv":"менее 50","p":1518090.0,"q":29.66,"b":0.0,"ms":0.41,"wi":108.24,"ei":7.46,"as":1400.18,"mi":"E","mv":2413,"sc":1,"lpe":99.59,"lpr":402692.98,"lq":1.0,"d":1661},{"pi":"351577","pc":"Ювелирные изделия","ss":100000,"td":"Центр города","dc":1,"n":618.99,"vc":"около 500 000","sl":"Очень высокий","sv":"менее 50","p":1508000.0,"q":29.66,"b":0.0,"ms":2.02,"wi":72.56,"ei":7.0,"as":980.73,"mi":"E","mv":494,"sc":1,"lpe":97.98,"lpr":290396.03,"lq":1.0,"d":612},{"pi":"351577","pc":"Ювелирные изделия","ss":10000,"td":"Фешенебельный район","dc":2,"n":530.95,"vc":"более 3 000","sl":"Элитный","sv":"менее 50","p":430000.0,"q":25.17,"b":0.1,"ms":2.02,"wi":50.37,"ei":3.0,"as":214.48,"mi":"E","mv":694,"sc":2,"lpe":96.54,"lpr":242766.66,"lq":1.0,"d":491},{"pi":"351577","pc":"Ювелирные изделия","ss":100000,"td":"Фешенебельный район","dc":6,"n":561.55,"vc":"около 50 000","sl":"Элитный","sv":"менее 50","p":406000.0,"q":24.49,"b":0.1,"ms":1.44,"wi":50.37,"ei":3.0,"as":214.48,"mi":"E","mv":694,"sc":2,"lpe":96.54,"lpr":242766.66,"lq":1.0,"d":491},{"pi":"351577","pc":"Ювелирные изделия","ss":100000,"td":"Центр города","dc":1,"n":708.37,"vc":"более 1 000 000","sl":"Нормальный","sv":"около 100","p":60471.45,"q":27.46,"b":6.63,"ms":30.18,"wi":35.3,"ei":6.2,"as":388.61,"mi":"E","mv":285,"sc":1,"lpe":69.82,"lpr":5581.79,"lq":19.03,"d":435},{"pi":"351577","pc":"Ювелирные изделия","ss":100000,"td":"Фешенебельный район","dc":6,"n":681.68,"vc":"более 200 000","sl":"Высокий","sv":"более 100","p":166969.36,"q":25.57,"b":0.12,"ms":2.37,"wi":7.21,"ei":6.32,"as":140.08,"mi":"E","mv":7595,"sc":1,"lpe":97.63,"lpr":61511.53,"lq":1.0,"d":47032},{"pi":"351577","pc":"Ювелирные изделия","ss":500,"td":"Фешенебельный район","dc":1,"n":698.19,"vc":"около 500","sl":"Очень высокий","sv":"около 50","p":473097.4,"q":23.05,"b":2.43,"ms":12.44,"wi":66.16,"ei":6.9,"as":452.74,"mi":"E","mv":402,"sc":1,"lpe":87.56,"lpr":201155.8,"lq":9.6,"d":1371},{"pi":"351577","pc":"Ювелирные изделия","ss":100000,"td":"Фешенебельный район","dc":7,"n":537.7,"vc":"около 50 000","sl":"Элитный","sv":"более 100","p":58000.0,"q":25.01,"b":1.42,"ms":22.96,"wi":40.77,"ei":6.38,"as":667.28,"mi":"E","mv":697,"sc":1,"lpe":77.04,"lpr":89292.66,"lq":5.16,"d":899},{"pi":"351577","pc":"Ювелирные изделия","ss":100000,"td":"Центр города","dc":1,"n":617.87,"vc":"более 300 000","sl":"Элитный","sv":"менее 50","p":1500000.0,"q":28.65,"b":0.15,"ms":1.79,"wi":77.91,"ei":9.63,"as":1565.9,"mi":"E","mv":168,"sc":1,"lpe":97.62,"lpr":120897.59,"lq":1.0,"d":169},{"pi":"351577","pc":"Ювелирные изделия","ss":100000,"td":"Фешенебельный район","dc":5,"n":681.98,"vc":"более 200 000","sl":"Высокий","sv":"более 100","p":273439.54,"q":25.3,"b":1.42,"ms":23.74,"wi":37.42,"ei":10.46,"as":633.22,"mi":"E","mv":716,"sc":1,"lpe":76.26,"lpr":139138.58,"lq":7.46,"d":1291},{"pi":"351577","pc":"Ювелирные изделия","ss":10000,"td":"Фешенебельный район","dc":10,"n":668.74,"vc":"около 10 000","sl":"Нормальный","sv":"менее 50","p":2189944.18,"q":23.89,"b":0.0,"ms":0.61,"wi":34.68,"ei":6.16,"as":388.83,"mi":"E","mv":164,"sc":1,"lpe":99.39,"lpr":207969.57,"lq":1.0,"d":306},{"pi":"351577","pc":"Ювелирные изделия","ss":10000,"td":"Центр города","dc":1,"n":385.82,"vc":"около 5 000","sl":"Элитный","sv":"менее 50","p":1234686.0,"q":18.82,"b":0.0,"ms":5.18,"wi":53.39,"ei":8.85,"as":536.19,"mi":"E","mv":193,"sc":1,"lpe":94.82,"lpr":186527.94,"lq":1.0,"d":410}]