[{"pi":"423119","pc":"Промышленные товары","ss":1000,"td":"Центр города","dc":1,"n":104.29,"vc":"около 500","sl":"Элитный","sv":"менее 50","p":73385.21,"q":14.5,"b":0.57,"ms":0.01,"wi":112.04,"ei":5.7,"as":525.47,"mi":"E","mv":12237,"sc":1,"lpe":99.99,"lpr":12390.99,"lq":1.0,"d":632},{"pi":"423119","pc":"Промышленные товары","ss":1000,"td":"Центр города","dc":1,"n":458.83,"vc":"около 5 000","sl":"Нормальный","sv":"около 500","p":27000.0,"q":17.96,"b":0.0,"ms":4.41,"wi":33.06,"ei":10.02,"as":247.03,"mi":"E","mv":14618,"sc":1,"lpe":95.59,"lpr":10298.11,"lq":1.0,"d":4689},{"pi":"423119","pc":"Промышленные товары","ss":1000,"td":"Центр города","dc":1,"n":80.39,"vc":"более 1 000","sl":"Элитный","sv":"более 100","p":40000.0,"q":5.75,"b":0.0,"ms":0.97,"wi":75.85,"ei":12.1,"as":729.22,"mi":"E","mv":19281,"sc":2,"lpe":98.92,"lpr":19964.74,"lq":1.0,"d":1235},{"pi":"423119","pc":"Промышленные товары","ss":1000,"td":"Центр города","dc":1,"n":239.01,"vc":"более 1 000","sl":"Элитный","sv":"менее 50","p":130000.0,"q":29.17,"b":4.71,"ms":0.11,"wi":75.85,"ei":12.1,"as":729.22,"mi":"E","mv":19281,"sc":2,"lpe":98.92,"lpr":19964.74,"lq":1.0,"d":1235},{"pi":"423119","pc":"Промышленные товары","ss":100000,"td":"Центр города","dc":4,"n":603.68,"vc":"около 1 000 000","sl":"Низкий","sv":"около 5 000","p":24000.0,"q":12.42,"b":3.93,"ms":8.68,"wi":60.32,"ei":7.58,"as":403.37,"mi":"E","mv":38038,"sc":4,"lpe":90.84,"lpr":9204.55,"lq":1.0,"d":2108},{"pi":"423119","pc":"Промышленные товары","ss":100000,"td":"Фешенебельный район","dc":9,"n":675.32,"vc":"около 500 000","sl":"Низкий","sv":"более 100","p":37218.49,"q":20.28,"b":0.0,"ms":0.44,"wi":60.32,"ei":7.58,"as":403.37,"mi":"E","mv":38038,"sc":4,"lpe":90.84,"lpr":9204.55,"lq":1.0,"d":2108},{"pi":"423119","pc":"Промышленные товары","ss":100000,"td":"Центр города","dc":1,"n":185.34,"vc":"более 10 000","sl":"Элитный","sv":"менее 50","p":30000.0,"q":17.35,"b":0.0,"ms":0.03,"wi":60.32,"ei":7.58,"as":403.37,"mi":"E","mv":38038,"sc":4,"lpe":90.84,"lpr":9204.55,"lq":1.0,"d":2108},{"pi":"423119","pc":"Промышленные товары","ss":100000,"td":"Центр города","dc":5,"n":92.73,"vc":"около 10 000","sl":"Элитный","sv":"менее 50","p":23000.0,"q":27.17,"b":0.0,"ms":0.01,"wi":60.32,"ei":7.58,"as":403.37,"mi":"E","mv":38038,"sc":4,"lpe":90.84,"lpr":9204.55,"lq":1.0,"d":2108},{"pi":"423119","pc":"Промышленные товары","ss":100000,"td":"Центр города","dc":4,"n":491.95,"vc":"около 500 000","sl":"Низкий","sv":"около 1 000","p":24000.0,"q":12.42,"b":3.45,"ms":0.91,"wi":82.91,"ei":6.91,"as":1080.49,"mi":"E","mv":87677,"sc":3,"lpe":98.76,"lpr":23484.79,"lq":1.0,"d":5342},{"pi":"423119","pc":"Промышленные товары","ss":100000,"td":"Центр города","dc":1,"n":446.77,"vc":"около 500 000","sl":"Элитный","sv":"более 100","p":130000.0,"q":29.17,"b":4.51,"ms":0.17,"wi":82.91,"ei":6.91,"as":1080.49,"mi":"E","mv":87677,"sc":3,"lpe":98.76,"lpr":23484.79,"lq":1.0,"d":5342},{"pi":"423119","pc":"Промышленные товары","ss":100000,"td":"Центр города","dc":1,"n":446.77,"vc":"более 300 000","sl":"Элитный","sv":"более 100","p":130000.0,"q":29.17,"b":4.51,"ms":0.16,"wi":82.91,"ei":6.91,"as":1080.49,"mi":"E","mv":87677,"sc":3,"lpe":98.76,"lpr":23484.79,"lq":1.0,"d":5342},{"pi":"423119","pc":"Промышленные товары","ss":100000,"td":"Фешенебельный район","dc":1,"n":463.27,"vc":"более 20 000","sl":"Элитный","sv":"около 1 000","p":40000.0,"q":23.43,"b":5.93,"ms":5.61,"wi":143.39,"ei":7.29,"as":661.55,"mi":"E","mv":17822,"sc":4,"lpe":93.23,"lpr":20881.0,"lq":1.0,"d":1029},{"pi":"423119","pc":"Промышленные товары","ss":100000,"td":"Центр города","dc":1,"n":377.06,"vc":"около 100 000","sl":"Элитный","sv":"около 100","p":48000.0,"q":17.95,"b":4.53,"ms":0.56,"wi":143.39,"ei":7.29,"as":661.55,"mi":"E","mv":17822,"sc":4,"lpe":93.23,"lpr":20881.0,"lq":1.0,"d":1029},{"pi":"423119","pc":"Промышленные товары","ss":100000,"td":"Центр города","dc":1,"n":542.82,"vc":"около 500 000","sl":"Элитный","sv":"около 50","p":130000.0,"q":29.17,"b":4.95,"ms":0.3,"wi":143.39,"ei":7.29,"as":661.55,"mi":"E","mv":17822,"sc":4,"lpe":93.23,"lpr":20881.0,"lq":1.0,"d":1029},{"pi":"423119","pc":"Промышленные товары","ss":100000,"td":"Центр города","dc":1,"n":542.82,"vc":"около 500 000","sl":"Элитный","sv":"около 50","p":130000.0,"q":29.17,"b":4.95,"ms":0.3,"wi":143.39,"ei":7.29,"as":661.55,"mi":"E","mv":17822,"sc":4,"lpe":93.23,"lpr":20881.0,"lq":1.0,"d":1029},{"pi":"423119","pc":"Промышленные товары","ss":100000,"td":"Центр города","dc":1,"n":524.92,"vc":"около 500 000","sl":"Элитный","sv":"около 500","p":130000.0,"q":29.17,"b":4.95,"ms":2.12,"wi":91.16,"ei":12.05,"as":819.44,"mi":"E","mv":21055,"sc":2,"lpe":96.16,"lpr":23726.66,"lq":1.0,"d":1294},{"pi":"423119","pc":"Промышленные товары","ss":100000,"td":"Центр города","dc":1,"n":524.92,"vc":"около 500 000","sl":"Элитный","sv":"около 500","p":130000.0,"q":29.17,"b":4.95,"ms":1.72,"wi":91.16,"ei":12.05,"as":819.44,"mi":"E","mv":21055,"sc":2,"lpe":96.16,"lpr":23726.66,"lq":1.0,"d":1294},{"pi":"423119","pc":"Промышленные товары","ss":100000,"td":"Центр города","dc":1,"n":554.15,"vc":"около 500 000","sl":"Элитный","sv":"около 500","p":130000.0,"q":29.17,"b":4.95,"ms":3.49,"wi":100.48,"ei":8.99,"as":853.23,"mi":"E","mv":11064,"sc":1,"lpe":96.51,"lpr":25602.17,"lq":1.0,"d":708},{"pi":"423119","pc":"Промышленные товары","ss":100000,"td":"Центр города","dc":1,"n":570.45,"vc":"около 500 000","sl":"Элитный","sv":"более 100","p":130000.0,"q":29.17,"b":4.95,"ms":2.44,"wi":78.18,"ei":10.65,"as":989.97,"mi":"E","mv":7254,"sc":2,"lpe":96.18,"lpr":29213.71,"lq":1.0,"d":709},{"pi":"423119","pc":"Промышленные товары","ss":100000,"td":"Центр города","dc":1,"n":532.21,"vc":"более 200 000","sl":"Элитный","sv":"около 100","p":40000.0,"q":23.43,"b":5.93,"ms":1.38,"wi":78.18,"ei":10.65,"as":989.97,"mi":"E","mv":7254,"sc":2,"lpe":96.18,"lpr":29213.71,"lq":1.0,"d":709},{"pi":"423119","pc":"Промышленные товары","ss":10000,"td":"Центр города","dc":1,"n":528.98,"vc":"около 50 000","sl":"Высокий","sv":"более 1 000","p":40000.0,"q":22.46,"b":0.98,"ms":4.03,"wi":59.46,"ei":5.22,"as":274.68,"mi":"E","mv":37847,"sc":2,"lpe":92.0,"lpr":8852.59,"lq":1.0,"d":2794},{"pi":"423119","pc":"Промышленные товары","ss":10000,"td":"Спальный район","dc":1,"n":349.19,"vc":"более 10 000","sl":"Очень высокий","sv":"более 1 000","p":13000.0,"q":10.0,"b":0.0,"ms":3.96,"wi":59.46,"ei":5.22,"as":274.68,"mi":"E","mv":37847,"sc":2,"lpe":92.0,"lpr":8852.59,"lq":1.0,"d":2794},{"pi":"423119","pc":"Промышленные товары","ss":1000,"td":"Фешенебельный район","dc":1,"n":71.54,"vc":"около 50","sl":"Элитный","sv":"около 100","p":10000.0,"q":23.43,"b":5.11,"ms":2.36,"wi":24.38,"ei":4.86,"as":316.4,"mi":"E","mv":3429,"sc":2,"lpe":95.28,"lpr":3354.54,"lq":1.0,"d":580},{"pi":"423119","pc":"Промышленные товары","ss":1000,"td":"Центр города","dc":1,"n":427.74,"vc":"более 2 000","sl":"Очень высокий","sv":"около 100","p":12750.0,"q":17.51,"b":0.0,"ms":2.36,"wi":24.38,"ei":4.86,"as":316.4,"mi":"E","mv":3429,"sc":2,"lpe":95.28,"lpr":3354.54,"lq":1.0,"d":580},{"pi":"423119","pc":"Промышленные товары","ss":500,"td":"Спальный район","dc":1,"n":316.86,"vc":"более 200","sl":"Элитный","sv":"менее 50","p":12927.05,"q":8.04,"b":0.6,"ms":0.04,"wi":43.53,"ei":6.61,"as":378.09,"mi":"E","mv":2440,"sc":1,"lpe":99.96,"lpr":6431.37,"lq":1.0,"d":307},{"pi":"423119","pc":"Промышленные товары","ss":100000,"td":"Центр города","dc":2,"n":371.73,"vc":"более 100 000","sl":"Элитный","sv":"более 1 000","p":24000.0,"q":12.42,"b":3.45,"ms":3.39,"wi":74.13,"ei":6.14,"as":484.11,"mi":"E","mv":51692,"sc":2,"lpe":96.52,"lpr":19005.49,"lq":1.0,"d":2838},{"pi":"423119","pc":"Промышленные товары","ss":100000,"td":"Центр города","dc":1,"n":488.44,"vc":"около 500 000","sl":"Элитный","sv":"около 50","p":130000.0,"q":26.61,"b":4.51,"ms":0.09,"wi":74.13,"ei":6.14,"as":484.11,"mi":"E","mv":51692,"sc":2,"lpe":96.52,"lpr":19005.49,"lq":1.0,"d":2838},{"pi":"423119","pc":"Промышленные товары","ss":100000,"td":"Пригород","dc":10,"n":0.0,"vc":"более 1 000","sl":"Элитный","sv":"менее 50","p":4926.2,"q":10.52,"b":0.0,"ms":0.0,"wi":65.25,"ei":7.61,"as":597.75,"mi":"E","mv":49468,"sc":1,"lpe":100.0,"lpr":14592.36,"lq":1.0,"d":2865},{"pi":"423119","pc":"Промышленные товары","ss":1000,"td":"Центр города","dc":1,"n":12.1,"vc":"около 50","sl":"Элитный","sv":"менее 50","p":10000.0,"q":1.05,"b":0.0,"ms":0.01,"wi":52.19,"ei":7.34,"as":456.45,"mi":"E","mv":34691,"sc":1,"lpe":99.99,"lpr":12893.61,"lq":1.0,"d":1836},{"pi":"423119","pc":"Промышленные товары","ss":100000,"td":"Пригород","dc":10,"n":0.0,"vc":"более 1 000","sl":"Элитный","sv":"менее 50","p":3607.27,"q":10.52,"b":0.0,"ms":0.0,"wi":61.68,"ei":6.38,"as":682.97,"mi":"E","mv":28089,"sc":1,"lpe":100.0,"lpr":14080.78,"lq":1.0,"d":1923},{"pi":"423119","pc":"Промышленные товары","ss":100000,"td":"Фешенебельный район","dc":2,"n":642.17,"vc":"более 100 000","sl":"Элитный","sv":"около 5 000","p":55000.0,"q":18.04,"b":0.0,"ms":21.62,"wi":164.51,"ei":10.67,"as":1516.17,"mi":"E","mv":31460,"sc":4,"lpe":74.98,"lpr":20250.92,"lq":7.49,"d":1885},{"pi":"423119","pc":"Промышленные товары","ss":100000,"td":"Фешенебельный район","dc":1,"n":531.99,"vc":"около 50 000","sl":"Элитный","sv":"около 1 000","p":40000.0,"q":23.43,"b":5.93,"ms":3.18,"wi":164.51,"ei":10.67,"as":1516.17,"mi":"E","mv":31460,"sc":4,"lpe":74.98,"lpr":20250.92,"lq":7.49,"d":1885},{"pi":"423119","pc":"Промышленные товары","ss":100000,"td":"Центр города","dc":1,"n":505.77,"vc":"около 500 000","sl":"Элитный","sv":"около 50","p":130000.0,"q":29.17,"b":4.95,"ms":0.11,"wi":164.51,"ei":10.67,"as":1516.17,"mi":"E","mv":31460,"sc":4,"lpe":74.98,"lpr":20250.92,"lq":7.49,"d":1885},{"pi":"423119","pc":"Промышленные товары","ss":100000,"td":"Центр города","dc":1,"n":504.46,"vc":"более 200 000","sl":"Элитный","sv":"около 50","p":130000.0,"q":29.17,"b":4.95,"ms":0.1,"wi":164.51,"ei":10.67,"as":1516.17,"mi":"E","mv":31460,"sc":4,"lpe":74.98,"lpr":20250.92,"lq":7.49,"d":1885},{"pi":"423119","pc":"Промышленные товары","ss":1000,"td":"Центр города","dc":1,"n":507.2,"vc":"около 5 000","sl":"Нормальный","sv":"около 500","p":30000.0,"q":23.43,"b":5.65,"ms":1.72,"wi":61.55,"ei":11.03,"as":913.67,"mi":"E","mv":29036,"sc":3,"lpe":97.48,"lpr":19772.52,"lq":1.0,"d":12392},{"pi":"423119","pc":"Промышленные товары","ss":1000,"td":"Спальный район","dc":1,"n":241.06,"vc":"более 1 000","sl":"Элитный","sv":"более 200","p":40000.0,"q":20.28,"b":0.0,"ms":0.73,"wi":61.55,"ei":11.03,"as":913.67,"mi":"E","mv":29036,"sc":3,"lpe":97.48,"lpr":19772.52,"lq":1.0,"d":12392},{"pi":"423119","pc":"Промышленные товары","ss":1000,"td":"Центр города","dc":1,"n":222.1,"vc":"более 1 000","sl":"Элитный","sv":"менее 50","p":130000.0,"q":29.17,"b":5.87,"ms":0.07,"wi":61.55,"ei":11.03,"as":913.67,"mi":"E","mv":29036,"sc":3,"lpe":97.48,"lpr":19772.52,"lq":1.0,"d":12392},{"pi":"423119","pc":"Промышленные товары","ss":100000,"td":"Спальный район","dc":3,"n":507.61,"vc":"более 100 000","sl":"Высокий","sv":"около 500","p":80500.0,"q":18.13,"b":0.0,"ms":4.66,"wi":93.84,"ei":6.51,"as":603.04,"mi":"E","mv":6979,"sc":1,"lpe":95.34,"lpr":24856.23,"lq":1.0,"d":576},{"pi":"423119","pc":"Промышленные товары","ss":100000,"td":"Спальный район","dc":1,"n":652.93,"vc":"около 500 000","sl":"Очень высокий","sv":"около 1 000","p":70000.0,"q":18.04,"b":0.0,"ms":6.89,"wi":120.4,"ei":7.25,"as":2008.8,"mi":"E","mv":11299,"sc":1,"lpe":93.11,"lpr":20780.57,"lq":1.0,"d":663},{"pi":"423119","pc":"Промышленные товары","ss":100000,"td":"Центр города","dc":10,"n":659.02,"vc":"более 1 000 000","sl":"Очень низкий","sv":"более 200","p":54113.58,"q":20.28,"b":0.0,"ms":2.0,"wi":46.24,"ei":8.6,"as":391.35,"mi":"E","mv":13517,"sc":1,"lpe":98.0,"lpr":18994.82,"lq":1.0,"d":1658},{"pi":"423119","pc":"Промышленные товары","ss":10000,"td":"Центр города","dc":1,"n":413.71,"vc":"более 10 000","sl":"Элитный","sv":"менее 50","p":50000.0,"q":16.53,"b":0.0,"ms":0.23,"wi":72.41,"ei":6.56,"as":684.14,"mi":"E","mv":5277,"sc":1,"lpe":99.77,"lpr":11618.66,"lq":1.0,"d":397},{"pi":"423119","pc":"Промышленные товары","ss":100000,"td":"Центр города","dc":1,"n":519.63,"vc":"около 500 000","sl":"Нормальный","sv":"менее 50","p":44859.36,"q":10.28,"b":0.0,"ms":0.0,"wi":24.23,"ei":4.88,"as":222.61,"mi":"E","mv":25390,"sc":2,"lpe":99.99,"lpr":5872.2,"lq":1.0,"d":1468},{"pi":"423119","pc":"Промышленные товары","ss":500,"td":"Спальный район","dc":1,"n":182.74,"vc":"около 500","sl":"Очень высокий","sv":"менее 50","p":11589.4,"q":8.04,"b":0.5,"ms":0.0,"wi":24.23,"ei":4.88,"as":222.61,"mi":"E","mv":25390,"sc":2,"lpe":99.99,"lpr":5872.2,"lq":1.0,"d":1468},{"pi":"423119","pc":"Промышленные товары","ss":500,"td":"Окраина","dc":3,"n":54.31,"vc":"более 100","sl":"Элитный","sv":"менее 50","p":31300.0,"q":5.45,"b":0.0,"ms":0.01,"wi":41.97,"ei":4.43,"as":182.26,"mi":"E","mv":25072,"sc":2,"lpe":99.99,"lpr":14797.08,"lq":1.0,"d":1812},{"pi":"423119","pc":"Промышленные товары","ss":500,"td":"Спальный район","dc":1,"n":180.54,"vc":"более 200","sl":"Очень высокий","sv":"менее 50","p":28767.3,"q":8.04,"b":0.5,"ms":0.0,"wi":41.97,"ei":4.43,"as":182.26,"mi":"E","mv":25072,"sc":2,"lpe":99.99,"lpr":14797.08,"lq":1.0,"d":1812},{"pi":"423119","pc":"Промышленные товары","ss":100000,"td":"Центр города","dc":3,"n":427.52,"vc":"более 100 000","sl":"Элитный","sv":"около 1 000","p":999.99,"q":19.69,"b":0.0,"ms":11.7,"wi":7.36,"ei":4.12,"as":161.41,"mi":"E","mv":7567,"sc":2,"lpe":88.29,"lpr":2056.64,"lq":1.11,"d":4029},{"pi":"423119","pc":"Промышленные товары","ss":500,"td":"Спальный район","dc":1,"n":238.31,"vc":"более 200","sl":"Очень высокий","sv":"менее 50","p":3885.41,"q":8.04,"b":0.5,"ms":0.01,"wi":7.36,"ei":4.12,"as":161.41,"mi":"E","mv":7567,"sc":2,"lpe":88.29,"lpr":2056.64,"lq":1.11,"d":4029},{"pi":"423119","pc":"Промышленные товары","ss":100000,"td":"Спальный район","dc":10,"n":668.34,"vc":"более 1 000 000","sl":"Очень низкий","sv":"около 500","p":50401.32,"q":20.28,"b":0.0,"ms":0.79,"wi":41.76,"ei":8.78,"as":296.55,"mi":"E","mv":47861,"sc":2,"lpe":99.0,"lpr":12330.2,"lq":1.0,"d":4441},{"pi":"423119","pc":"Промышленные товары","ss":100000,"td":"Фешенебельный район","dc":9,"n":380.44,"vc":"более 20 000","sl":"Очень высокий","sv":"около 100","p":50500.0,"q":19.07,"b":3.59,"ms":0.21,"wi":41.76,"ei":8.78,"as":296.55,"mi":"E","mv":47861,"sc":2,"lpe":99.0,"lpr":12330.2,"lq":1.0,"d":4441},{"pi":"423119","pc":"Промышленные товары","ss":100000,"td":"Центр города","dc":1,"n":605.67,"vc":"около 500 000","sl":"Элитный","sv":"около 500","p":30000.0,"q":23.43,"b":5.93,"ms":11.5,"wi":74.46,"ei":10.04,"as":1361.71,"mi":"E","mv":4347,"sc":1,"lpe":88.5,"lpr":16790.52,"lq":6.86,"d":541},{"pi":"423119","pc":"Промышленные товары","ss":100000,"td":"Центр города","dc":1,"n":695.0,"vc":"более 1 000 000","sl":"Высокий","sv":"около 50","p":85000.0,"q":28.14,"b":0.0,"ms":0.52,"wi":60.58,"ei":10.27,"as":1004.55,"mi":"E","mv":6520,"sc":1,"lpe":99.46,"lpr":19279.11,"lq":1.0,"d":950},{"pi":"423119","pc":"Промышленные товары","ss":10000,"td":"Центр города","dc":1,"n":21.94,"vc":"более 1 000","sl":"Элитный","sv":"менее 50","p":8000.0,"q":10.86,"b":0.6,"ms":0.04,"wi":12.06,"ei":5.82,"as":287.08,"mi":"E","mv":31665,"sc":2,"lpe":99.93,"lpr":1651.58,"lq":1.0,"d":3978},{"pi":"423119","pc":"Промышленные товары","ss":10000,"td":"Спальный район","dc":1,"n":371.42,"vc":"более 10 000","sl":"Элитный","sv":"менее 50","p":10000.0,"q":27.15,"b":0.0,"ms":0.03,"wi":12.06,"ei":5.82,"as":287.08,"mi":"E","mv":31665,"sc":2,"lpe":99.93,"lpr":1651.58,"lq":1.0,"d":3978},{"pi":"423119","pc":"Промышленные товары","ss":100000,"td":"Спальный район","dc":1,"n":400.54,"vc":"около 100 000","sl":"Очень высокий","sv":"около 100","p":11000.0,"q":17.71,"b":0.0,"ms":0.32,"wi":34.67,"ei":6.79,"as":342.3,"mi":"E","mv":31115,"sc":1,"lpe":99.68,"lpr":5824.72,"lq":1.0,"d":1895},{"pi":"423119","pc":"Промышленные товары","ss":100000,"td":"Центр города","dc":1,"n":587.53,"vc":"около 500 000","sl":"Элитный","sv":"более 100","p":130000.0,"q":29.17,"b":4.95,"ms":3.22,"wi":86.42,"ei":8.91,"as":872.27,"mi":"E","mv":5692,"sc":1,"lpe":96.78,"lpr":28719.5,"lq":1.0,"d":416},{"pi":"423119","pc":"Промышленные товары","ss":100000,"td":"Фешенебельный район","dc":9,"n":687.22,"vc":"около 500 000","sl":"Низкий","sv":"более 100","p":32094.28,"q":20.28,"b":0.0,"ms":0.38,"wi":31.11,"ei":15.07,"as":449.38,"mi":"E","mv":47991,"sc":1,"lpe":99.62,"lpr":6975.94,"lq":1.0,"d":4857},{"pi":"423119","pc":"Промышленные товары","ss":100000,"td":"Центр города","dc":1,"n":384.13,"vc":"более 100 000","sl":"Элитный","sv":"более 2 000","p":32500.0,"q":17.71,"b":0.0,"ms":5.97,"wi":57.77,"ei":9.84,"as":399.03,"mi":"E","mv":41879,"sc":3,"lpe":92.79,"lpr":17583.19,"lq":1.0,"d":3316},{"pi":"423119","pc":"Промышленные товары","ss":100000,"td":"Центр города","dc":2,"n":531.94,"vc":"около 500 000","sl":"Высокий","sv":"около 500","p":45000.0,"q":17.71,"b":0.0,"ms":1.19,"wi":57.77,"ei":9.84,"as":399.03,"mi":"E","mv":41879,"sc":3,"lpe":92.79,"lpr":17583.19,"lq":1.0,"d":3316},{"pi":"423119","pc":"Промышленные товары","ss":100000,"td":"Центр города","dc":1,"n":411.76,"vc":"более 100 000","sl":"Элитный","sv":"менее 50","p":130000.0,"q":29.17,"b":4.43,"ms":0.05,"wi":57.77,"ei":9.84,"as":399.03,"mi":"E","mv":41879,"sc":3,"lpe":92.79,"lpr":17583.19,"lq":1.0,"d":3316},{"pi":"423119","pc":"Промышленные товары","ss":1000,"td":"Фешенебельный район","dc":1,"n":692.01,"vc":"более 1 000","sl":"Элитный","sv":"более 200","p":2000.0,"q":23.43,"b":7.47,"ms":48.17,"wi":34.04,"ei":8.95,"as":849.54,"mi":"E","mv":519,"sc":2,"lpe":50.1,"lpr":2187.61,"lq":1.03,"d":222},{"pi":"423119","pc":"Промышленные товары","ss":1000,"td":"Пригород","dc":10,"n":179.68,"vc":"более 100","sl":"Элитный","sv":"менее 50","p":1290.0,"q":10.52,"b":0.0,"ms":1.73,"wi":34.04,"ei":8.95,"as":849.54,"mi":"E","mv":519,"sc":2,"lpe":50.1,"lpr":2187.61,"lq":1.03,"d":222},{"pi":"423119","pc":"Промышленные товары","ss":100000,"td":"Центр города","dc":1,"n":490.64,"vc":"около 500 000","sl":"Элитный","sv":"около 500","p":130000.0,"q":29.17,"b":4.94,"ms":1.72,"wi":101.91,"ei":5.55,"as":756.37,"mi":"E","mv":39946,"sc":3,"lpe":96.73,"lpr":30433.55,"lq":1.0,"d":2460},{"pi":"423119","pc":"Промышленные товары","ss":100000,"td":"Центр города","dc":1,"n":490.64,"vc":"более 200 000","sl":"Элитный","sv":"около 500","p":130000.0,"q":29.17,"b":4.94,"ms":1.55,"wi":101.91,"ei":5.55,"as":756.37,"mi":"E","mv":39946,"sc":3,"lpe":96.73,"lpr":30433.55,"lq":1.0,"d":2460},{"pi":"423119","pc":"Промышленные товары","ss":100000,"td":"Пригород","dc":10,"n":0.0,"vc":"более 1 000","sl":"Элитный","sv":"менее 50","p":12503.56,"q":10.52,"b":0.0,"ms":0.0,"wi":101.91,"ei":5.55,"as":756.37,"mi":"E","mv":39946,"sc":3,"lpe":96.73,"lpr":30433.55,"lq":1.0,"d":2460},{"pi":"423119","pc":"Промышленные товары","ss":1000,"td":"Центр города","dc":1,"n":57.06,"vc":"около 500","sl":"Элитный","sv":"менее 50","p":35283.91,"q":14.37,"b":0.61,"ms":0.0,"wi":63.62,"ei":6.37,"as":335.74,"mi":"E","mv":29111,"sc":1,"lpe":100.0,"lpr":14705.47,"lq":1.0,"d":2140},{"pi":"423119","pc":"Промышленные товары","ss":1000,"td":"Центр города","dc":1,"n":569.59,"vc":"около 10 000","sl":"Низкий","sv":"около 1 000","p":10000.0,"q":23.43,"b":5.52,"ms":10.1,"wi":24.66,"ei":8.47,"as":192.56,"mi":"E","mv":7425,"sc":1,"lpe":89.9,"lpr":4183.07,"lq":1.73,"d":5338},{"pi":"423119","pc":"Промышленные товары","ss":100000,"td":"Центр города","dc":1,"n":497.14,"vc":"более 200 000","sl":"Элитный","sv":"менее 50","p":130000.0,"q":29.17,"b":4.94,"ms":0.02,"wi":80.2,"ei":6.07,"as":814.94,"mi":"E","mv":30595,"sc":2,"lpe":99.98,"lpr":20032.53,"lq":1.0,"d":1730},{"pi":"423119","pc":"Промышленные товары","ss":100000,"td":"Пригород","dc":10,"n":0.0,"vc":"более 1 000","sl":"Элитный","sv":"менее 50","p":9066.23,"q":10.52,"b":0.0,"ms":0.0,"wi":80.2,"ei":6.07,"as":814.94,"mi":"E","mv":30595,"sc":2,"lpe":99.98,"lpr":20032.53,"lq":1.0,"d":1730},{"pi":"423119","pc":"Промышленные товары","ss":100000,"td":"Центр города","dc":5,"n":369.87,"vc":"более 100 000","sl":"Очень высокий","sv":"около 10 000","p":55000.0,"q":18.07,"b":0.09,"ms":5.9,"wi":105.21,"ei":13.87,"as":803.35,"mi":"E","mv":154261,"sc":4,"lpe":92.01,"lpr":31509.66,"lq":1.35,"d":9315},{"pi":"423119","pc":"Промышленные товары","ss":100000,"td":"Спальный район","dc":1,"n":305.5,"vc":"около 50 000","sl":"Элитный","sv":"около 2 000","p":30000.0,"q":23.43,"b":4.5,"ms":1.3,"wi":105.21,"ei":13.87,"as":803.35,"mi":"E","mv":154261,"sc":4,"lpe":92.01,"lpr":31509.66,"lq":1.35,"d":9315},{"pi":"423119","pc":"Промышленные товары","ss":100000,"td":"Центр города","dc":1,"n":447.06,"vc":"около 500 000","sl":"Элитный","sv":"около 500","p":130000.0,"q":29.17,"b":4.22,"ms":0.41,"wi":105.21,"ei":13.87,"as":803.35,"mi":"E","mv":154261,"sc":4,"lpe":92.01,"lpr":31509.66,"lq":1.35,"d":9315},{"pi":"423119","pc":"Промышленные товары","ss":100000,"td":"Центр города","dc":1,"n":447.06,"vc":"около 500 000","sl":"Элитный","sv":"около 500","p":130000.0,"q":29.17,"b":4.22,"ms":0.38,"wi":105.21,"ei":13.87,"as":803.35,"mi":"E","mv":154261,"sc":4,"lpe":92.01,"lpr":31509.66,"lq":1.35,"d":9315},{"pi":"423119","pc":"Промышленные товары","ss":100000,"td":"Центр города","dc":2,"n":428.41,"vc":"более 200 000","sl":"Очень высокий","sv":"около 1 000","p":61333.33,"q":18.04,"b":0.0,"ms":1.02,"wi":57.42,"ei":5.96,"as":448.87,"mi":"E","mv":98393,"sc":4,"lpe":98.01,"lpr":16231.52,"lq":1.0,"d":5974},{"pi":"423119","pc":"Промышленные товары","ss":10000,"td":"Центр города","dc":2,"n":293.64,"vc":"более 10 000","sl":"Элитный","sv":"около 1 000","p":5999.95,"q":19.69,"b":0.0,"ms":0.97,"wi":57.42,"ei":5.96,"as":448.87,"mi":"E","mv":98393,"sc":4,"lpe":98.01,"lpr":16231.52,"lq":1.0,"d":5974},{"pi":"423119","pc":"Промышленные товары","ss":100000,"td":"Центр города","dc":1,"n":456.91,"vc":"около 500 000","sl":"Элитный","sv":"менее 50","p":130000.0,"q":29.17,"b":3.97,"ms":0.01,"wi":57.42,"ei":5.96,"as":448.87,"mi":"E","mv":98393,"sc":4,"lpe":98.01,"lpr":16231.52,"lq":1.0,"d":5974},{"pi":"423119","pc":"Промышленные товары","ss":500,"td":"Спальный район","dc":1,"n":102.82,"vc":"около 500","sl":"Очень высокий","sv":"менее 50","p":33423.65,"q":8.04,"b":0.5,"ms":0.0,"wi":57.42,"ei":5.96,"as":448.87,"mi":"E","mv":98393,"sc":4,"lpe":98.01,"lpr":16231.52,"lq":1.0,"d":5974},{"pi":"423119","pc":"Промышленные товары","ss":500,"td":"Спальный район","dc":1,"n":169.27,"vc":"более 300","sl":"Очень высокий","sv":"менее 50","p":10460.94,"q":8.04,"b":0.5,"ms":0.0,"wi":30.3,"ei":4.22,"as":201.79,"mi":"E","mv":34185,"sc":1,"lpe":100.0,"lpr":5207.92,"lq":1.0,"d":1919},{"pi":"423119","pc":"Промышленные товары","ss":100000,"td":"Центр города","dc":1,"n":675.35,"vc":"более 3 000 000","sl":"Низкий","sv":"около 10 000","p":55000.0,"q":28.32,"b":4.2,"ms":8.85,"wi":89.8,"ei":6.71,"as":470.88,"mi":"E","mv":101375,"sc":1,"lpe":91.15,"lpr":14181.56,"lq":1.0,"d":4994},{"pi":"423119","pc":"Промышленные товары","ss":500,"td":"Спальный район","dc":1,"n":141.82,"vc":"более 200","sl":"Элитный","sv":"менее 50","p":12688.61,"q":8.04,"b":0.5,"ms":0.0,"wi":28.96,"ei":5.25,"as":307.54,"mi":"E","mv":44159,"sc":1,"lpe":100.0,"lpr":6450.47,"lq":1.0,"d":2906},{"pi":"423119","pc":"Промышленные товары","ss":1000,"td":"Фешенебельный район","dc":1,"n":685.77,"vc":"более 1 000","sl":"Элитный","sv":"около 200","p":4000.0,"q":23.43,"b":7.47,"ms":30.67,"wi":30.77,"ei":9.26,"as":896.34,"mi":"E","mv":652,"sc":2,"lpe":67.48,"lpr":1313.0,"lq":1.08,"d":104},{"pi":"423119","pc":"Промышленные товары","ss":1000,"td":"Пригород","dc":10,"n":160.74,"vc":"около 100","sl":"Элитный","sv":"менее 50","p":1190.0,"q":10.52,"b":0.0,"ms":1.84,"wi":30.77,"ei":9.26,"as":896.34,"mi":"E","mv":652,"sc":2,"lpe":67.48,"lpr":1313.0,"lq":1.08,"d":104},{"pi":"423119","pc":"Промышленные товары","ss":500,"td":"Центр города","dc":1,"n":680.75,"vc":"более 1 000","sl":"Низкий","sv":"около 1 000","p":2200.0,"q":23.43,"b":7.47,"ms":58.27,"wi":57.24,"ei":8.33,"as":1106.11,"mi":"D","mv":1373,"sc":2,"lpe":40.5,"lpr":3252.18,"lq":1.2,"d":892},{"pi":"423119","pc":"Промышленные товары","ss":1000,"td":"Пригород","dc":10,"n":234.3,"vc":"более 100","sl":"Очень высокий","sv":"менее 50","p":2340.0,"q":10.52,"b":0.0,"ms":1.24,"wi":57.24,"ei":8.33,"as":1106.11,"mi":"D","mv":1373,"sc":2,"lpe":40.5,"lpr":3252.18,"lq":1.2,"d":892},{"pi":"423119","pc":"Промышленные товары","ss":1000,"td":"Центр города","dc":1,"n":597.3,"vc":"около 5 000","sl":"Нормальный","sv":"около 1 000","p":12000.0,"q":23.43,"b":7.47,"ms":36.36,"wi":64.91,"ei":10.23,"as":1395.94,"mi":"E","mv":2750,"sc":3,"lpe":59.71,"lpr":8018.26,"lq":3.38,"d":185},{"pi":"423119","pc":"Промышленные товары","ss":1000,"td":"Спальный район","dc":1,"n":443.83,"vc":"более 1 000","sl":"Очень высокий","sv":"около 100","p":12000.0,"q":27.97,"b":0.0,"ms":3.64,"wi":64.91,"ei":10.23,"as":1395.94,"mi":"E","mv":2750,"sc":3,"lpe":59.71,"lpr":8018.26,"lq":3.38,"d":185},{"pi":"423119","pc":"Промышленные товары","ss":1000,"td":"Пригород","dc":10,"n":186.18,"vc":"более 200","sl":"Очень высокий","sv":"менее 50","p":8620.0,"q":10.13,"b":0.0,"ms":0.29,"wi":64.91,"ei":10.23,"as":1395.94,"mi":"E","mv":2750,"sc":3,"lpe":59.71,"lpr":8018.26,"lq":3.38,"d":185},{"pi":"423119","pc":"Промышленные товары","ss":100000,"td":"Центр города","dc":1,"n":487.67,"vc":"около 500 000","sl":"Очень высокий","sv":"около 5 000","p":37000.0,"q":19.4,"b":0.0,"ms":9.04,"wi":61.93,"ei":9.19,"as":614.3,"mi":"E","mv":53092,"sc":3,"lpe":89.63,"lpr":11764.53,"lq":2.61,"d":4618},{"pi":"423119","pc":"Промышленные товары","ss":100000,"td":"Фешенебельный район","dc":3,"n":565.96,"vc":"более 100 000","sl":"Элитный","sv":"около 500","p":50000.0,"q":18.02,"b":0.0,"ms":1.33,"wi":61.93,"ei":9.19,"as":614.3,"mi":"E","mv":53092,"sc":3,"lpe":89.63,"lpr":11764.53,"lq":2.61,"d":4618},{"pi":"423119","pc":"Промышленные товары","ss":100000,"td":"Пригород","dc":10,"n":0.0,"vc":"более 1 000","sl":"Элитный","sv":"менее 50","p":9737.83,"q":10.52,"b":0.0,"ms":0.0,"wi":61.93,"ei":9.19,"as":614.3,"mi":"E","mv":53092,"sc":3,"lpe":89.63,"lpr":11764.53,"lq":2.61,"d":4618},{"pi":"423119","pc":"Промышленные товары","ss":500,"td":"Спальный район","dc":1,"n":293.57,"vc":"более 200","sl":"Элитный","sv":"более 100","p":45000.0,"q":18.12,"b":0.0,"ms":1.6,"wi":128.93,"ei":6.4,"as":1037.46,"mi":"E","mv":9884,"sc":1,"lpe":98.4,"lpr":16290.19,"lq":1.0,"d":551},{"pi":"423119","pc":"Промышленные товары","ss":100000,"td":"Центр города","dc":8,"n":686.25,"vc":"около 1 000 000","sl":"Очень низкий","sv":"около 100","p":35000.0,"q":18.13,"b":0.0,"ms":1.94,"wi":50.57,"ei":6.85,"as":545.07,"mi":"E","mv":5160,"sc":1,"lpe":98.06,"lpr":16388.72,"lq":1.0,"d":676},{"pi":"423119","pc":"Промышленные товары","ss":100000,"td":"Центр города","dc":1,"n":499.22,"vc":"более 200 000","sl":"Элитный","sv":"менее 50","p":50000.0,"q":10.05,"b":0.0,"ms":0.05,"wi":43.27,"ei":5.67,"as":599.6,"mi":"E","mv":11042,"sc":2,"lpe":99.95,"lpr":12149.82,"lq":1.0,"d":1065},{"pi":"423119","pc":"Промышленные товары","ss":100000,"td":"Пригород","dc":10,"n":0.0,"vc":"около 500","sl":"Элитный","sv":"менее 50","p":13008.14,"q":10.52,"b":0.0,"ms":0.01,"wi":43.27,"ei":5.67,"as":599.6,"mi":"E","mv":11042,"sc":2,"lpe":99.95,"lpr":12149.82,"lq":1.0,"d":1065},{"pi":"423119","pc":"Промышленные товары","ss":100000,"td":"Пригород","dc":10,"n":0.0,"vc":"более 1 000","sl":"Элитный","sv":"менее 50","p":6523.45,"q":10.52,"b":0.0,"ms":0.0,"wi":44.76,"ei":6.11,"as":449.66,"mi":"E","mv":21891,"sc":1,"lpe":100.0,"lpr":6904.05,"lq":1.0,"d":1549},{"pi":"423119","pc":"Промышленные товары","ss":10000,"td":"Центр города","dc":1,"n":121.25,"vc":"более 2 000","sl":"Элитный","sv":"около 1 000","p":40000.0,"q":18.3,"b":0.64,"ms":1.44,"wi":82.96,"ei":5.2,"as":388.24,"mi":"E","mv":62017,"sc":2,"lpe":97.76,"lpr":16881.19,"lq":1.0,"d":2728},{"pi":"423119","pc":"Промышленные товары","ss":100000,"td":"Фешенебельный район","dc":2,"n":371.43,"vc":"более 10 000","sl":"Нормальный","sv":"около 500","p":31000.0,"q":10.43,"b":0.01,"ms":0.81,"wi":82.96,"ei":5.2,"as":388.24,"mi":"E","mv":62017,"sc":2,"lpe":97.76,"lpr":16881.19,"lq":1.0,"d":2728},{"pi":"423119","pc":"Промышленные товары","ss":10000,"td":"Фешенебельный район","dc":1,"n":659.94,"vc":"около 5 000","sl":"Элитный","sv":"около 300","p":40000.0,"q":13.47,"b":0.0,"ms":34.21,"wi":65.16,"ei":6.07,"as":504.13,"mi":"E","mv":877,"sc":2,"lpe":65.68,"lpr":17462.77,"lq":1.72,"d":206},{"pi":"423119","pc":"Промышленные товары","ss":100000,"td":"Пригород","dc":10,"n":139.34,"vc":"более 1 000","sl":"Элитный","sv":"менее 50","p":15214.79,"q":10.52,"b":0.0,"ms":0.11,"wi":65.16,"ei":6.07,"as":504.13,"mi":"E","mv":877,"sc":2,"lpe":65.68,"lpr":17462.77,"lq":1.72,"d":206},{"pi":"423119","pc":"Промышленные товары","ss":100000,"td":"Центр города","dc":1,"n":414.41,"vc":"более 100 000","sl":"Элитный","sv":"более 1 000","p":70000.0,"q":17.92,"b":0.45,"ms":8.5,"wi":109.75,"ei":5.99,"as":977.93,"mi":"E","mv":18511,"sc":2,"lpe":91.49,"lpr":20365.08,"lq":1.0,"d":1102},{"pi":"423119","pc":"Промышленные товары","ss":100000,"td":"Центр города","dc":1,"n":514.16,"vc":"около 500 000","sl":"Элитный","sv":"менее 50","p":130000.0,"q":26.75,"b":5.03,"ms":0.02,"wi":109.75,"ei":5.99,"as":977.93,"mi":"E","mv":18511,"sc":2,"lpe":91.49,"lpr":20365.08,"lq":1.0,"d":1102},{"pi":"423119","pc":"Промышленные товары","ss":100000,"td":"Центр города","dc":1,"n":501.24,"vc":"более 100 000","sl":"Элитный","sv":"около 3 000","p":30000.0,"q":23.43,"b":4.21,"ms":29.33,"wi":153.98,"ei":9.67,"as":1800.45,"mi":"E","mv":10228,"sc":2,"lpe":62.54,"lpr":36137.15,"lq":13.05,"d":853},{"pi":"423119","pc":"Промышленные товары","ss":100000,"td":"Центр города","dc":1,"n":552.43,"vc":"около 500 000","sl":"Элитный","sv":"около 1 000","p":130000.0,"q":29.17,"b":4.23,"ms":8.12,"wi":153.98,"ei":9.67,"as":1800.45,"mi":"E","mv":10228,"sc":2,"lpe":62.54,"lpr":36137.15,"lq":13.05,"d":853},{"pi":"423119","pc":"Промышленные товары","ss":100000,"td":"Спальный район","dc":3,"n":80.09,"vc":"более 2 000","sl":"Элитный","sv":"около 100","p":52000.0,"q":20.14,"b":0.0,"ms":1.0,"wi":48.69,"ei":4.23,"as":345.6,"mi":"E","mv":8565,"sc":2,"lpe":98.82,"lpr":15942.83,"lq":1.0,"d":846},{"pi":"423119","pc":"Промышленные товары","ss":100000,"td":"Центр города","dc":1,"n":537.27,"vc":"более 200 000","sl":"Элитный","sv":"менее 50","p":130000.0,"q":29.17,"b":5.3,"ms":0.18,"wi":48.69,"ei":4.23,"as":345.6,"mi":"E","mv":8565,"sc":2,"lpe":98.82,"lpr":15942.83,"lq":1.0,"d":846},{"pi":"423119","pc":"Промышленные товары","ss":1000,"td":"Центр города","dc":1,"n":426.59,"vc":"около 5 000","sl":"Высокий","sv":"более 1 000","p":35000.0,"q":23.43,"b":4.61,"ms":6.7,"wi":128.78,"ei":11.53,"as":708.9,"mi":"E","mv":22396,"sc":2,"lpe":92.53,"lpr":27888.61,"lq":1.0,"d":1430},{"pi":"423119","pc":"Промышленные товары","ss":1000,"td":"Центр города","dc":1,"n":232.53,"vc":"более 1 000","sl":"Очень высокий","sv":"более 100","p":130000.0,"q":29.13,"b":4.33,"ms":0.77,"wi":128.78,"ei":11.53,"as":708.9,"mi":"E","mv":22396,"sc":2,"lpe":92.53,"lpr":27888.61,"lq":1.0,"d":1430},{"pi":"423119","pc":"Промышленные товары","ss":100000,"td":"Центр города","dc":2,"n":545.57,"vc":"около 500 000","sl":"Нормальный","sv":"более 2 000","p":37500.0,"q":17.71,"b":0.0,"ms":3.73,"wi":60.17,"ei":10.56,"as":378.1,"mi":"E","mv":67001,"sc":4,"lpe":93.86,"lpr":11110.42,"lq":1.0,"d":6232},{"pi":"423119","pc":"Промышленные товары","ss":100000,"td":"Центр города","dc":5,"n":525.05,"vc":"около 500 000","sl":"Низкий","sv":"более 1 000","p":35800.0,"q":18.13,"b":0.0,"ms":1.81,"wi":60.17,"ei":10.56,"as":378.1,"mi":"E","mv":67001,"sc":4,"lpe":93.86,"lpr":11110.42,"lq":1.0,"d":6232},{"pi":"423119","pc":"Промышленные товары","ss":100000,"td":"Фешенебельный район","dc":1,"n":411.03,"vc":"более 20 000","sl":"Элитный","sv":"около 300","p":40000.0,"q":23.43,"b":5.59,"ms":0.45,"wi":60.17,"ei":10.56,"as":378.1,"mi":"E","mv":67001,"sc":4,"lpe":93.86,"lpr":11110.42,"lq":1.0,"d":6232},{"pi":"423119","pc":"Промышленные товары","ss":100000,"td":"Центр города","dc":9,"n":365.85,"vc":"более 100 000","sl":"Нормальный","sv":"около 100","p":45000.0,"q":19.07,"b":2.21,"ms":0.15,"wi":60.17,"ei":10.56,"as":378.1,"mi":"E","mv":67001,"sc":4,"lpe":93.86,"lpr":11110.42,"lq":1.0,"d":6232},{"pi":"423119","pc":"Промышленные товары","ss":100000,"td":"Фешенебельный район","dc":2,"n":541.25,"vc":"более 20 000","sl":"Элитный","sv":"более 200","p":42500.0,"q":18.03,"b":0.0,"ms":7.44,"wi":51.07,"ei":5.68,"as":788.75,"mi":"E","mv":2849,"sc":1,"lpe":92.56,"lpr":11859.53,"lq":1.1,"d":370},{"pi":"423119","pc":"Промышленные товары","ss":100000,"td":"Центр города","dc":2,"n":498.88,"vc":"более 100 000","sl":"Элитный","sv":"более 2 000","p":41000.0,"q":20.28,"b":0.0,"ms":54.09,"wi":48.24,"ei":14.26,"as":399.87,"mi":"D","mv":4626,"sc":1,"lpe":45.91,"lpr":18800.19,"lq":3.75,"d":1446},{"pi":"423119","pc":"Промышленные товары","ss":100000,"td":"Центр города","dc":2,"n":436.02,"vc":"более 100 000","sl":"Очень высокий","sv":"менее 50","p":45000.0,"q":27.75,"b":0.0,"ms":0.06,"wi":25.78,"ei":5.86,"as":525.34,"mi":"E","mv":18562,"sc":1,"lpe":99.94,"lpr":7813.14,"lq":1.0,"d":2664},{"pi":"423119","pc":"Промышленные товары","ss":100000,"td":"Центр города","dc":9,"n":456.81,"vc":"более 100 000","sl":"Нормальный","sv":"около 500","p":70000.0,"q":19.07,"b":4.55,"ms":2.44,"wi":79.93,"ei":8.4,"as":865.82,"mi":"E","mv":16732,"sc":3,"lpe":97.17,"lpr":45520.14,"lq":1.0,"d":1983},{"pi":"423119","pc":"Промышленные товары","ss":100000,"td":"Центр города","dc":2,"n":310.04,"vc":"около 50 000","sl":"Элитный","sv":"около 50","p":65750.0,"q":17.71,"b":0.0,"ms":0.3,"wi":79.93,"ei":8.4,"as":865.82,"mi":"E","mv":16732,"sc":3,"lpe":97.17,"lpr":45520.14,"lq":1.0,"d":1983},{"pi":"423119","pc":"Промышленные товары","ss":100,"td":"Центр города","dc":1,"n":129.36,"vc":"более 100","sl":"Низкий","sv":"менее 50","p":50000.0,"q":23.43,"b":7.73,"ms":0.1,"wi":79.93,"ei":8.4,"as":865.82,"mi":"E","mv":16732,"sc":3,"lpe":97.17,"lpr":45520.14,"lq":1.0,"d":1983},{"pi":"423119","pc":"Промышленные товары","ss":10000,"td":"Центр города","dc":1,"n":521.74,"vc":"более 20 000","sl":"Элитный","sv":"около 500","p":42000.0,"q":13.47,"b":0.0,"ms":9.93,"wi":73.23,"ei":8.34,"as":986.88,"mi":"E","mv":5045,"sc":2,"lpe":88.09,"lpr":18528.16,"lq":3.12,"d":469},{"pi":"423119","pc":"Промышленные товары","ss":100000,"td":"Центр города","dc":9,"n":532.33,"vc":"более 300 000","sl":"Низкий","sv":"около 100","p":60000.0,"q":19.07,"b":4.55,"ms":1.98,"wi":73.23,"ei":8.34,"as":986.88,"mi":"E","mv":5045,"sc":2,"lpe":88.09,"lpr":18528.16,"lq":3.12,"d":469},{"pi":"423119","pc":"Промышленные товары","ss":100000,"td":"Центр города","dc":1,"n":583.4,"vc":"около 500 000","sl":"Низкий","sv":"более 100","p":10000.0,"q":17.35,"b":0.0,"ms":4.66,"wi":15.5,"ei":3.96,"as":405.08,"mi":"E","mv":3132,"sc":1,"lpe":95.34,"lpr":2047.14,"lq":1.0,"d":869},{"pi":"423119","pc":"Промышленные товары","ss":500,"td":"Спальный район","dc":1,"n":265.44,"vc":"более 200","sl":"Очень высокий","sv":"менее 50","p":3683.02,"q":8.04,"b":1.26,"ms":0.02,"wi":24.88,"ei":4.68,"as":294.82,"mi":"E","mv":6246,"sc":1,"lpe":99.98,"lpr":1832.35,"lq":1.0,"d":350},{"pi":"423119","pc":"Промышленные товары","ss":1000,"td":"Центр города","dc":1,"n":540.33,"vc":"около 5 000","sl":"Нормальный","sv":"около 1 000","p":30000.0,"q":23.43,"b":4.61,"ms":8.55,"wi":93.23,"ei":6.87,"as":630.83,"mi":"E","mv":11696,"sc":1,"lpe":91.45,"lpr":10535.85,"lq":1.0,"d":757},{"pi":"423119","pc":"Промышленные товары","ss":10000,"td":"Фешенебельный район","dc":10,"n":663.68,"vc":"более 20 000","sl":"Низкий","sv":"около 100","p":49568.42,"q":20.28,"b":0.0,"ms":0.37,"wi":62.99,"ei":8.75,"as":542.06,"mi":"E","mv":26044,"sc":2,"lpe":99.44,"lpr":15405.48,"lq":1.0,"d":2349},{"pi":"423119","pc":"Промышленные товары","ss":10000,"td":"Спальный район","dc":1,"n":611.69,"vc":"около 50 000","sl":"Высокий","sv":"около 50","p":20000.0,"q":17.95,"b":0.0,"ms":0.19,"wi":62.99,"ei":8.75,"as":542.06,"mi":"E","mv":26044,"sc":2,"lpe":99.44,"lpr":15405.48,"lq":1.0,"d":2349},{"pi":"423119","pc":"Промышленные товары","ss":10000,"td":"Центр города","dc":1,"n":439.15,"vc":"более 20 000","sl":"Очень высокий","sv":"около 3 000","p":30000.0,"q":23.43,"b":5.11,"ms":4.26,"wi":84.34,"ei":6.6,"as":536.85,"mi":"E","mv":70472,"sc":4,"lpe":90.64,"lpr":10157.04,"lq":1.37,"d":3367},{"pi":"423119","pc":"Промышленные товары","ss":10000,"td":"Центр города","dc":1,"n":358.13,"vc":"более 10 000","sl":"Элитный","sv":"около 3 000","p":25000.0,"q":17.95,"b":3.46,"ms":4.26,"wi":84.34,"ei":6.6,"as":536.85,"mi":"E","mv":70472,"sc":4,"lpe":90.64,"lpr":10157.04,"lq":1.37,"d":3367},{"pi":"423119","pc":"Промышленные товары","ss":10000,"td":"Центр города","dc":3,"n":394.7,"vc":"более 10 000","sl":"Высокий","sv":"около 500","p":25000.0,"q":12.42,"b":3.45,"ms":0.71,"wi":84.34,"ei":6.6,"as":536.85,"mi":"E","mv":70472,"sc":4,"lpe":90.64,"lpr":10157.04,"lq":1.37,"d":3367},{"pi":"423119","pc":"Промышленные товары","ss":10000,"td":"Фешенебельный район","dc":1,"n":545.06,"vc":"около 10 000","sl":"Элитный","sv":"около 100","p":46000.0,"q":13.45,"b":0.0,"ms":0.14,"wi":84.34,"ei":6.6,"as":536.85,"mi":"E","mv":70472,"sc":4,"lpe":90.64,"lpr":10157.04,"lq":1.37,"d":3367},{"pi":"423119","pc":"Промышленные товары","ss":100000,"td":"Центр города","dc":1,"n":566.08,"vc":"около 500 000","sl":"Элитный","sv":"около 1 000","p":45000.0,"q":23.43,"b":5.93,"ms":25.43,"wi":170.37,"ei":9.3,"as":3947.5,"mi":"E","mv":3933,"sc":1,"lpe":74.57,"lpr":20147.25,"lq":7.17,"d":319},{"pi":"423119","pc":"Промышленные товары","ss":100000,"td":"Центр города","dc":1,"n":673.76,"vc":"более 1 000 000","sl":"Высокий","sv":"около 5 000","p":20000.0,"q":23.94,"b":5.67,"ms":33.23,"wi":133.29,"ei":12.92,"as":4489.32,"mi":"D","mv":15709,"sc":3,"lpe":47.74,"lpr":6225.67,"lq":3.15,"d":940},{"pi":"423119","pc":"Промышленные товары","ss":100000,"td":"Центр города","dc":1,"n":701.79,"vc":"более 1 000 000","sl":"Нормальный","sv":"более 1 000","p":22000.0,"q":28.31,"b":6.42,"ms":12.67,"wi":133.29,"ei":12.92,"as":4489.32,"mi":"D","mv":15709,"sc":3,"lpe":47.74,"lpr":6225.67,"lq":3.15,"d":940},{"pi":"423119","pc":"Промышленные товары","ss":100000,"td":"Центр города","dc":1,"n":466.27,"vc":"более 100 000","sl":"Элитный","sv":"около 1 000","p":20000.0,"q":23.43,"b":5.93,"ms":6.37,"wi":133.29,"ei":12.92,"as":4489.32,"mi":"D","mv":15709,"sc":3,"lpe":47.74,"lpr":6225.67,"lq":3.15,"d":940},{"pi":"423119","pc":"Промышленные товары","ss":100000,"td":"Центр города","dc":1,"n":466.54,"vc":"более 100 000","sl":"Элитный","sv":"около 3 000","p":40000.0,"q":23.43,"b":5.93,"ms":21.53,"wi":150.0,"ei":13.64,"as":4851.15,"mi":"E","mv":13935,"sc":1,"lpe":78.47,"lpr":36159.62,"lq":13.67,"d":890},{"pi":"423119","pc":"Промышленные товары","ss":100000,"td":"Центр города","dc":1,"n":597.42,"vc":"более 200 000","sl":"Элитный","sv":"около 1 000","p":30000.0,"q":23.43,"b":5.93,"ms":38.28,"wi":177.29,"ei":8.68,"as":4301.71,"mi":"E","mv":2458,"sc":1,"lpe":61.72,"lpr":7762.14,"lq":5.83,"d":181},{"pi":"423119","pc":"Промышленные товары","ss":100000,"td":"Центр города","dc":1,"n":605.68,"vc":"около 500 000","sl":"Элитный","sv":"около 500","p":30000.0,"q":23.42,"b":5.93,"ms":25.59,"wi":122.87,"ei":8.87,"as":3799.76,"mi":"E","mv":2302,"sc":1,"lpe":74.41,"lpr":7744.17,"lq":3.61,"d":209},{"pi":"423119","pc":"Промышленные товары","ss":100000,"td":"Центр города","dc":1,"n":572.72,"vc":"около 500 000","sl":"Элитный","sv":"около 1 000","p":30000.0,"q":23.43,"b":5.93,"ms":25.08,"wi":139.78,"ei":8.77,"as":4114.09,"mi":"E","mv":3306,"sc":1,"lpe":74.92,"lpr":7314.91,"lq":3.35,"d":285},{"pi":"423119","pc":"Промышленные товары","ss":100000,"td":"Центр города","dc":1,"n":604.92,"vc":"около 500 000","sl":"Элитный","sv":"около 500","p":25000.0,"q":23.42,"b":5.93,"ms":34.6,"wi":150.93,"ei":9.01,"as":3939.88,"mi":"E","mv":2165,"sc":1,"lpe":65.4,"lpr":5904.07,"lq":3.58,"d":169},{"pi":"423119","pc":"Промышленные товары","ss":100000,"td":"Пригород","dc":10,"n":129.94,"vc":"более 1 000","sl":"Элитный","sv":"около 50","p":3720.0,"q":10.52,"b":0.0,"ms":3.39,"wi":12.05,"ei":5.59,"as":307.09,"mi":"E","mv":945,"sc":1,"lpe":96.61,"lpr":4683.78,"lq":1.0,"d":625},{"pi":"423119","pc":"Промышленные товары","ss":500,"td":"Спальный район","dc":1,"n":273.49,"vc":"более 200","sl":"Очень высокий","sv":"менее 50","p":14163.24,"q":8.04,"b":0.5,"ms":0.02,"wi":38.92,"ei":5.51,"as":395.99,"mi":"E","mv":5596,"sc":1,"lpe":99.98,"lpr":7398.71,"lq":1.0,"d":402},{"pi":"423119","pc":"Промышленные товары","ss":100000,"td":"Центр города","dc":1,"n":655.98,"vc":"около 500 000","sl":"Высокий","sv":"более 100","p":10000.0,"q":26.24,"b":0.0,"ms":5.03,"wi":17.89,"ei":4.73,"as":293.99,"mi":"E","mv":2864,"sc":2,"lpe":94.94,"lpr":1443.02,"lq":1.0,"d":205},{"pi":"423119","pc":"Промышленные товары","ss":500,"td":"Спальный район","dc":1,"n":314.03,"vc":"более 200","sl":"Элитный","sv":"менее 50","p":4014.45,"q":8.04,"b":0.5,"ms":0.03,"wi":17.89,"ei":4.73,"as":293.99,"mi":"E","mv":2864,"sc":2,"lpe":94.94,"lpr":1443.02,"lq":1.0,"d":205},{"pi":"423119","pc":"Промышленные товары","ss":100000,"td":"Центр города","dc":1,"n":479.43,"vc":"более 100 000","sl":"Элитный","sv":"около 1 000","p":16000.0,"q":10.05,"b":0.0,"ms":9.38,"wi":53.78,"ei":7.64,"as":502.33,"mi":"E","mv":10662,"sc":1,"lpe":90.62,"lpr":11660.76,"lq":1.0,"d":934},{"pi":"423119","pc":"Промышленные товары","ss":100000,"td":"Центр города","dc":1,"n":559.46,"vc":"около 500 000","sl":"Элитный","sv":"менее 50","p":130000.0,"q":26.75,"b":4.23,"ms":0.01,"wi":103.68,"ei":7.68,"as":1568.05,"mi":"E","mv":7102,"sc":1,"lpe":99.99,"lpr":21890.75,"lq":1.0,"d":634},{"pi":"423119","pc":"Промышленные товары","ss":100000,"td":"Центр города","dc":1,"n":495.5,"vc":"более 200 000","sl":"Элитный","sv":"около 1 000","p":15000.0,"q":17.95,"b":0.45,"ms":10.19,"wi":66.92,"ei":7.09,"as":492.29,"mi":"E","mv":9813,"sc":1,"lpe":89.81,"lpr":7486.55,"lq":3.12,"d":722},{"pi":"423119","pc":"Промышленные товары","ss":100000,"td":"Центр города","dc":1,"n":463.43,"vc":"около 500 000","sl":"Очень высокий","sv":"около 500","p":60000.0,"q":20.28,"b":3.43,"ms":0.64,"wi":60.74,"ei":5.73,"as":513.33,"mi":"E","mv":109194,"sc":3,"lpe":99.23,"lpr":21051.8,"lq":1.0,"d":9704},{"pi":"423119","pc":"Промышленные товары","ss":100000,"td":"Центр города","dc":9,"n":315.84,"vc":"более 100 000","sl":"Низкий","sv":"около 100","p":47000.0,"q":19.07,"b":1.78,"ms":0.09,"wi":60.74,"ei":5.73,"as":513.33,"mi":"E","mv":109194,"sc":3,"lpe":99.23,"lpr":21051.8,"lq":1.0,"d":9704},{"pi":"423119","pc":"Промышленные товары","ss":100000,"td":"Центр города","dc":1,"n":443.26,"vc":"более 200 000","sl":"Элитный","sv":"около 50","p":130000.0,"q":29.17,"b":4.28,"ms":0.04,"wi":60.74,"ei":5.73,"as":513.33,"mi":"E","mv":109194,"sc":3,"lpe":99.23,"lpr":21051.8,"lq":1.0,"d":9704},{"pi":"423119","pc":"Промышленные товары","ss":100000,"td":"Центр города","dc":1,"n":490.9,"vc":"около 500 000","sl":"Элитный","sv":"менее 50","p":130000.0,"q":29.15,"b":5.23,"ms":0.0,"wi":66.62,"ei":7.76,"as":564.62,"mi":"E","mv":49389,"sc":3,"lpe":99.99,"lpr":17417.53,"lq":1.0,"d":3493},{"pi":"423119","pc":"Промышленные товары","ss":100000,"td":"Центр города","dc":1,"n":490.9,"vc":"около 500 000","sl":"Элитный","sv":"менее 50","p":130000.0,"q":28.81,"b":5.23,"ms":0.0,"wi":66.62,"ei":7.76,"as":564.62,"mi":"E","mv":49389,"sc":3,"lpe":99.99,"lpr":17417.53,"lq":1.0,"d":3493},{"pi":"423119","pc":"Промышленные товары","ss":10000,"td":"Центр города","dc":1,"n":35.12,"vc":"более 1 000","sl":"Элитный","sv":"менее 50","p":29510.4,"q":14.5,"b":0.64,"ms":0.0,"wi":66.62,"ei":7.76,"as":564.62,"mi":"E","mv":49389,"sc":3,"lpe":99.99,"lpr":17417.53,"lq":1.0,"d":3493},{"pi":"423119","pc":"Промышленные товары","ss":500,"td":"Спальный район","dc":1,"n":328.0,"vc":"более 200","sl":"Очень высокий","sv":"менее 50","p":3382.15,"q":8.04,"b":1.26,"ms":0.04,"wi":16.79,"ei":3.78,"as":224.87,"mi":"E","mv":2624,"sc":1,"lpe":99.96,"lpr":1682.66,"lq":1.0,"d":225},{"pi":"423119","pc":"Промышленные товары","ss":1000,"td":"Фешенебельный район","dc":1,"n":685.29,"vc":"около 1 000","sl":"Элитный","sv":"около 100","p":47000.0,"q":17.69,"b":0.0,"ms":11.08,"wi":109.47,"ei":8.16,"as":2833.35,"mi":"E","mv":686,"sc":1,"lpe":88.92,"lpr":18580.21,"lq":5.57,"d":521},{"pi":"423119","pc":"Промышленные товары","ss":10000,"td":"Центр города","dc":1,"n":612.64,"vc":"около 50 000","sl":"Очень высокий","sv":"более 200","p":68000.0,"q":16.46,"b":0.0,"ms":18.82,"wi":167.37,"ei":8.38,"as":3356.62,"mi":"E","mv":1286,"sc":1,"lpe":81.18,"lpr":22497.36,"lq":7.86,"d":140},{"pi":"423119","pc":"Промышленные товары","ss":100000,"td":"Центр города","dc":2,"n":561.66,"vc":"более 200 000","sl":"Очень высокий","sv":"около 500","p":75000.0,"q":17.71,"b":0.0,"ms":9.04,"wi":113.22,"ei":8.72,"as":3458.72,"mi":"E","mv":3871,"sc":2,"lpe":85.2,"lpr":22997.48,"lq":5.3,"d":346},{"pi":"423119","pc":"Промышленные товары","ss":10000,"td":"Центр города","dc":1,"n":564.16,"vc":"более 20 000","sl":"Элитный","sv":"более 200","p":75000.0,"q":20.34,"b":0.0,"ms":5.76,"wi":113.22,"ei":8.72,"as":3458.72,"mi":"E","mv":3871,"sc":2,"lpe":85.2,"lpr":22997.48,"lq":5.3,"d":346},{"pi":"423119","pc":"Промышленные товары","ss":1000,"td":"Фешенебельный район","dc":1,"n":680.92,"vc":"более 1 000","sl":"Очень высокий","sv":"около 300","p":15000.0,"q":23.43,"b":0.0,"ms":4.24,"wi":34.3,"ei":9.54,"as":519.17,"mi":"E","mv":7073,"sc":2,"lpe":93.64,"lpr":5757.58,"lq":1.0,"d":929},{"pi":"423119","pc":"Промышленные товары","ss":1000,"td":"Фешенебельный район","dc":1,"n":683.4,"vc":"более 2 000","sl":"Очень высокий","sv":"более 100","p":22688.17,"q":18.71,"b":0.19,"ms":2.12,"wi":34.3,"ei":9.54,"as":519.17,"mi":"E","mv":7073,"sc":2,"lpe":93.64,"lpr":5757.58,"lq":1.0,"d":929},{"pi":"423119","pc":"Промышленные товары","ss":100000,"td":"Центр города","dc":1,"n":516.74,"vc":"около 500 000","sl":"Элитный","sv":"около 1 000","p":20000.0,"q":23.43,"b":4.21,"ms":1.9,"wi":75.37,"ei":9.56,"as":419.1,"mi":"E","mv":52663,"sc":5,"lpe":95.46,"lpr":18645.15,"lq":1.0,"d":3663},{"pi":"423119","pc":"Промышленные товары","ss":100000,"td":"Центр города","dc":4,"n":537.89,"vc":"около 500 000","sl":"Низкий","sv":"около 1 000","p":75000.0,"q":13.47,"b":3.58,"ms":1.9,"wi":75.37,"ei":9.56,"as":419.1,"mi":"E","mv":52663,"sc":5,"lpe":95.46,"lpr":18645.15,"lq":1.0,"d":3663},{"pi":"423119","pc":"Промышленные товары","ss":100000,"td":"Центр города","dc":9,"n":650.07,"vc":"более 1 000 000","sl":"Очень низкий","sv":"более 100","p":45822.66,"q":20.28,"b":0.0,"ms":0.27,"wi":75.37,"ei":9.56,"as":419.1,"mi":"E","mv":52663,"sc":5,"lpe":95.46,"lpr":18645.15,"lq":1.0,"d":3663},{"pi":"423119","pc":"Промышленные товары","ss":100000,"td":"Центр города","dc":1,"n":523.75,"vc":"около 500 000","sl":"Элитный","sv":"более 100","p":130000.0,"q":29.17,"b":4.23,"ms":0.26,"wi":75.37,"ei":9.56,"as":419.1,"mi":"E","mv":52663,"sc":5,"lpe":95.46,"lpr":18645.15,"lq":1.0,"d":3663},{"pi":"423119","pc":"Промышленные товары","ss":100000,"td":"Центр города","dc":1,"n":523.75,"vc":"около 500 000","sl":"Очень высокий","sv":"более 100","p":130000.0,"q":26.59,"b":4.23,"ms":0.22,"wi":75.37,"ei":9.56,"as":419.1,"mi":"E","mv":52663,"sc":5,"lpe":95.46,"lpr":18645.15,"lq":1.0,"d":3663},{"pi":"423119","pc":"Промышленные товары","ss":100000,"td":"Центр города","dc":1,"n":487.76,"vc":"около 500 000","sl":"Низкий","sv":"около 50 000","p":20000.0,"q":34.26,"b":3.5,"ms":37.52,"wi":100.43,"ei":12.79,"as":804.73,"mi":"E","mv":94765,"sc":7,"lpe":59.26,"lpr":15499.44,"lq":4.76,"d":4137},{"pi":"423119","pc":"Промышленные товары","ss":100000,"td":"Центр города","dc":3,"n":515.66,"vc":"около 500 000","sl":"Нормальный","sv":"более 2 000","p":53000.0,"q":13.47,"b":3.58,"ms":2.64,"wi":100.43,"ei":12.79,"as":804.73,"mi":"E","mv":94765,"sc":7,"lpe":59.26,"lpr":15499.44,"lq":4.76,"d":4137},{"pi":"423119","pc":"Промышленные товары","ss":100000,"td":"Центр города","dc":1,"n":454.76,"vc":"около 500 000","sl":"Элитный","sv":"около 500","p":40000.0,"q":23.43,"b":4.21,"ms":0.53,"wi":100.43,"ei":12.79,"as":804.73,"mi":"E","mv":94765,"sc":7,"lpe":59.26,"lpr":15499.44,"lq":4.76,"d":4137},{"pi":"423119","pc":"Промышленные товары","ss":100000,"td":"Центр города","dc":1,"n":504.29,"vc":"около 500 000","sl":"Очень высокий","sv":"менее 50","p":130000.0,"q":27.45,"b":4.23,"ms":0.02,"wi":100.43,"ei":12.79,"as":804.73,"mi":"E","mv":94765,"sc":7,"lpe":59.26,"lpr":15499.44,"lq":4.76,"d":4137},{"pi":"423119","pc":"Промышленные товары","ss":100000,"td":"Центр города","dc":1,"n":491.25,"vc":"около 500 000","sl":"Элитный","sv":"менее 50","p":130000.0,"q":27.46,"b":4.23,"ms":0.02,"wi":100.43,"ei":12.79,"as":804.73,"mi":"E","mv":94765,"sc":7,"lpe":59.26,"lpr":15499.44,"lq":4.76,"d":4137},{"pi":"423119","pc":"Промышленные товары","ss":100000,"td":"Центр города","dc":1,"n":491.25,"vc":"около 500 000","sl":"Элитный","sv":"менее 50","p":130000.0,"q":27.45,"b":4.23,"ms":0.02,"wi":100.43,"ei":12.79,"as":804.73,"mi":"E","mv":94765,"sc":7,"lpe":59.26,"lpr":15499.44,"lq":4.76,"d":4137},{"pi":"423119","pc":"Промышленные товары","ss":100000,"td":"Спальный район","dc":9,"n":370.95,"vc":"около 100 000","sl":"Очень высокий","sv":"менее 50","p":40000.0,"q":19.07,"b":3.35,"ms":0.0,"wi":100.43,"ei":12.79,"as":804.73,"mi":"E","mv":94765,"sc":7,"lpe":59.26,"lpr":15499.44,"lq":4.76,"d":4137},{"pi":"423119","pc":"Промышленные товары","ss":100000,"td":"Центр города","dc":5,"n":533.06,"vc":"около 500 000","sl":"Низкий","sv":"более 1 000","p":69000.0,"q":13.47,"b":3.58,"ms":4.75,"wi":146.31,"ei":15.52,"as":2307.77,"mi":"E","mv":38913,"sc":7,"lpe":91.92,"lpr":28243.68,"lq":2.71,"d":2095},{"pi":"423119","pc":"Промышленные товары","ss":100000,"td":"Центр города","dc":1,"n":475.7,"vc":"более 300 000","sl":"Элитный","sv":"около 1 000","p":20000.0,"q":23.43,"b":4.21,"ms":2.57,"wi":146.31,"ei":15.52,"as":2307.77,"mi":"E","mv":38913,"sc":7,"lpe":91.92,"lpr":28243.68,"lq":2.71,"d":2095},{"pi":"423119","pc":"Промышленные товары","ss":100000,"td":"Окраина","dc":10,"n":418.04,"vc":"около 100 000","sl":"Высокий","sv":"около 100","p":52000.0,"q":19.07,"b":3.35,"ms":0.26,"wi":146.31,"ei":15.52,"as":2307.77,"mi":"E","mv":38913,"sc":7,"lpe":91.92,"lpr":28243.68,"lq":2.71,"d":2095},{"pi":"423119","pc":"Промышленные товары","ss":100000,"td":"Центр города","dc":1,"n":507.39,"vc":"около 500 000","sl":"Элитный","sv":"около 50","p":130000.0,"q":29.17,"b":4.23,"ms":0.14,"wi":146.31,"ei":15.52,"as":2307.77,"mi":"E","mv":38913,"sc":7,"lpe":91.92,"lpr":28243.68,"lq":2.71,"d":2095},{"pi":"423119","pc":"Промышленные товары","ss":100000,"td":"Центр города","dc":1,"n":507.39,"vc":"около 500 000","sl":"Элитный","sv":"около 50","p":130000.0,"q":29.17,"b":4.23,"ms":0.14,"wi":146.31,"ei":15.52,"as":2307.77,"mi":"E","mv":38913,"sc":7,"lpe":91.92,"lpr":28243.68,"lq":2.71,"d":2095},{"pi":"423119","pc":"Промышленные товары","ss":100000,"td":"Центр города","dc":1,"n":556.06,"vc":"около 500 000","sl":"Очень высокий","sv":"около 50","p":130000.0,"q":28.07,"b":4.23,"ms":0.14,"wi":146.31,"ei":15.52,"as":2307.77,"mi":"E","mv":38913,"sc":7,"lpe":91.92,"lpr":28243.68,"lq":2.71,"d":2095},{"pi":"423119","pc":"Промышленные товары","ss":100000,"td":"Центр города","dc":1,"n":556.06,"vc":"около 500 000","sl":"Очень высокий","sv":"около 50","p":130000.0,"q":28.07,"b":4.23,"ms":0.09,"wi":146.31,"ei":15.52,"as":2307.77,"mi":"E","mv":38913,"sc":7,"lpe":91.92,"lpr":28243.68,"lq":2.71,"d":2095},{"pi":"423119","pc":"Промышленные товары","ss":100000,"td":"Центр города","dc":4,"n":544.41,"vc":"около 500 000","sl":"Низкий","sv":"около 1 000","p":63000.0,"q":13.47,"b":0.0,"ms":2.92,"wi":76.09,"ei":6.5,"as":327.59,"mi":"E","mv":25829,"sc":4,"lpe":95.94,"lpr":16914.23,"lq":1.0,"d":1541},{"pi":"423119","pc":"Промышленные товары","ss":100000,"td":"Центр города","dc":10,"n":675.34,"vc":"более 1 000 000","sl":"Очень низкий","sv":"более 200","p":75743.54,"q":20.28,"b":0.0,"ms":0.84,"wi":76.09,"ei":6.5,"as":327.59,"mi":"E","mv":25829,"sc":4,"lpe":95.94,"lpr":16914.23,"lq":1.0,"d":1541},{"pi":"423119","pc":"Промышленные товары","ss":100000,"td":"Центр города","dc":1,"n":520.17,"vc":"около 500 000","sl":"Элитный","sv":"около 50","p":130000.0,"q":26.6,"b":4.23,"ms":0.16,"wi":76.09,"ei":6.5,"as":327.59,"mi":"E","mv":25829,"sc":4,"lpe":95.94,"lpr":16914.23,"lq":1.0,"d":1541},{"pi":"423119","pc":"Промышленные товары","ss":100000,"td":"Центр города","dc":1,"n":520.17,"vc":"более 200 000","sl":"Элитный","sv":"около 50","p":130000.0,"q":26.6,"b":4.23,"ms":0.14,"wi":76.09,"ei":6.5,"as":327.59,"mi":"E","mv":25829,"sc":4,"lpe":95.94,"lpr":16914.23,"lq":1.0,"d":1541},{"pi":"423119","pc":"Промышленные товары","ss":100000,"td":"Центр города","dc":1,"n":465.49,"vc":"около 500 000","sl":"Очень высокий","sv":"более 10 000","p":75000.0,"q":20.34,"b":2.91,"ms":11.6,"wi":132.97,"ei":9.27,"as":1723.67,"mi":"E","mv":146532,"sc":7,"lpe":86.98,"lpr":29441.73,"lq":2.55,"d":8477},{"pi":"423119","pc":"Промышленные товары","ss":100000,"td":"Центр города","dc":4,"n":511.68,"vc":"около 500 000","sl":"Низкий","sv":"более 1 000","p":72000.0,"q":13.45,"b":3.58,"ms":1.16,"wi":132.97,"ei":9.27,"as":1723.67,"mi":"E","mv":146532,"sc":7,"lpe":86.98,"lpr":29441.73,"lq":2.55,"d":8477},{"pi":"423119","pc":"Промышленные товары","ss":100000,"td":"Фешенебельный район","dc":1,"n":448.95,"vc":"около 50 000","sl":"Элитный","sv":"около 100","p":40000.0,"q":23.43,"b":4.21,"ms":0.07,"wi":132.97,"ei":9.27,"as":1723.67,"mi":"E","mv":146532,"sc":7,"lpe":86.98,"lpr":29441.73,"lq":2.55,"d":8477},{"pi":"423119","pc":"Промышленные товары","ss":100000,"td":"Окраина","dc":9,"n":310.03,"vc":"около 50 000","sl":"Очень высокий","sv":"около 100","p":70000.0,"q":19.07,"b":3.35,"ms":0.07,"wi":132.97,"ei":9.27,"as":1723.67,"mi":"E","mv":146532,"sc":7,"lpe":86.98,"lpr":29441.73,"lq":2.55,"d":8477},{"pi":"423119","pc":"Промышленные товары","ss":100000,"td":"Центр города","dc":1,"n":461.82,"vc":"около 500 000","sl":"Элитный","sv":"около 100","p":130000.0,"q":29.16,"b":4.23,"ms":0.05,"wi":132.97,"ei":9.27,"as":1723.67,"mi":"E","mv":146532,"sc":7,"lpe":86.98,"lpr":29441.73,"lq":2.55,"d":8477},{"pi":"423119","pc":"Промышленные товары","ss":100000,"td":"Центр города","dc":1,"n":461.82,"vc":"около 500 000","sl":"Элитный","sv":"около 50","p":130000.0,"q":29.16,"b":4.23,"ms":0.05,"wi":132.97,"ei":9.27,"as":1723.67,"mi":"E","mv":146532,"sc":7,"lpe":86.98,"lpr":29441.73,"lq":2.55,"d":8477},{"pi":"423119","pc":"Промышленные товары","ss":100000,"td":"Фешенебельный район","dc":1,"n":455.96,"vc":"около 50 000","sl":"Элитный","sv":"около 50","p":110000.0,"q":18.71,"b":0.37,"ms":0.03,"wi":132.97,"ei":9.27,"as":1723.67,"mi":"E","mv":146532,"sc":7,"lpe":86.98,"lpr":29441.73,"lq":2.55,"d":8477},{"pi":"423119","pc":"Промышленные товары","ss":10000,"td":"Центр города","dc":1,"n":484.35,"vc":"более 20 000","sl":"Элитный","sv":"более 100","p":130000.0,"q":29.17,"b":4.33,"ms":1.56,"wi":105.73,"ei":5.2,"as":657.04,"mi":"E","mv":12732,"sc":1,"lpe":98.44,"lpr":26199.01,"lq":1.0,"d":707},{"pi":"423119","pc":"Промышленные товары","ss":100000,"td":"Центр города","dc":1,"n":396.51,"vc":"более 100 000","sl":"Элитный","sv":"около 1 000","p":30000.0,"q":23.43,"b":4.49,"ms":2.1,"wi":93.64,"ei":6.95,"as":590.98,"mi":"E","mv":47636,"sc":3,"lpe":95.99,"lpr":26390.67,"lq":1.0,"d":2212},{"pi":"423119","pc":"Промышленные товары","ss":100000,"td":"Центр города","dc":1,"n":513.64,"vc":"около 500 000","sl":"Элитный","sv":"около 500","p":130000.0,"q":29.17,"b":4.21,"ms":0.97,"wi":93.64,"ei":6.95,"as":590.98,"mi":"E","mv":47636,"sc":3,"lpe":95.99,"lpr":26390.67,"lq":1.0,"d":2212},{"pi":"423119","pc":"Промышленные товары","ss":100000,"td":"Центр города","dc":1,"n":513.64,"vc":"около 500 000","sl":"Элитный","sv":"около 500","p":130000.0,"q":29.17,"b":4.21,"ms":0.94,"wi":93.64,"ei":6.95,"as":590.98,"mi":"E","mv":47636,"sc":3,"lpe":95.99,"lpr":26390.67,"lq":1.0,"d":2212},{"pi":"423119","pc":"Промышленные товары","ss":100000,"td":"Центр города","dc":1,"n":350.76,"vc":"более 100 000","sl":"Элитный","sv":"около 10 000","p":40000.0,"q":23.43,"b":4.49,"ms":4.89,"wi":108.19,"ei":6.67,"as":874.7,"mi":"E","mv":204423,"sc":3,"lpe":93.39,"lpr":28432.55,"lq":1.0,"d":12114},{"pi":"423119","pc":"Промышленные товары","ss":100000,"td":"Центр города","dc":1,"n":432.2,"vc":"около 500 000","sl":"Элитный","sv":"более 1 000","p":130000.0,"q":29.17,"b":4.21,"ms":0.69,"wi":108.19,"ei":6.67,"as":874.7,"mi":"E","mv":204423,"sc":3,"lpe":93.39,"lpr":28432.55,"lq":1.0,"d":12114},{"pi":"423119","pc":"Промышленные товары","ss":100000,"td":"Центр города","dc":10,"n":600.19,"vc":"более 1 000 000","sl":"Очень низкий","sv":"около 50","p":53027.04,"q":14.5,"b":0.6,"ms":0.02,"wi":33.37,"ei":5.09,"as":182.41,"mi":"E","mv":185744,"sc":4,"lpe":92.04,"lpr":9295.72,"lq":1.0,"d":22072},{"pi":"423119","pc":"Промышленные товары","ss":100000,"td":"Спальный район","dc":1,"n":140.71,"vc":"более 10 000","sl":"Элитный","sv":"менее 50","p":28000.0,"q":13.01,"b":0.0,"ms":0.01,"wi":33.37,"ei":5.09,"as":182.41,"mi":"E","mv":185744,"sc":4,"lpe":92.04,"lpr":9295.72,"lq":1.0,"d":22072},{"pi":"423119","pc":"Промышленные товары","ss":100000,"td":"Центр города","dc":8,"n":296.35,"vc":"около 100 000","sl":"Очень высокий","sv":"менее 50","p":37000.0,"q":7.45,"b":0.0,"ms":0.01,"wi":33.37,"ei":5.09,"as":182.41,"mi":"E","mv":185744,"sc":4,"lpe":92.04,"lpr":9295.72,"lq":1.0,"d":22072},{"pi":"423119","pc":"Промышленные товары","ss":100000,"td":"Центр города","dc":1,"n":562.98,"vc":"около 500 000","sl":"Элитный","sv":"менее 50","p":130000.0,"q":29.13,"b":4.33,"ms":0.02,"wi":75.97,"ei":9.64,"as":709.18,"mi":"E","mv":4561,"sc":2,"lpe":99.96,"lpr":20085.56,"lq":1.0,"d":316},{"pi":"423119","pc":"Промышленные товары","ss":10000,"td":"Спальный район","dc":3,"n":617.23,"vc":"более 20 000","sl":"Нормальный","sv":"менее 50","p":85000.0,"q":13.06,"b":0.01,"ms":0.02,"wi":75.97,"ei":9.64,"as":709.18,"mi":"E","mv":4561,"sc":2,"lpe":99.96,"lpr":20085.56,"lq":1.0,"d":316},{"pi":"423119","pc":"Промышленные товары","ss":100000,"td":"Центр города","dc":1,"n":150.58,"vc":"около 10 000","sl":"Элитный","sv":"менее 50","p":10000.0,"q":27.59,"b":0.0,"ms":0.09,"wi":8.77,"ei":3.72,"as":199.7,"mi":"E","mv":9149,"sc":1,"lpe":99.91,"lpr":1553.46,"lq":1.0,"d":1469},{"pi":"423119","pc":"Промышленные товары","ss":100000,"td":"Центр города","dc":5,"n":525.49,"vc":"около 1 000 000","sl":"Очень низкий","sv":"более 1 000","p":29200.0,"q":13.47,"b":0.0,"ms":0.57,"wi":52.01,"ei":4.8,"as":338.83,"mi":"E","mv":271143,"sc":1,"lpe":99.43,"lpr":10100.9,"lq":1.0,"d":11930},{"pi":"423119","pc":"Промышленные товары","ss":100000,"td":"Центр города","dc":1,"n":682.41,"vc":"около 5 000 000","sl":"Низкий","sv":"более 10 000","p":24000.0,"q":28.32,"b":4.85,"ms":7.94,"wi":57.22,"ei":5.1,"as":348.24,"mi":"E","mv":147709,"sc":2,"lpe":92.04,"lpr":6175.21,"lq":1.0,"d":6499},{"pi":"423119","pc":"Промышленные товары","ss":100000,"td":"Центр города","dc":6,"n":514.71,"vc":"около 500 000","sl":"Очень низкий","sv":"менее 50","p":28000.0,"q":18.13,"b":0.0,"ms":0.02,"wi":57.22,"ei":5.1,"as":348.24,"mi":"E","mv":147709,"sc":2,"lpe":92.04,"lpr":6175.21,"lq":1.0,"d":6499},{"pi":"423119","pc":"Промышленные товары","ss":100000,"td":"Центр города","dc":3,"n":528.57,"vc":"около 500 000","sl":"Нормальный","sv":"около 500","p":53000.0,"q":20.28,"b":0.0,"ms":5.19,"wi":52.72,"ei":6.99,"as":429.77,"mi":"E","mv":9632,"sc":2,"lpe":94.79,"lpr":14673.43,"lq":1.0,"d":930},{"pi":"423119","pc":"Промышленные товары","ss":100000,"td":"Центр города","dc":1,"n":529.47,"vc":"более 200 000","sl":"Элитный","sv":"менее 50","p":130000.0,"q":26.75,"b":5.3,"ms":0.02,"wi":52.72,"ei":6.99,"as":429.77,"mi":"E","mv":9632,"sc":2,"lpe":94.79,"lpr":14673.43,"lq":1.0,"d":930},{"pi":"423119","pc":"Промышленные товары","ss":100000,"td":"Центр города","dc":6,"n":579.34,"vc":"около 500 000","sl":"Низкий","sv":"более 1 000","p":51300.0,"q":13.44,"b":3.54,"ms":8.67,"wi":70.58,"ei":6.82,"as":357.76,"mi":"E","mv":13841,"sc":1,"lpe":91.33,"lpr":15092.2,"lq":1.0,"d":1780},{"pi":"423119","pc":"Промышленные товары","ss":100000,"td":"Центр города","dc":1,"n":549.62,"vc":"около 500 000","sl":"Элитный","sv":"около 500","p":130000.0,"q":29.17,"b":4.23,"ms":5.39,"wi":94.83,"ei":6.08,"as":329.42,"mi":"E","mv":11140,"sc":1,"lpe":94.61,"lpr":23752.14,"lq":1.0,"d":645},{"pi":"423119","pc":"Промышленные товары","ss":100000,"td":"Центр города","dc":6,"n":532.54,"vc":"более 200 000","sl":"Нормальный","sv":"около 500","p":70000.0,"q":13.47,"b":3.58,"ms":7.4,"wi":128.02,"ei":8.73,"as":1034.79,"mi":"E","mv":10004,"sc":3,"lpe":90.98,"lpr":29288.16,"lq":7.55,"d":811},{"pi":"423119","pc":"Промышленные товары","ss":100000,"td":"Фешенебельный район","dc":1,"n":623.96,"vc":"более 100 000","sl":"Элитный","sv":"около 100","p":40000.0,"q":23.43,"b":4.21,"ms":1.0,"wi":128.02,"ei":8.73,"as":1034.79,"mi":"E","mv":10004,"sc":3,"lpe":90.98,"lpr":29288.16,"lq":7.55,"d":811},{"pi":"423119","pc":"Промышленные товары","ss":100000,"td":"Центр города","dc":1,"n":554.08,"vc":"около 500 000","sl":"Элитный","sv":"около 50","p":130000.0,"q":29.17,"b":4.23,"ms":0.62,"wi":128.02,"ei":8.73,"as":1034.79,"mi":"E","mv":10004,"sc":3,"lpe":90.98,"lpr":29288.16,"lq":7.55,"d":811},{"pi":"423119","pc":"Промышленные товары","ss":100000,"td":"Центр города","dc":1,"n":534.71,"vc":"около 500 000","sl":"Очень высокий","sv":"около 500","p":130000.0,"q":29.17,"b":4.23,"ms":2.64,"wi":94.66,"ei":5.73,"as":634.32,"mi":"E","mv":18950,"sc":2,"lpe":94.96,"lpr":22435.46,"lq":1.0,"d":1375},{"pi":"423119","pc":"Промышленные товары","ss":100000,"td":"Центр города","dc":1,"n":534.71,"vc":"около 500 000","sl":"Элитный","sv":"около 500","p":130000.0,"q":29.17,"b":4.23,"ms":2.41,"wi":94.66,"ei":5.73,"as":634.32,"mi":"E","mv":18950,"sc":2,"lpe":94.96,"lpr":22435.46,"lq":1.0,"d":1375},{"pi":"423119","pc":"Промышленные товары","ss":100000,"td":"Центр города","dc":1,"n":514.45,"vc":"около 500 000","sl":"Очень высокий","sv":"около 500","p":130000.0,"q":29.17,"b":4.23,"ms":2.69,"wi":105.14,"ei":8.27,"as":1023.96,"mi":"E","mv":27435,"sc":2,"lpe":94.98,"lpr":28506.69,"lq":1.0,"d":2847},{"pi":"423119","pc":"Промышленные товары","ss":100000,"td":"Центр города","dc":1,"n":514.45,"vc":"около 500 000","sl":"Элитный","sv":"около 500","p":130000.0,"q":29.17,"b":4.23,"ms":2.34,"wi":105.14,"ei":8.27,"as":1023.96,"mi":"E","mv":27435,"sc":2,"lpe":94.98,"lpr":28506.69,"lq":1.0,"d":2847},{"pi":"423119","pc":"Промышленные товары","ss":10000,"td":"Центр города","dc":1,"n":657.47,"vc":"около 50 000","sl":"Высокий","sv":"менее 50","p":40000.0,"q":22.46,"b":2.04,"ms":0.04,"wi":85.11,"ei":6.1,"as":334.94,"mi":"E","mv":4850,"sc":1,"lpe":99.96,"lpr":6285.76,"lq":1.0,"d":351},{"pi":"423119","pc":"Промышленные товары","ss":100000,"td":"Центр города","dc":1,"n":541.93,"vc":"около 500 000","sl":"Элитный","sv":"около 10 000","p":50000.0,"q":22.46,"b":0.93,"ms":35.87,"wi":119.43,"ei":9.92,"as":1514.88,"mi":"E","mv":22788,"sc":1,"lpe":64.13,"lpr":14540.72,"lq":5.53,"d":1420},{"pi":"423119","pc":"Промышленные товары","ss":100000,"td":"Центр города","dc":1,"n":551.4,"vc":"около 500 000","sl":"Элитный","sv":"более 300","p":130000.0,"q":29.17,"b":4.23,"ms":2.42,"wi":97.28,"ei":5.35,"as":374.69,"mi":"E","mv":12998,"sc":2,"lpe":95.41,"lpr":21311.46,"lq":1.0,"d":804},{"pi":"423119","pc":"Промышленные товары","ss":100000,"td":"Центр города","dc":1,"n":551.4,"vc":"около 500 000","sl":"Элитный","sv":"более 200","p":130000.0,"q":29.17,"b":4.23,"ms":2.18,"wi":97.28,"ei":5.35,"as":374.69,"mi":"E","mv":12998,"sc":2,"lpe":95.41,"lpr":21311.46,"lq":1.0,"d":804},{"pi":"423119","pc":"Промышленные товары","ss":500,"td":"Спальный район","dc":1,"n":202.84,"vc":"более 200","sl":"Очень высокий","sv":"менее 50","p":2515.41,"q":8.04,"b":0.6,"ms":0.01,"wi":12.76,"ei":4.53,"as":440.07,"mi":"E","mv":15631,"sc":1,"lpe":99.99,"lpr":1251.45,"lq":1.0,"d":1206},{"pi":"423119","pc":"Промышленные товары","ss":500,"td":"Спальный район","dc":1,"n":249.8,"vc":"более 300","sl":"Высокий","sv":"менее 50","p":2256.08,"q":8.04,"b":0.6,"ms":0.01,"wi":10.97,"ei":4.17,"as":176.33,"mi":"E","mv":9295,"sc":1,"lpe":99.99,"lpr":1122.43,"lq":1.0,"d":1246},{"pi":"423119","pc":"Промышленные товары","ss":100000,"td":"Центр города","dc":2,"n":454.97,"vc":"более 100 000","sl":"Элитный","sv":"около 5 000","p":65000.0,"q":20.26,"b":0.0,"ms":18.57,"wi":95.22,"ei":7.84,"as":648.74,"mi":"E","mv":18385,"sc":2,"lpe":81.29,"lpr":18379.58,"lq":4.58,"d":1471},{"pi":"423119","pc":"Промышленные товары","ss":100000,"td":"Центр города","dc":1,"n":527.53,"vc":"около 500 000","sl":"Элитный","sv":"менее 50","p":130000.0,"q":29.17,"b":4.23,"ms":0.14,"wi":95.22,"ei":7.84,"as":648.74,"mi":"E","mv":18385,"sc":2,"lpe":81.29,"lpr":18379.58,"lq":4.58,"d":1471},{"pi":"423119","pc":"Промышленные товары","ss":100000,"td":"Центр города","dc":1,"n":525.03,"vc":"около 500 000","sl":"Элитный","sv":"около 1 000","p":130000.0,"q":29.16,"b":4.33,"ms":4.54,"wi":105.35,"ei":7.18,"as":506.56,"mi":"E","mv":19050,"sc":1,"lpe":95.46,"lpr":25268.62,"lq":1.0,"d":1026},{"pi":"423119","pc":"Промышленные товары","ss":500,"td":"Спальный район","dc":1,"n":142.97,"vc":"более 200","sl":"Элитный","sv":"менее 50","p":26714.45,"q":8.04,"b":0.6,"ms":0.0,"wi":47.55,"ei":12.32,"as":481.26,"mi":"E","mv":31162,"sc":1,"lpe":100.0,"lpr":14211.6,"lq":1.0,"d":2667},{"pi":"423119","pc":"Промышленные товары","ss":100000,"td":"Фешенебельный район","dc":1,"n":474.34,"vc":"около 100 000","sl":"Элитный","sv":"около 20 000","p":45000.0,"q":23.43,"b":4.61,"ms":6.75,"wi":91.03,"ei":12.41,"as":652.46,"mi":"E","mv":296237,"sc":4,"lpe":90.83,"lpr":14886.74,"lq":1.0,"d":15986},{"pi":"423119","pc":"Промышленные товары","ss":100000,"td":"Центр города","dc":1,"n":562.79,"vc":"более 1 000 000","sl":"Нормальный","sv":"около 5 000","p":80000.0,"q":28.32,"b":5.14,"ms":2.42,"wi":91.03,"ei":12.41,"as":652.46,"mi":"E","mv":296237,"sc":4,"lpe":90.83,"lpr":14886.74,"lq":1.0,"d":15986},{"pi":"423119","pc":"Промышленные товары","ss":100000,"td":"Центр города","dc":1,"n":445.63,"vc":"около 500 000","sl":"Элитный","sv":"менее 50","p":130000.0,"q":29.13,"b":4.33,"ms":0.0,"wi":91.03,"ei":12.41,"as":652.46,"mi":"E","mv":296237,"sc":4,"lpe":90.83,"lpr":14886.74,"lq":1.0,"d":15986},{"pi":"423119","pc":"Промышленные товары","ss":10000,"td":"Центр города","dc":1,"n":274.91,"vc":"более 10 000","sl":"Нормальный","sv":"менее 50","p":108000.0,"q":22.33,"b":0.78,"ms":0.0,"wi":91.03,"ei":12.41,"as":652.46,"mi":"E","mv":296237,"sc":4,"lpe":90.83,"lpr":14886.74,"lq":1.0,"d":15986},{"pi":"423119","pc":"Промышленные товары","ss":100000,"td":"Центр города","dc":1,"n":474.18,"vc":"около 500 000","sl":"Элитный","sv":"более 10 000","p":130000.0,"q":29.17,"b":4.33,"ms":20.27,"wi":117.9,"ei":6.83,"as":721.28,"mi":"E","mv":87858,"sc":3,"lpe":78.44,"lpr":38692.13,"lq":1.8,"d":4698},{"pi":"423119","pc":"Промышленные товары","ss":100000,"td":"Фешенебельный район","dc":1,"n":603.61,"vc":"более 200 000","sl":"Элитный","sv":"около 1 000","p":50000.0,"q":23.43,"b":4.61,"ms":1.14,"wi":117.9,"ei":6.83,"as":721.28,"mi":"E","mv":87858,"sc":3,"lpe":78.44,"lpr":38692.13,"lq":1.8,"d":4698},{"pi":"423119","pc":"Промышленные товары","ss":10000,"td":"Спальный район","dc":1,"n":223.89,"vc":"около 5 000","sl":"Элитный","sv":"более 100","p":120000.0,"q":12.89,"b":0.02,"ms":0.15,"wi":117.9,"ei":6.83,"as":721.28,"mi":"E","mv":87858,"sc":3,"lpe":78.44,"lpr":38692.13,"lq":1.8,"d":4698},{"pi":"423119","pc":"Промышленные товары","ss":100000,"td":"Центр города","dc":1,"n":576.27,"vc":"около 500 000","sl":"Элитный","sv":"более 200","p":130000.0,"q":29.17,"b":4.23,"ms":4.81,"wi":135.19,"ei":7.52,"as":745.51,"mi":"E","mv":5405,"sc":1,"lpe":95.19,"lpr":30217.87,"lq":1.0,"d":352},{"pi":"423119","pc":"Промышленные товары","ss":500,"td":"Спальный район","dc":1,"n":215.4,"vc":"более 200","sl":"Элитный","sv":"менее 50","p":11138.8,"q":8.04,"b":0.6,"ms":0.01,"wi":28.41,"ei":9.96,"as":295.66,"mi":"E","mv":10830,"sc":1,"lpe":99.99,"lpr":5527.84,"lq":1.0,"d":898},{"pi":"423119","pc":"Промышленные товары","ss":500,"td":"Спальный район","dc":1,"n":182.23,"vc":"более 200","sl":"Элитный","sv":"менее 50","p":11229.99,"q":8.04,"b":0.6,"ms":0.01,"wi":29.1,"ei":9.68,"as":218.57,"mi":"E","mv":17582,"sc":1,"lpe":99.99,"lpr":5592.13,"lq":1.0,"d":1619},{"pi":"423119","pc":"Промышленные товары","ss":100000,"td":"Фешенебельный район","dc":1,"n":642.21,"vc":"более 200 000","sl":"Элитный","sv":"более 2 000","p":25000.0,"q":28.31,"b":4.19,"ms":9.5,"wi":60.97,"ei":7.92,"as":423.5,"mi":"E","mv":30777,"sc":2,"lpe":88.88,"lpr":5360.82,"lq":2.32,"d":1657},{"pi":"423119","pc":"Промышленные товары","ss":100000,"td":"Спальный район","dc":1,"n":422.48,"vc":"более 100 000","sl":"Элитный","sv":"около 500","p":20000.0,"q":23.43,"b":4.5,"ms":1.62,"wi":60.97,"ei":7.92,"as":423.5,"mi":"E","mv":30777,"sc":2,"lpe":88.88,"lpr":5360.82,"lq":2.32,"d":1657},{"pi":"423119","pc":"Промышленные товары","ss":500,"td":"Фешенебельный район","dc":1,"n":375.98,"vc":"более 100","sl":"Элитный","sv":"более 100","p":20000.0,"q":23.43,"b":4.5,"ms":0.54,"wi":77.72,"ei":6.25,"as":754.07,"mi":"E","mv":24224,"sc":1,"lpe":99.46,"lpr":17391.82,"lq":1.0,"d":1415},{"pi":"423119","pc":"Промышленные товары","ss":500,"td":"Центр города","dc":1,"n":713.13,"vc":"около 500","sl":"Очень высокий","sv":"менее 50","p":37000.0,"q":22.33,"b":3.74,"ms":31.0,"wi":44.58,"ei":9.3,"as":3618.26,"mi":"E","mv":100,"sc":1,"lpe":69.0,"lpr":15366.79,"lq":6.3,"d":68},{"pi":"423119","pc":"Промышленные товары","ss":100000,"td":"Фешенебельный район","dc":2,"n":609.52,"vc":"около 50 000","sl":"Элитный","sv":"более 100","p":44000.0,"q":19.98,"b":0.0,"ms":4.38,"wi":26.64,"ei":9.14,"as":737.07,"mi":"E","mv":2600,"sc":2,"lpe":93.35,"lpr":9812.36,"lq":1.0,"d":1182},{"pi":"423119","pc":"Промышленные товары","ss":100000,"td":"Центр города","dc":1,"n":684.03,"vc":"около 500 000","sl":"Очень высокий","sv":"около 50","p":50000.0,"q":18.12,"b":0.0,"ms":2.27,"wi":26.64,"ei":9.14,"as":737.07,"mi":"E","mv":2600,"sc":2,"lpe":93.35,"lpr":9812.36,"lq":1.0,"d":1182},{"pi":"423119","pc":"Промышленные товары","ss":100000,"td":"Фешенебельный район","dc":1,"n":611.1,"vc":"около 100 000","sl":"Элитный","sv":"около 500","p":30000.0,"q":23.43,"b":0.83,"ms":4.57,"wi":87.23,"ei":6.01,"as":483.13,"mi":"E","mv":10932,"sc":2,"lpe":95.36,"lpr":19433.93,"lq":1.0,"d":1376},{"pi":"423119","pc":"Промышленные товары","ss":100000,"td":"Центр города","dc":1,"n":558.35,"vc":"около 500 000","sl":"Элитный","sv":"менее 50","p":130000.0,"q":29.17,"b":4.67,"ms":0.06,"wi":87.23,"ei":6.01,"as":483.13,"mi":"E","mv":10932,"sc":2,"lpe":95.36,"lpr":19433.93,"lq":1.0,"d":1376},{"pi":"423119","pc":"Промышленные товары","ss":100000,"td":"Центр города","dc":1,"n":461.44,"vc":"более 200 000","sl":"Элитный","sv":"около 1 000","p":30000.0,"q":23.43,"b":5.3,"ms":2.77,"wi":70.43,"ei":7.02,"as":523.89,"mi":"E","mv":36070,"sc":3,"lpe":96.95,"lpr":16711.06,"lq":1.0,"d":1885},{"pi":"423119","pc":"Промышленные товары","ss":100000,"td":"Центр города","dc":10,"n":80.57,"vc":"около 5 000","sl":"Элитный","sv":"около 100","p":50000.0,"q":20.34,"b":0.0,"ms":0.28,"wi":70.43,"ei":7.02,"as":523.89,"mi":"E","mv":36070,"sc":3,"lpe":96.95,"lpr":16711.06,"lq":1.0,"d":1885},{"pi":"423119","pc":"Промышленные товары","ss":100000,"td":"Центр города","dc":1,"n":511.39,"vc":"около 500 000","sl":"Элитный","sv":"менее 50","p":130000.0,"q":29.17,"b":5.0,"ms":0.0,"wi":70.43,"ei":7.02,"as":523.89,"mi":"E","mv":36070,"sc":3,"lpe":96.95,"lpr":16711.06,"lq":1.0,"d":1885},{"pi":"423119","pc":"Промышленные товары","ss":500,"td":"Спальный район","dc":1,"n":233.46,"vc":"более 200","sl":"Элитный","sv":"менее 50","p":50000.0,"q":10.07,"b":0.0,"ms":0.01,"wi":53.0,"ei":5.3,"as":524.72,"mi":"E","mv":9866,"sc":1,"lpe":99.99,"lpr":16006.06,"lq":1.0,"d":858},{"pi":"423119","pc":"Промышленные товары","ss":100000,"td":"Центр города","dc":1,"n":468.31,"vc":"более 300 000","sl":"Элитный","sv":"около 500","p":20000.0,"q":23.43,"b":0.83,"ms":0.56,"wi":64.5,"ei":14.69,"as":1178.45,"mi":"E","mv":90058,"sc":5,"lpe":99.42,"lpr":15735.83,"lq":1.0,"d":4918},{"pi":"423119","pc":"Промышленные товары","ss":100000,"td":"Центр города","dc":1,"n":484.29,"vc":"около 500 000","sl":"Очень высокий","sv":"менее 50","p":130000.0,"q":26.75,"b":4.67,"ms":0.01,"wi":64.5,"ei":14.69,"as":1178.45,"mi":"E","mv":90058,"sc":5,"lpe":99.42,"lpr":15735.83,"lq":1.0,"d":4918},{"pi":"423119","pc":"Промышленные товары","ss":100000,"td":"Центр города","dc":1,"n":484.29,"vc":"около 500 000","sl":"Очень высокий","sv":"менее 50","p":130000.0,"q":26.74,"b":4.67,"ms":0.01,"wi":64.5,"ei":14.69,"as":1178.45,"mi":"E","mv":90058,"sc":5,"lpe":99.42,"lpr":15735.83,"lq":1.0,"d":4918},{"pi":"423119","pc":"Промышленные товары","ss":100000,"td":"Центр города","dc":1,"n":565.29,"vc":"около 1 000 000","sl":"Высокий","sv":"менее 50","p":130000.0,"q":26.75,"b":4.67,"ms":0.01,"wi":64.5,"ei":14.69,"as":1178.45,"mi":"E","mv":90058,"sc":5,"lpe":99.42,"lpr":15735.83,"lq":1.0,"d":4918},{"pi":"423119","pc":"Промышленные товары","ss":100000,"td":"Центр города","dc":1,"n":565.29,"vc":"около 1 000 000","sl":"Очень высокий","sv":"менее 50","p":130000.0,"q":26.75,"b":4.67,"ms":0.01,"wi":64.5,"ei":14.69,"as":1178.45,"mi":"E","mv":90058,"sc":5,"lpe":99.42,"lpr":15735.83,"lq":1.0,"d":4918},{"pi":"423119","pc":"Промышленные товары","ss":100000,"td":"Фешенебельный район","dc":1,"n":480.63,"vc":"около 50 000","sl":"Элитный","sv":"около 500","p":30000.0,"q":23.43,"b":2.54,"ms":1.53,"wi":60.82,"ei":10.27,"as":909.2,"mi":"E","mv":32780,"sc":3,"lpe":98.0,"lpr":21612.67,"lq":1.0,"d":2215},{"pi":"423119","pc":"Промышленные товары","ss":100000,"td":"Центр города","dc":1,"n":510.26,"vc":"около 500 000","sl":"Элитный","sv":"около 100","p":130000.0,"q":29.17,"b":4.67,"ms":0.24,"wi":60.82,"ei":10.27,"as":909.2,"mi":"E","mv":32780,"sc":3,"lpe":98.0,"lpr":21612.67,"lq":1.0,"d":2215},{"pi":"423119","pc":"Промышленные товары","ss":100000,"td":"Центр города","dc":1,"n":510.26,"vc":"около 500 000","sl":"Элитный","sv":"около 100","p":130000.0,"q":29.17,"b":4.67,"ms":0.24,"wi":60.82,"ei":10.27,"as":909.2,"mi":"E","mv":32780,"sc":3,"lpe":98.0,"lpr":21612.67,"lq":1.0,"d":2215},{"pi":"423119","pc":"Промышленные товары","ss":100000,"td":"Центр города","dc":1,"n":495.72,"vc":"более 200 000","sl":"Элитный","sv":"около 1 000","p":30000.0,"q":23.43,"b":0.83,"ms":11.87,"wi":68.54,"ei":16.36,"as":1196.71,"mi":"E","mv":8425,"sc":1,"lpe":88.13,"lpr":11419.02,"lq":4.72,"d":693},{"pi":"423119","pc":"Промышленные товары","ss":100000,"td":"Фешенебельный район","dc":1,"n":663.89,"vc":"более 100 000","sl":"Элитный","sv":"около 100","p":25000.0,"q":23.43,"b":0.0,"ms":1.02,"wi":45.35,"ei":8.31,"as":495.43,"mi":"E","mv":9780,"sc":2,"lpe":98.79,"lpr":18285.36,"lq":1.0,"d":1465},{"pi":"423119","pc":"Промышленные товары","ss":100000,"td":"Центр города","dc":1,"n":570.89,"vc":"около 500 000","sl":"Элитный","sv":"менее 50","p":130000.0,"q":29.17,"b":4.67,"ms":0.18,"wi":45.35,"ei":8.31,"as":495.43,"mi":"E","mv":9780,"sc":2,"lpe":98.79,"lpr":18285.36,"lq":1.0,"d":1465},{"pi":"423119","pc":"Промышленные товары","ss":1000,"td":"Фешенебельный район","dc":1,"n":341.2,"vc":"около 500","sl":"Элитный","sv":"около 50","p":31745.19,"q":4.05,"b":0.0,"ms":0.37,"wi":62.57,"ei":13.98,"as":1863.8,"mi":"E","mv":9869,"sc":2,"lpe":99.6,"lpr":19667.82,"lq":1.0,"d":787},{"pi":"423119","pc":"Промышленные товары","ss":100000,"td":"Центр города","dc":1,"n":555.28,"vc":"около 500 000","sl":"Элитный","sv":"менее 50","p":130000.0,"q":26.75,"b":4.67,"ms":0.02,"wi":62.57,"ei":13.98,"as":1863.8,"mi":"E","mv":9869,"sc":2,"lpe":99.6,"lpr":19667.82,"lq":1.0,"d":787},{"pi":"423119","pc":"Промышленные товары","ss":100000,"td":"Фешенебельный район","dc":2,"n":527.25,"vc":"около 50 000","sl":"Элитный","sv":"менее 50","p":55000.0,"q":20.15,"b":0.0,"ms":0.09,"wi":31.02,"ei":6.12,"as":349.08,"mi":"E","mv":22390,"sc":2,"lpe":99.91,"lpr":8343.33,"lq":1.0,"d":2029},{"pi":"423119","pc":"Промышленные товары","ss":500,"td":"Спальный район","dc":1,"n":168.21,"vc":"более 200","sl":"Элитный","sv":"менее 50","p":16399.15,"q":8.04,"b":1.26,"ms":0.0,"wi":31.02,"ei":6.12,"as":349.08,"mi":"E","mv":22390,"sc":2,"lpe":99.91,"lpr":8343.33,"lq":1.0,"d":2029},{"pi":"423119","pc":"Промышленные товары","ss":100000,"td":"Центр города","dc":1,"n":338.32,"vc":"около 50 000","sl":"Элитный","sv":"более 10 000","p":38860.0,"q":20.32,"b":0.0,"ms":96.32,"wi":75.59,"ei":8.41,"as":636.04,"mi":"C","mv":13583,"sc":2,"lpe":0.0,"lpr":26198.02,"lq":3.01,"d":974},{"pi":"423119","pc":"Промышленные товары","ss":100000,"td":"Центр города","dc":2,"n":451.88,"vc":"более 100 000","sl":"Элитный","sv":"около 500","p":25000.0,"q":17.71,"b":0.0,"ms":3.68,"wi":75.59,"ei":8.41,"as":636.04,"mi":"C","mv":13583,"sc":2,"lpe":0.0,"lpr":26198.02,"lq":3.01,"d":974},{"pi":"423119","pc":"Промышленные товары","ss":10000,"td":"Фешенебельный район","dc":1,"n":543.8,"vc":"около 5 000","sl":"Элитный","sv":"около 500","p":41000.0,"q":12.78,"b":0.0,"ms":7.23,"wi":49.83,"ei":4.32,"as":536.62,"mi":"E","mv":8225,"sc":1,"lpe":92.77,"lpr":13079.5,"lq":1.0,"d":863},{"pi":"423119","pc":"Промышленные товары","ss":100000,"td":"Центр города","dc":2,"n":579.1,"vc":"около 500 000","sl":"Высокий","sv":"более 2 000","p":33000.0,"q":17.71,"b":0.0,"ms":25.69,"wi":80.59,"ei":6.94,"as":418.95,"mi":"E","mv":9732,"sc":1,"lpe":74.31,"lpr":13342.87,"lq":5.81,"d":793},{"pi":"423119","pc":"Промышленные товары","ss":1000,"td":"Фешенебельный район","dc":1,"n":685.12,"vc":"более 2 000","sl":"Очень высокий","sv":"около 1 000","p":20000.0,"q":23.43,"b":5.84,"ms":18.32,"wi":80.52,"ei":8.2,"as":766.39,"mi":"E","mv":5458,"sc":2,"lpe":81.6,"lpr":8101.16,"lq":3.11,"d":532},{"pi":"423119","pc":"Промышленные товары","ss":1000,"td":"Центр города","dc":1,"n":307.05,"vc":"более 1 000","sl":"Очень высокий","sv":"менее 50","p":50000.0,"q":17.93,"b":5.02,"ms":0.07,"wi":80.52,"ei":8.2,"as":766.39,"mi":"E","mv":5458,"sc":2,"lpe":81.6,"lpr":8101.16,"lq":3.11,"d":532},{"pi":"423119","pc":"Промышленные товары","ss":100000,"td":"Спальный район","dc":1,"n":457.35,"vc":"более 100 000","sl":"Элитный","sv":"около 1 000","p":30000.0,"q":23.43,"b":5.3,"ms":1.63,"wi":81.74,"ei":8.69,"as":530.19,"mi":"E","mv":61507,"sc":3,"lpe":97.8,"lpr":26361.76,"lq":1.0,"d":3080},{"pi":"423119","pc":"Промышленные товары","ss":100000,"td":"Центр города","dc":1,"n":502.3,"vc":"около 500 000","sl":"Элитный","sv":"около 500","p":130000.0,"q":29.17,"b":5.0,"ms":0.55,"wi":81.74,"ei":8.69,"as":530.19,"mi":"E","mv":61507,"sc":3,"lpe":97.8,"lpr":26361.76,"lq":1.0,"d":3080},{"pi":"423119","pc":"Промышленные товары","ss":100000,"td":"Центр города","dc":5,"n":414.22,"vc":"более 100 000","sl":"Высокий","sv":"менее 50","p":28500.0,"q":12.42,"b":3.57,"ms":0.02,"wi":81.74,"ei":8.69,"as":530.19,"mi":"E","mv":61507,"sc":3,"lpe":97.8,"lpr":26361.76,"lq":1.0,"d":3080},{"pi":"423119","pc":"Промышленные товары","ss":1000,"td":"Фешенебельный район","dc":1,"n":374.55,"vc":"около 500","sl":"Элитный","sv":"около 1 000","p":20000.0,"q":23.43,"b":5.84,"ms":12.57,"wi":78.65,"ei":6.93,"as":514.15,"mi":"E","mv":7956,"sc":1,"lpe":87.43,"lpr":7359.41,"lq":2.85,"d":2980},{"pi":"423119","pc":"Промышленные товары","ss":100000,"td":"Центр города","dc":1,"n":423.73,"vc":"более 100 000","sl":"Элитный","sv":"около 3 000","p":30000.0,"q":23.43,"b":5.3,"ms":9.53,"wi":77.97,"ei":7.69,"as":463.52,"mi":"E","mv":31464,"sc":1,"lpe":90.47,"lpr":10055.44,"lq":1.0,"d":1663},{"pi":"423119","pc":"Промышленные товары","ss":1000,"td":"Центр города","dc":1,"n":416.41,"vc":"около 5 000","sl":"Нормальный","sv":"около 2 000","p":30000.0,"q":23.43,"b":5.84,"ms":7.7,"wi":79.27,"ei":12.05,"as":894.85,"mi":"E","mv":25960,"sc":3,"lpe":88.21,"lpr":14407.39,"lq":6.08,"d":6441},{"pi":"423119","pc":"Промышленные товары","ss":1000,"td":"Центр города","dc":1,"n":416.41,"vc":"около 5 000","sl":"Нормальный","sv":"около 500","p":28000.0,"q":18.28,"b":0.0,"ms":2.33,"wi":79.27,"ei":12.05,"as":894.85,"mi":"E","mv":25960,"sc":3,"lpe":88.21,"lpr":14407.39,"lq":6.08,"d":6441},{"pi":"423119","pc":"Промышленные товары","ss":1000,"td":"Пригород","dc":1,"n":417.83,"vc":"более 1 000","sl":"Элитный","sv":"около 500","p":25000.0,"q":28.31,"b":0.0,"ms":1.76,"wi":79.27,"ei":12.05,"as":894.85,"mi":"E","mv":25960,"sc":3,"lpe":88.21,"lpr":14407.39,"lq":6.08,"d":6441},{"pi":"423119","pc":"Промышленные товары","ss":100000,"td":"Фешенебельный район","dc":1,"n":663.88,"vc":"более 100 000","sl":"Элитный","sv":"около 200","p":15000.0,"q":23.43,"b":0.83,"ms":2.88,"wi":54.35,"ei":5.33,"as":739.34,"mi":"E","mv":6944,"sc":1,"lpe":97.12,"lpr":11966.92,"lq":1.0,"d":396},{"pi":"423119","pc":"Промышленные товары","ss":100000,"td":"Центр города","dc":1,"n":605.76,"vc":"около 1 000 000","sl":"Высокий","sv":"около 5 000","p":60000.0,"q":28.32,"b":5.14,"ms":10.78,"wi":88.06,"ei":7.67,"as":429.01,"mi":"E","mv":40723,"sc":2,"lpe":81.86,"lpr":13356.0,"lq":5.63,"d":2707},{"pi":"423119","pc":"Промышленные товары","ss":100000,"td":"Фешенебельный район","dc":1,"n":552.4,"vc":"более 100 000","sl":"Элитный","sv":"около 3 000","p":45000.0,"q":23.43,"b":4.61,"ms":7.37,"wi":88.06,"ei":7.67,"as":429.01,"mi":"E","mv":40723,"sc":2,"lpe":81.86,"lpr":13356.0,"lq":5.63,"d":2707},{"pi":"423119","pc":"Промышленные товары","ss":100000,"td":"Центр города","dc":10,"n":672.99,"vc":"около 1 000 000","sl":"Очень низкий","sv":"около 50","p":53797.08,"q":20.28,"b":0.0,"ms":1.56,"wi":67.22,"ei":7.89,"as":773.91,"mi":"E","mv":4307,"sc":2,"lpe":98.42,"lpr":15461.16,"lq":1.0,"d":327},{"pi":"423119","pc":"Промышленные товары","ss":500,"td":"Центр города","dc":1,"n":398.69,"vc":"около 500","sl":"Очень высокий","sv":"менее 50","p":60000.0,"q":17.69,"b":4.53,"ms":0.02,"wi":67.22,"ei":7.89,"as":773.91,"mi":"E","mv":4307,"sc":2,"lpe":98.42,"lpr":15461.16,"lq":1.0,"d":327},{"pi":"423119","pc":"Промышленные товары","ss":500,"td":"Спальный район","dc":1,"n":258.39,"vc":"более 300","sl":"Очень высокий","sv":"менее 50","p":3990.09,"q":8.04,"b":1.26,"ms":0.02,"wi":17.12,"ei":4.95,"as":263.54,"mi":"E","mv":6407,"sc":1,"lpe":99.98,"lpr":1985.12,"lq":1.0,"d":1341},{"pi":"423119","pc":"Промышленные товары","ss":500,"td":"Спальный район","dc":1,"n":216.98,"vc":"более 200","sl":"Очень высокий","sv":"менее 50","p":3619.99,"q":8.04,"b":1.26,"ms":0.01,"wi":11.03,"ei":4.68,"as":265.66,"mi":"E","mv":12599,"sc":1,"lpe":99.99,"lpr":1800.99,"lq":1.0,"d":2348},{"pi":"423119","pc":"Промышленные товары","ss":100000,"td":"Центр города","dc":1,"n":423.21,"vc":"более 100 000","sl":"Элитный","sv":"около 1 000","p":30000.0,"q":23.43,"b":4.49,"ms":2.98,"wi":76.26,"ei":6.13,"as":361.83,"mi":"E","mv":33563,"sc":2,"lpe":94.86,"lpr":25623.08,"lq":1.0,"d":1965},{"pi":"423119","pc":"Промышленные товары","ss":100000,"td":"Центр города","dc":1,"n":517.7,"vc":"около 500 000","sl":"Элитный","sv":"около 500","p":130000.0,"q":29.17,"b":4.21,"ms":2.16,"wi":76.26,"ei":6.13,"as":361.83,"mi":"E","mv":33563,"sc":2,"lpe":94.86,"lpr":25623.08,"lq":1.0,"d":1965},{"pi":"423119","pc":"Промышленные товары","ss":500,"td":"Спальный район","dc":1,"n":224.04,"vc":"более 200","sl":"Элитный","sv":"менее 50","p":4350.46,"q":8.04,"b":1.26,"ms":0.01,"wi":16.91,"ei":5.92,"as":304.29,"mi":"E","mv":9371,"sc":1,"lpe":99.99,"lpr":2164.41,"lq":1.0,"d":1419},{"pi":"423119","pc":"Промышленные товары","ss":100000,"td":"Центр города","dc":3,"n":422.3,"vc":"более 100 000","sl":"Нормальный","sv":"около 5 000","p":25000.0,"q":12.42,"b":4.34,"ms":20.53,"wi":108.24,"ei":7.46,"as":1400.18,"mi":"E","mv":29219,"sc":2,"lpe":70.7,"lpr":16133.39,"lq":6.22,"d":1661},{"pi":"423119","pc":"Промышленные товары","ss":100000,"td":"Центр города","dc":1,"n":379.87,"vc":"более 100 000","sl":"Элитный","sv":"более 2 000","p":50000.0,"q":17.94,"b":3.68,"ms":8.77,"wi":108.24,"ei":7.46,"as":1400.18,"mi":"E","mv":29219,"sc":2,"lpe":70.7,"lpr":16133.39,"lq":6.22,"d":1661},{"pi":"423119","pc":"Промышленные товары","ss":10000,"td":"Центр города","dc":2,"n":540.57,"vc":"более 20 000","sl":"Высокий","sv":"более 200","p":30000.0,"q":12.42,"b":4.34,"ms":4.16,"wi":72.56,"ei":7.0,"as":980.73,"mi":"E","mv":6008,"sc":1,"lpe":95.84,"lpr":19092.53,"lq":1.0,"d":612},{"pi":"423119","pc":"Промышленные товары","ss":10000,"td":"Центр города","dc":2,"n":460.18,"vc":"более 10 000","sl":"Очень высокий","sv":"около 1 000","p":4999.94,"q":19.69,"b":0.0,"ms":12.26,"wi":50.37,"ei":3.0,"as":214.48,"mi":"E","mv":7750,"sc":2,"lpe":87.73,"lpr":6452.52,"lq":2.09,"d":491},{"pi":"423119","pc":"Промышленные товары","ss":500,"td":"Спальный район","dc":1,"n":277.2,"vc":"более 200","sl":"Очень высокий","sv":"менее 50","p":12650.98,"q":8.04,"b":0.5,"ms":0.01,"wi":50.37,"ei":3.0,"as":214.48,"mi":"E","mv":7750,"sc":2,"lpe":87.73,"lpr":6452.52,"lq":2.09,"d":491},{"pi":"423119","pc":"Промышленные товары","ss":10000,"td":"Спальный район","dc":1,"n":583.14,"vc":"более 20 000","sl":"Элитный","sv":"менее 50","p":15000.0,"q":17.95,"b":0.0,"ms":0.35,"wi":40.95,"ei":7.02,"as":429.25,"mi":"E","mv":2839,"sc":1,"lpe":99.65,"lpr":7297.64,"lq":1.0,"d":809},{"pi":"423119","pc":"Промышленные товары","ss":500,"td":"Центр города","dc":1,"n":518.0,"vc":"около 1 000","sl":"Высокий","sv":"около 300","p":30000.0,"q":23.43,"b":4.61,"ms":4.21,"wi":66.16,"ei":6.9,"as":452.74,"mi":"E","mv":7131,"sc":1,"lpe":95.79,"lpr":24026.34,"lq":1.0,"d":1371},{"pi":"423119","pc":"Промышленные товары","ss":10000,"td":"Фешенебельный район","dc":1,"n":432.1,"vc":"более 1 000","sl":"Элитный","sv":"менее 50","p":40000.0,"q":18.22,"b":0.0,"ms":0.14,"wi":34.68,"ei":6.16,"as":388.83,"mi":"E","mv":4840,"sc":1,"lpe":99.86,"lpr":6535.65,"lq":1.0,"d":306},{"pi":"423119","pc":"Промышленные товары","ss":10000,"td":"Центр города","dc":1,"n":553.91,"vc":"более 20 000","sl":"Элитный","sv":"около 200","p":20000.0,"q":23.43,"b":7.3,"ms":3.92,"wi":53.39,"ei":8.85,"as":536.19,"mi":"E","mv":5098,"sc":2,"lpe":95.94,"lpr":6610.94,"lq":1.0,"d":410},{"pi":"423119","pc":"Промышленные товары","ss":10000,"td":"Фешенебельный район","dc":1,"n":425.01,"vc":"более 1 000","sl":"Элитный","sv":"менее 50","p":40000.0,"q":18.22,"b":0.0,"ms":0.14,"wi":53.39,"ei":8.85,"as":536.19,"mi":"E","mv":5098,"sc":2,"lpe":95.94,"lpr":6610.94,"lq":1.0,"d":410}]