[{"mi":"15751","s":"Улучшенный комбикорм","pi":"15746","v":754260,"q":43.05,"c":12.02,"tl":14.0,"ir":[{"cn":"DukeLeto Invest","pi":"1487","ui":"3651410","t":171256825,"r":169879238,"q":12.4,"p":0.18,"mot":"U","mo":0.0},{"cn":"Ackermann Industries International","pi":"15745","ui":"3355667","t":55797080,"r":55430363,"q":6.94,"p":0.75,"mot":"U","mo":0.0},{"cn":"Ackermann Industries International","pi":"15744","ui":"3355667","t":341219,"r":188336,"q":7.28,"p":4.55,"mot":"U","mo":0.0},{"cn":"Parex","pi":"1492","ui":"3626708","t":39577155,"r":38694510,"q":17.89,"p":0.5,"mot":"U","mo":0.0},{"cn":"Parex","pi":"1489","ui":"3627503","t":1080350142,"r":1075181063,"q":77.27,"p":2.0,"mot":"U","mo":0.0}],"mwc":5000,"ctm":false},{"mi":"15751","s":"Улучшенный комбикорм","pi":"15746","v":754260,"q":43.09,"c":12.09,"tl":14.0,"ir":[{"cn":"DukeLeto Invest","pi":"1487","ui":"3573775","t":6593896,"r":5678760,"q":12.73,"p":0.32,"mot":"U","mo":0.0},{"cn":"Ackermann Industries International","pi":"15745","ui":"3355667","t":55797080,"r":55430363,"q":6.94,"p":0.75,"mot":"U","mo":0.0},{"cn":"Ackermann Industries International","pi":"15744","ui":"3355667","t":341219,"r":188336,"q":7.28,"p":4.55,"mot":"U","mo":0.0},{"cn":"Parex","pi":"1492","ui":"3626708","t":39577155,"r":38694510,"q":17.89,"p":0.5,"mot":"U","mo":0.0},{"cn":"Parex","pi":"1489","ui":"3627503","t":1080350142,"r":1075181063,"q":77.27,"p":2.0,"mot":"U","mo":0.0}],"mwc":5000,"ctm":false},{"mi":"15751","s":"Улучшенный комбикорм","pi":"15746","v":754260,"q":42.83,"c":12.02,"tl":14.0,"ir":[{"cn":"DukeLeto Invest","pi":"1487","ui":"3651410","t":171256825,"r":169879238,"q":12.4,"p":0.18,"mot":"U","mo":0.0},{"cn":"Ackermann Industries International","pi":"15745","ui":"3355667","t":55797080,"r":55430363,"q":6.94,"p":0.75,"mot":"U","mo":0.0},{"cn":"Ackermann Industries International","pi":"15744","ui":"3355667","t":341219,"r":188336,"q":7.28,"p":4.55,"mot":"U","mo":0.0},{"cn":"Maxi-Co LTD","pi":"1492","ui":"3459282","t":3534554860,"r":3518438799,"q":15.71,"p":0.5,"mot":"U","mo":0.0},{"cn":"Parex","pi":"1489","ui":"3627503","t":1080350142,"r":1075181063,"q":77.27,"p":2.0,"mot":"U","mo":0.0}],"mwc":5000,"ctm":false},{"mi":"15751","s":"Улучшенный комбикорм","pi":"15746","v":791973,"q":45.03,"c":11.81,"tl":15.0,"ir":[{"cn":"DukeLeto Invest","pi":"1487","ui":"3651410","t":171256825,"r":169879238,"q":12.4,"p":0.18,"mot":"U","mo":0.0},{"cn":"Ackermann Industries International","pi":"15745","ui":"3355667","t":55797080,"r":55430363,"q":6.94,"p":0.75,"mot":"U","mo":0.0},{"cn":"Ackermann Industries International","pi":"15744","ui":"3355667","t":341219,"r":188336,"q":7.28,"p":4.55,"mot":"U","mo":0.0},{"cn":"Parex","pi":"1492","ui":"3626708","t":39577155,"r":38694510,"q":17.89,"p":0.5,"mot":"U","mo":0.0},{"cn":"Parex","pi":"1489","ui":"3627503","t":1080350142,"r":1075181063,"q":77.27,"p":2.0,"mot":"U","mo":0.0}],"mwc":5000,"ctm":false},{"mi":"15751","s":"Улучшенный комбикорм","pi":"15746","v":791973,"q":44.8,"c":11.81,"tl":15.0,"ir":[{"cn":"DukeLeto Invest","pi":"1487","ui":"3651410","t":171256825,"r":169879238,"q":12.4,"p":0.18,"mot":"U","mo":0.0},{"cn":"Ackermann Industries International","pi":"15745","ui":"3355667","t":55797080,"r":55430363,"q":6.94,"p":0.75,"mot":"U","mo":0.0},{"cn":"Ackermann Industries International","pi":"15744","ui":"3355667","t":341219,"r":188336,"q":7.28,"p":4.55,"mot":"U","mo":0.0},{"cn":"Maxi-Co LTD","pi":"1492","ui":"3459282","t":3534554860,"r":3518438799,"q":15.71,"p":0.5,"mot":"U","mo":0.0},{"cn":"Parex","pi":"1489","ui":"3627503","t":1080350142,"r":1075181063,"q":77.27,"p":2.0,"mot":"U","mo":0.0}],"mwc":5000,"ctm":false},{"mi":"15751","s":"Улучшенный комбикорм","pi":"15746","v":791973,"q":45.06,"c":11.88,"tl":15.0,"ir":[{"cn":"DukeLeto Invest","pi":"1487","ui":"3573775","t":6593896,"r":5678760,"q":12.73,"p":0.32,"mot":"U","mo":0.0},{"cn":"Ackermann Industries International","pi":"15745","ui":"3355667","t":55797080,"r":55430363,"q":6.94,"p":0.75,"mot":"U","mo":0.0},{"cn":"Ackermann Industries International","pi":"15744","ui":"3355667","t":341219,"r":188336,"q":7.28,"p":4.55,"mot":"U","mo":0.0},{"cn":"Parex","pi":"1492","ui":"3626708","t":39577155,"r":38694510,"q":17.89,"p":0.5,"mot":"U","mo":0.0},{"cn":"Parex","pi":"1489","ui":"3627503","t":1080350142,"r":1075181063,"q":77.27,"p":2.0,"mot":"U","mo":0.0}],"mwc":5000,"ctm":false},{"mi":"15751","s":"Улучшенный комбикорм","pi":"15746","v":831571,"q":46.96,"c":11.61,"tl":16.0,"ir":[{"cn":"DukeLeto Invest","pi":"1487","ui":"3651410","t":171256825,"r":169879238,"q":12.4,"p":0.18,"mot":"U","mo":0.0},{"cn":"Ackermann Industries International","pi":"15745","ui":"3355667","t":55797080,"r":55430363,"q":6.94,"p":0.75,"mot":"U","mo":0.0},{"cn":"Ackermann Industries International","pi":"15744","ui":"3355667","t":341219,"r":188336,"q":7.28,"p":4.55,"mot":"U","mo":0.0},{"cn":"Parex","pi":"1492","ui":"3626708","t":39577155,"r":38694510,"q":17.89,"p":0.5,"mot":"U","mo":0.0},{"cn":"Parex","pi":"1489","ui":"3627503","t":1080350142,"r":1075181063,"q":77.27,"p":2.0,"mot":"U","mo":0.0}],"mwc":5000,"ctm":false},{"mi":"15751","s":"Улучшенный комбикорм","pi":"15746","v":831571,"q":46.72,"c":11.61,"tl":16.0,"ir":[{"cn":"DukeLeto Invest","pi":"1487","ui":"3651410","t":171256825,"r":169879238,"q":12.4,"p":0.18,"mot":"U","mo":0.0},{"cn":"Ackermann Industries International","pi":"15745","ui":"3355667","t":55797080,"r":55430363,"q":6.94,"p":0.75,"mot":"U","mo":0.0},{"cn":"Ackermann Industries International","pi":"15744","ui":"3355667","t":341219,"r":188336,"q":7.28,"p":4.55,"mot":"U","mo":0.0},{"cn":"Maxi-Co LTD","pi":"1492","ui":"3459282","t":3534554860,"r":3518438799,"q":15.71,"p":0.5,"mot":"U","mo":0.0},{"cn":"Parex","pi":"1489","ui":"3627503","t":1080350142,"r":1075181063,"q":77.27,"p":2.0,"mot":"U","mo":0.0}],"mwc":5000,"ctm":false},{"mi":"15751","s":"Улучшенный комбикорм","pi":"15746","v":831571,"q":46.99,"c":11.68,"tl":16.0,"ir":[{"cn":"DukeLeto Invest","pi":"1487","ui":"3573775","t":6593896,"r":5678760,"q":12.73,"p":0.32,"mot":"U","mo":0.0},{"cn":"Ackermann Industries International","pi":"15745","ui":"3355667","t":55797080,"r":55430363,"q":6.94,"p":0.75,"mot":"U","mo":0.0},{"cn":"Ackermann Industries International","pi":"15744","ui":"3355667","t":341219,"r":188336,"q":7.28,"p":4.55,"mot":"U","mo":0.0},{"cn":"Parex","pi":"1492","ui":"3626708","t":39577155,"r":38694510,"q":17.89,"p":0.5,"mot":"U","mo":0.0},{"cn":"Parex","pi":"1489","ui":"3627503","t":1080350142,"r":1075181063,"q":77.27,"p":2.0,"mot":"U","mo":0.0}],"mwc":5000,"ctm":false},{"mi":"15751","s":"Улучшенный комбикорм","pi":"15746","v":873150,"q":48.84,"c":11.42,"tl":17.0,"ir":[{"cn":"DukeLeto Invest","pi":"1487","ui":"3651410","t":171256825,"r":169879238,"q":12.4,"p":0.18,"mot":"U","mo":0.0},{"cn":"Ackermann Industries International","pi":"15745","ui":"3355667","t":55797080,"r":55430363,"q":6.94,"p":0.75,"mot":"U","mo":0.0},{"cn":"Ackermann Industries International","pi":"15744","ui":"3355667","t":341219,"r":188336,"q":7.28,"p":4.55,"mot":"U","mo":0.0},{"cn":"Parex","pi":"1492","ui":"3626708","t":39577155,"r":38694510,"q":17.89,"p":0.5,"mot":"U","mo":0.0},{"cn":"Parex","pi":"1489","ui":"3627503","t":1080350142,"r":1075181063,"q":77.27,"p":2.0,"mot":"U","mo":0.0}],"mwc":5000,"ctm":false},{"mi":"15751","s":"Улучшенный комбикорм","pi":"15746","v":873150,"q":48.59,"c":11.42,"tl":17.0,"ir":[{"cn":"DukeLeto Invest","pi":"1487","ui":"3651410","t":171256825,"r":169879238,"q":12.4,"p":0.18,"mot":"U","mo":0.0},{"cn":"Ackermann Industries International","pi":"15745","ui":"3355667","t":55797080,"r":55430363,"q":6.94,"p":0.75,"mot":"U","mo":0.0},{"cn":"Ackermann Industries International","pi":"15744","ui":"3355667","t":341219,"r":188336,"q":7.28,"p":4.55,"mot":"U","mo":0.0},{"cn":"Maxi-Co LTD","pi":"1492","ui":"3459282","t":3534554860,"r":3518438799,"q":15.71,"p":0.5,"mot":"U","mo":0.0},{"cn":"Parex","pi":"1489","ui":"3627503","t":1080350142,"r":1075181063,"q":77.27,"p":2.0,"mot":"U","mo":0.0}],"mwc":5000,"ctm":false},{"mi":"15751","s":"Улучшенный комбикорм","pi":"15746","v":873150,"q":48.88,"c":11.49,"tl":17.0,"ir":[{"cn":"DukeLeto Invest","pi":"1487","ui":"3573775","t":6593896,"r":5678760,"q":12.73,"p":0.32,"mot":"U","mo":0.0},{"cn":"Ackermann Industries International","pi":"15745","ui":"3355667","t":55797080,"r":55430363,"q":6.94,"p":0.75,"mot":"U","mo":0.0},{"cn":"Ackermann Industries International","pi":"15744","ui":"3355667","t":341219,"r":188336,"q":7.28,"p":4.55,"mot":"U","mo":0.0},{"cn":"Parex","pi":"1492","ui":"3626708","t":39577155,"r":38694510,"q":17.89,"p":0.5,"mot":"U","mo":0.0},{"cn":"Parex","pi":"1489","ui":"3627503","t":1080350142,"r":1075181063,"q":77.27,"p":2.0,"mot":"U","mo":0.0}],"mwc":5000,"ctm":false},{"mi":"335200","s":"Рыбная мука","pi":"335184","v":167512,"q":11.77,"c":54.7,"tl":7.0,"ir":[{"cn":"Maxi-Co LTD","pi":"1482","ui":"3187098","t":4936201,"r":4318345,"q":37.66,"p":6.0,"mot":"U","mo":0.0},{"cn":"Ellipsis","pi":"335174","ui":"3725137","t":736612,"r":707112,"q":7.72,"p":8.0,"mot":"U","mo":0.0}],"mwc":5000,"ctm":true},{"mi":"335200","s":"Рыбная мука","pi":"335184","v":167512,"q":10.9,"c":53.66,"tl":7.0,"ir":[{"cn":"Maxi-Co LTD","pi":"1482","ui":"3187098","t":4936201,"r":4318345,"q":37.66,"p":6.0,"mot":"U","mo":0.0},{"cn":"Ackermann Industries International","pi":"335174","ui":"3231405","t":334771,"r":299496,"q":5.95,"p":7.74,"mot":"U","mo":0.0}],"mwc":5000,"ctm":true},{"mi":"335200","s":"Рыбная мука","pi":"335184","v":167512,"q":12.51,"c":62.7,"tl":7.0,"ir":[{"cn":"Maxi-Co LTD","pi":"1482","ui":"3187098","t":4936201,"r":4318345,"q":37.66,"p":6.0,"mot":"U","mo":0.0},{"cn":"Engkari corp","pi":"335174","ui":"3806805","t":8353133,"r":8195071,"q":9.33,"p":10.0,"mot":"U","mo":0.0}],"mwc":5000,"ctm":true},{"mi":"335200","s":"Рыбная мука","pi":"335184","v":175888,"q":12.84,"c":53.76,"tl":8.0,"ir":[{"cn":"Maxi-Co LTD","pi":"1482","ui":"3187098","t":4936201,"r":4318345,"q":37.66,"p":6.0,"mot":"U","mo":0.0},{"cn":"Ellipsis","pi":"335174","ui":"3725137","t":736612,"r":707112,"q":7.72,"p":8.0,"mot":"U","mo":0.0}],"mwc":5000,"ctm":true},{"mi":"335200","s":"Рыбная мука","pi":"335184","v":175888,"q":11.89,"c":52.72,"tl":8.0,"ir":[{"cn":"Maxi-Co LTD","pi":"1482","ui":"3187098","t":4936201,"r":4318345,"q":37.66,"p":6.0,"mot":"U","mo":0.0},{"cn":"Ackermann Industries International","pi":"335174","ui":"3231405","t":334771,"r":299496,"q":5.95,"p":7.74,"mot":"U","mo":0.0}],"mwc":5000,"ctm":true},{"mi":"335200","s":"Рыбная мука","pi":"335184","v":175888,"q":13.65,"c":61.76,"tl":8.0,"ir":[{"cn":"Maxi-Co LTD","pi":"1482","ui":"3187098","t":4936201,"r":4318345,"q":37.66,"p":6.0,"mot":"U","mo":0.0},{"cn":"Engkari corp","pi":"335174","ui":"3806805","t":8353133,"r":8195071,"q":9.33,"p":10.0,"mot":"U","mo":0.0}],"mwc":5000,"ctm":true},{"mi":"335200","s":"Рыбная мука","pi":"335184","v":184682,"q":13.86,"c":52.87,"tl":9.0,"ir":[{"cn":"Maxi-Co LTD","pi":"1482","ui":"3187098","t":4936201,"r":4318345,"q":37.66,"p":6.0,"mot":"U","mo":0.0},{"cn":"Ellipsis","pi":"335174","ui":"3725137","t":736612,"r":707112,"q":7.72,"p":8.0,"mot":"U","mo":0.0}],"mwc":5000,"ctm":true},{"mi":"335200","s":"Рыбная мука","pi":"335184","v":184682,"q":12.84,"c":51.83,"tl":9.0,"ir":[{"cn":"Maxi-Co LTD","pi":"1482","ui":"3187098","t":4936201,"r":4318345,"q":37.66,"p":6.0,"mot":"U","mo":0.0},{"cn":"Ackermann Industries International","pi":"335174","ui":"3231405","t":334771,"r":299496,"q":5.95,"p":7.74,"mot":"U","mo":0.0}],"mwc":5000,"ctm":true},{"mi":"335200","s":"Рыбная мука","pi":"335184","v":184682,"q":14.73,"c":60.87,"tl":9.0,"ir":[{"cn":"Maxi-Co LTD","pi":"1482","ui":"3187098","t":4936201,"r":4318345,"q":37.66,"p":6.0,"mot":"U","mo":0.0},{"cn":"Engkari corp","pi":"335174","ui":"3806805","t":8353133,"r":8195071,"q":9.33,"p":10.0,"mot":"U","mo":0.0}],"mwc":5000,"ctm":true},{"mi":"335200","s":"Рыбная мука","pi":"335184","v":193916,"q":14.85,"c":52.02,"tl":10.0,"ir":[{"cn":"Maxi-Co LTD","pi":"1482","ui":"3187098","t":4936201,"r":4318345,"q":37.66,"p":6.0,"mot":"U","mo":0.0},{"cn":"Ellipsis","pi":"335174","ui":"3725137","t":736612,"r":707112,"q":7.72,"p":8.0,"mot":"U","mo":0.0}],"mwc":5000,"ctm":true},{"mi":"335200","s":"Рыбная мука","pi":"335184","v":193916,"q":13.75,"c":50.98,"tl":10.0,"ir":[{"cn":"Maxi-Co LTD","pi":"1482","ui":"3187098","t":4936201,"r":4318345,"q":37.66,"p":6.0,"mot":"U","mo":0.0},{"cn":"Ackermann Industries International","pi":"335174","ui":"3231405","t":334771,"r":299496,"q":5.95,"p":7.74,"mot":"U","mo":0.0}],"mwc":5000,"ctm":true},{"mi":"335200","s":"Рыбная мука","pi":"335184","v":193916,"q":15.78,"c":60.02,"tl":10.0,"ir":[{"cn":"Maxi-Co LTD","pi":"1482","ui":"3187098","t":4936201,"r":4318345,"q":37.66,"p":6.0,"mot":"U","mo":0.0},{"cn":"Engkari corp","pi":"335174","ui":"3806805","t":8353133,"r":8195071,"q":9.33,"p":10.0,"mot":"U","mo":0.0}],"mwc":5000,"ctm":true},{"mi":"335200","s":"Рыбная мука","pi":"335184","v":203612,"q":15.8,"c":51.21,"tl":11.0,"ir":[{"cn":"Maxi-Co LTD","pi":"1482","ui":"3187098","t":4936201,"r":4318345,"q":37.66,"p":6.0,"mot":"U","mo":0.0},{"cn":"Ellipsis","pi":"335174","ui":"3725137","t":736612,"r":707112,"q":7.72,"p":8.0,"mot":"U","mo":0.0}],"mwc":5000,"ctm":true},{"mi":"335200","s":"Рыбная мука","pi":"335184","v":203612,"q":14.63,"c":50.17,"tl":11.0,"ir":[{"cn":"Maxi-Co LTD","pi":"1482","ui":"3187098","t":4936201,"r":4318345,"q":37.66,"p":6.0,"mot":"U","mo":0.0},{"cn":"Ackermann Industries International","pi":"335174","ui":"3231405","t":334771,"r":299496,"q":5.95,"p":7.74,"mot":"U","mo":0.0}],"mwc":5000,"ctm":true},{"mi":"335200","s":"Рыбная мука","pi":"335184","v":203612,"q":16.79,"c":59.21,"tl":11.0,"ir":[{"cn":"Maxi-Co LTD","pi":"1482","ui":"3187098","t":4936201,"r":4318345,"q":37.66,"p":6.0,"mot":"U","mo":0.0},{"cn":"Engkari corp","pi":"335174","ui":"3806805","t":8353133,"r":8195071,"q":9.33,"p":10.0,"mot":"U","mo":0.0}],"mwc":5000,"ctm":true},{"mi":"335200","s":"Рыбная мука","pi":"335184","v":213792,"q":16.71,"c":50.44,"tl":12.0,"ir":[{"cn":"Maxi-Co LTD","pi":"1482","ui":"3187098","t":4936201,"r":4318345,"q":37.66,"p":6.0,"mot":"U","mo":0.0},{"cn":"Ellipsis","pi":"335174","ui":"3725137","t":736612,"r":707112,"q":7.72,"p":8.0,"mot":"U","mo":0.0}],"mwc":5000,"ctm":true},{"mi":"335200","s":"Рыбная мука","pi":"335184","v":213792,"q":15.48,"c":49.4,"tl":12.0,"ir":[{"cn":"Maxi-Co LTD","pi":"1482","ui":"3187098","t":4936201,"r":4318345,"q":37.66,"p":6.0,"mot":"U","mo":0.0},{"cn":"Ackermann Industries International","pi":"335174","ui":"3231405","t":334771,"r":299496,"q":5.95,"p":7.74,"mot":"U","mo":0.0}],"mwc":5000,"ctm":true},{"mi":"335200","s":"Рыбная мука","pi":"335184","v":213792,"q":17.76,"c":58.44,"tl":12.0,"ir":[{"cn":"Maxi-Co LTD","pi":"1482","ui":"3187098","t":4936201,"r":4318345,"q":37.66,"p":6.0,"mot":"U","mo":0.0},{"cn":"Engkari corp","pi":"335174","ui":"3806805","t":8353133,"r":8195071,"q":9.33,"p":10.0,"mot":"U","mo":0.0}],"mwc":5000,"ctm":true},{"mi":"335200","s":"Рыбная мука","pi":"335184","v":224482,"q":17.61,"c":49.7,"tl":13.0,"ir":[{"cn":"Maxi-Co LTD","pi":"1482","ui":"3187098","t":4936201,"r":4318345,"q":37.66,"p":6.0,"mot":"U","mo":0.0},{"cn":"Ellipsis","pi":"335174","ui":"3725137","t":736612,"r":707112,"q":7.72,"p":8.0,"mot":"U","mo":0.0}],"mwc":5000,"ctm":true},{"mi":"335200","s":"Рыбная мука","pi":"335184","v":224482,"q":16.3,"c":48.66,"tl":13.0,"ir":[{"cn":"Maxi-Co LTD","pi":"1482","ui":"3187098","t":4936201,"r":4318345,"q":37.66,"p":6.0,"mot":"U","mo":0.0},{"cn":"Ackermann Industries International","pi":"335174","ui":"3231405","t":334771,"r":299496,"q":5.95,"p":7.74,"mot":"U","mo":0.0}],"mwc":5000,"ctm":true},{"mi":"335200","s":"Рыбная мука","pi":"335184","v":224482,"q":18.71,"c":57.7,"tl":13.0,"ir":[{"cn":"Maxi-Co LTD","pi":"1482","ui":"3187098","t":4936201,"r":4318345,"q":37.66,"p":6.0,"mot":"U","mo":0.0},{"cn":"Engkari corp","pi":"335174","ui":"3806805","t":8353133,"r":8195071,"q":9.33,"p":10.0,"mot":"U","mo":0.0}],"mwc":5000,"ctm":true},{"mi":"2421","s":"Медовуха","pi":"1502","v":481324,"q":38.57,"c":54.14,"tl":19.0,"ir":[{"cn":"Engkari corp","pi":"1481","ui":"3799838","t":1966726,"r":1940400,"q":16.48,"p":35.21,"mot":"U","mo":0.0},{"cn":"Engkari corp","pi":"423151","ui":"3796652","t":62361,"r":47311,"q":30.01,"p":45.52,"mot":"U","mo":0.0}],"mwc":2500,"ctm":true},{"mi":"2421","s":"Медовуха","pi":"1502","v":481324,"q":38.62,"c":54.48,"tl":19.0,"ir":[{"cn":"Engkari corp","pi":"1481","ui":"3806795","t":953425,"r":923899,"q":18.06,"p":42.17,"mot":"U","mo":0.0},{"cn":"Engkari corp","pi":"423151","ui":"3796652","t":62361,"r":47311,"q":30.01,"p":45.52,"mot":"U","mo":0.0}],"mwc":2500,"ctm":true},{"mi":"2421","s":"Медовуха","pi":"1502","v":481324,"q":38.81,"c":54.88,"tl":19.0,"ir":[{"cn":"hj corp","pi":"1481","ui":"3253893","t":449394,"r":361010,"q":24.08,"p":50.0,"mot":"U","mo":0.0},{"cn":"Engkari corp","pi":"423151","ui":"3796652","t":62361,"r":47311,"q":30.01,"p":45.52,"mot":"U","mo":0.0}],"mwc":2500,"ctm":true},{"mi":"2421","s":"Медовуха","pi":"1502","v":505390,"q":39.88,"c":53.81,"tl":20.0,"ir":[{"cn":"Engkari corp","pi":"1481","ui":"3799838","t":1966726,"r":1940400,"q":16.48,"p":35.21,"mot":"U","mo":0.0},{"cn":"Engkari corp","pi":"423151","ui":"3796652","t":62361,"r":47311,"q":30.01,"p":45.52,"mot":"U","mo":0.0}],"mwc":2500,"ctm":true},{"mi":"2421","s":"Медовуха","pi":"1502","v":505390,"q":39.93,"c":54.16,"tl":20.0,"ir":[{"cn":"Engkari corp","pi":"1481","ui":"3806795","t":953425,"r":923899,"q":18.06,"p":42.17,"mot":"U","mo":0.0},{"cn":"Engkari corp","pi":"423151","ui":"3796652","t":62361,"r":47311,"q":30.01,"p":45.52,"mot":"U","mo":0.0}],"mwc":2500,"ctm":true},{"mi":"2421","s":"Медовуха","pi":"1502","v":505390,"q":40.13,"c":54.55,"tl":20.0,"ir":[{"cn":"hj corp","pi":"1481","ui":"3253893","t":449394,"r":361010,"q":24.08,"p":50.0,"mot":"U","mo":0.0},{"cn":"Engkari corp","pi":"423151","ui":"3796652","t":62361,"r":47311,"q":30.01,"p":45.52,"mot":"U","mo":0.0}],"mwc":2500,"ctm":true},{"mi":"2421","s":"Медовуха","pi":"1502","v":530660,"q":41.17,"c":53.5,"tl":21.0,"ir":[{"cn":"Engkari corp","pi":"1481","ui":"3799838","t":1966726,"r":1940400,"q":16.48,"p":35.21,"mot":"U","mo":0.0},{"cn":"Engkari corp","pi":"423151","ui":"3796652","t":62361,"r":47311,"q":30.01,"p":45.52,"mot":"U","mo":0.0}],"mwc":2500,"ctm":true},{"mi":"2421","s":"Медовуха","pi":"1502","v":530660,"q":41.22,"c":53.85,"tl":21.0,"ir":[{"cn":"Engkari corp","pi":"1481","ui":"3806795","t":953425,"r":923899,"q":18.06,"p":42.17,"mot":"U","mo":0.0},{"cn":"Engkari corp","pi":"423151","ui":"3796652","t":62361,"r":47311,"q":30.01,"p":45.52,"mot":"U","mo":0.0}],"mwc":2500,"ctm":true},{"mi":"2421","s":"Медовуха","pi":"1502","v":530660,"q":41.04,"c":53.74,"tl":21.0,"ir":[{"cn":"Ellipsis","pi":"1481","ui":"3781764","t":171547,"r":133058,"q":12.58,"p":40.0,"mot":"U","mo":0.0},{"cn":"Engkari corp","pi":"423151","ui":"3796652","t":62361,"r":47311,"q":30.01,"p":45.52,"mot":"U","mo":0.0}],"mwc":2500,"ctm":true},{"mi":"2421","s":"Медовуха","pi":"1502","v":557193,"q":42.43,"c":53.2,"tl":22.0,"ir":[{"cn":"Engkari corp","pi":"1481","ui":"3799838","t":1966726,"r":1940400,"q":16.48,"p":35.21,"mot":"U","mo":0.0},{"cn":"Engkari corp","pi":"423151","ui":"3796652","t":62361,"r":47311,"q":30.01,"p":45.52,"mot":"U","mo":0.0}],"mwc":2500,"ctm":true},{"mi":"2421","s":"Медовуха","pi":"1502","v":557193,"q":42.49,"c":53.55,"tl":22.0,"ir":[{"cn":"Engkari corp","pi":"1481","ui":"3806795","t":953425,"r":923899,"q":18.06,"p":42.17,"mot":"U","mo":0.0},{"cn":"Engkari corp","pi":"423151","ui":"3796652","t":62361,"r":47311,"q":30.01,"p":45.52,"mot":"U","mo":0.0}],"mwc":2500,"ctm":true},{"mi":"2421","s":"Медовуха","pi":"1502","v":557193,"q":42.3,"c":53.44,"tl":22.0,"ir":[{"cn":"Ellipsis","pi":"1481","ui":"3781764","t":171547,"r":133058,"q":12.58,"p":40.0,"mot":"U","mo":0.0},{"cn":"Engkari corp","pi":"423151","ui":"3796652","t":62361,"r":47311,"q":30.01,"p":45.52,"mot":"U","mo":0.0}],"mwc":2500,"ctm":true},{"mi":"2421","s":"Медовуха","pi":"1502","v":585052,"q":43.67,"c":52.92,"tl":23.0,"ir":[{"cn":"Engkari corp","pi":"1481","ui":"3799838","t":1966726,"r":1940400,"q":16.48,"p":35.21,"mot":"U","mo":0.0},{"cn":"Engkari corp","pi":"423151","ui":"3796652","t":62361,"r":47311,"q":30.01,"p":45.52,"mot":"U","mo":0.0}],"mwc":2500,"ctm":true},{"mi":"2421","s":"Медовуха","pi":"1502","v":585052,"q":43.73,"c":53.27,"tl":23.0,"ir":[{"cn":"Engkari corp","pi":"1481","ui":"3806795","t":953425,"r":923899,"q":18.06,"p":42.17,"mot":"U","mo":0.0},{"cn":"Engkari corp","pi":"423151","ui":"3796652","t":62361,"r":47311,"q":30.01,"p":45.52,"mot":"U","mo":0.0}],"mwc":2500,"ctm":true},{"mi":"2421","s":"Медовуха","pi":"1502","v":585052,"q":43.54,"c":53.16,"tl":23.0,"ir":[{"cn":"Ellipsis","pi":"1481","ui":"3781764","t":171547,"r":133058,"q":12.58,"p":40.0,"mot":"U","mo":0.0},{"cn":"Engkari corp","pi":"423151","ui":"3796652","t":62361,"r":47311,"q":30.01,"p":45.52,"mot":"U","mo":0.0}],"mwc":2500,"ctm":true},{"mi":"2435","s":"Мобильные телефоны","pi":"1517","v":40000,"q":1.0,"c":100.04,"tl":1.0,"ir":[{"cn":"MAXWELL.inc","pi":"1477","ui":"3568963","t":43550,"r":43200,"q":1.01,"p":62.0,"mot":"U","mo":0.0},{"cn":"Engkari corp","pi":"1485","ui":"3782896","t":994844,"r":983103,"q":18.14,"p":51.38,"mot":"U","mo":0.0}],"mwc":5000,"ctm":true},{"mi":"2435","s":"Мобильные телефоны","pi":"1517","v":40000,"q":1.0,"c":100.9,"tl":1.0,"ir":[{"cn":"MAXWELL.inc","pi":"1477","ui":"3568963","t":43550,"r":43200,"q":1.01,"p":62.0,"mot":"U","mo":0.0},{"cn":"Russian Federation","pi":"1485","ui":"3195359","t":4407818,"r":4337548,"q":28.36,"p":60.0,"mot":"L","mo":30000.0}],"mwc":5000,"ctm":true},{"mi":"2435","s":"Мобильные телефоны","pi":"1517","v":40000,"q":1.0,"c":101.47,"tl":1.0,"ir":[{"cn":"MAXWELL.inc","pi":"1477","ui":"3568963","t":43550,"r":43200,"q":1.01,"p":62.0,"mot":"U","mo":0.0},{"cn":"Engkari corp","pi":"1485","ui":"3786620","t":82759,"r":71383,"q":18.73,"p":65.71,"mot":"U","mo":0.0}],"mwc":5000,"ctm":true},{"mi":"2435","s":"Мобильные телефоны","pi":"1517","v":42000,"q":2.46,"c":96.11,"tl":2.0,"ir":[{"cn":"MAXWELL.inc","pi":"1477","ui":"3568963","t":43550,"r":43200,"q":1.01,"p":62.0,"mot":"U","mo":0.0},{"cn":"Engkari corp","pi":"1485","ui":"3782896","t":994844,"r":983103,"q":18.14,"p":51.38,"mot":"U","mo":0.0}],"mwc":5000,"ctm":true},{"mi":"2435","s":"Мобильные телефоны","pi":"1517","v":42000,"q":2.46,"c":96.97,"tl":2.0,"ir":[{"cn":"MAXWELL.inc","pi":"1477","ui":"3568963","t":43550,"r":43200,"q":1.01,"p":62.0,"mot":"U","mo":0.0},{"cn":"Russian Federation","pi":"1485","ui":"3195359","t":4407818,"r":4337548,"q":28.36,"p":60.0,"mot":"L","mo":30000.0}],"mwc":5000,"ctm":true},{"mi":"2435","s":"Мобильные телефоны","pi":"1517","v":42000,"q":2.46,"c":97.54,"tl":2.0,"ir":[{"cn":"MAXWELL.inc","pi":"1477","ui":"3568963","t":43550,"r":43200,"q":1.01,"p":62.0,"mot":"U","mo":0.0},{"cn":"Engkari corp","pi":"1485","ui":"3786620","t":82759,"r":71383,"q":18.73,"p":65.71,"mot":"U","mo":0.0}],"mwc":5000,"ctm":true},{"mi":"2435","s":"Мобильные телефоны","pi":"1517","v":44100,"q":4.17,"c":92.37,"tl":3.0,"ir":[{"cn":"MAXWELL.inc","pi":"1477","ui":"3568963","t":43550,"r":43200,"q":1.01,"p":62.0,"mot":"U","mo":0.0},{"cn":"Engkari corp","pi":"1485","ui":"3782896","t":994844,"r":983103,"q":18.14,"p":51.38,"mot":"U","mo":0.0}],"mwc":5000,"ctm":true},{"mi":"2435","s":"Мобильные телефоны","pi":"1517","v":44100,"q":4.17,"c":93.23,"tl":3.0,"ir":[{"cn":"MAXWELL.inc","pi":"1477","ui":"3568963","t":43550,"r":43200,"q":1.01,"p":62.0,"mot":"U","mo":0.0},{"cn":"Russian Federation","pi":"1485","ui":"3195359","t":4407818,"r":4337548,"q":28.36,"p":60.0,"mot":"L","mo":30000.0}],"mwc":5000,"ctm":true},{"mi":"2435","s":"Мобильные телефоны","pi":"1517","v":44100,"q":4.17,"c":93.8,"tl":3.0,"ir":[{"cn":"MAXWELL.inc","pi":"1477","ui":"3568963","t":43550,"r":43200,"q":1.01,"p":62.0,"mot":"U","mo":0.0},{"cn":"Engkari corp","pi":"1485","ui":"3786620","t":82759,"r":71383,"q":18.73,"p":65.71,"mot":"U","mo":0.0}],"mwc":5000,"ctm":true},{"mi":"2435","s":"Мобильные телефоны","pi":"1517","v":46305,"q":6.06,"c":88.8,"tl":4.0,"ir":[{"cn":"MAXWELL.inc","pi":"1477","ui":"3568963","t":43550,"r":43200,"q":1.01,"p":62.0,"mot":"U","mo":0.0},{"cn":"Engkari corp","pi":"1485","ui":"3782896","t":994844,"r":983103,"q":18.14,"p":51.38,"mot":"U","mo":0.0}],"mwc":5000,"ctm":true},{"mi":"2435","s":"Мобильные телефоны","pi":"1517","v":46305,"q":6.06,"c":89.67,"tl":4.0,"ir":[{"cn":"MAXWELL.inc","pi":"1477","ui":"3568963","t":43550,"r":43200,"q":1.01,"p":62.0,"mot":"U","mo":0.0},{"cn":"Russian Federation","pi":"1485","ui":"3195359","t":4407818,"r":4337548,"q":28.36,"p":60.0,"mot":"L","mo":30000.0}],"mwc":5000,"ctm":true},{"mi":"2435","s":"Мобильные телефоны","pi":"1517","v":46305,"q":6.06,"c":90.24,"tl":4.0,"ir":[{"cn":"MAXWELL.inc","pi":"1477","ui":"3568963","t":43550,"r":43200,"q":1.01,"p":62.0,"mot":"U","mo":0.0},{"cn":"Engkari corp","pi":"1485","ui":"3786620","t":82759,"r":71383,"q":18.73,"p":65.71,"mot":"U","mo":0.0}],"mwc":5000,"ctm":true},{"mi":"2435","s":"Мобильные телефоны","pi":"1517","v":48620,"q":8.1,"c":86.27,"tl":5.0,"ir":[{"cn":"MAXWELL.inc","pi":"1477","ui":"3568963","t":43550,"r":43200,"q":1.01,"p":62.0,"mot":"U","mo":0.0},{"cn":"Russian Federation","pi":"1485","ui":"3195359","t":4407818,"r":4337548,"q":28.36,"p":60.0,"mot":"L","mo":30000.0}],"mwc":5000,"ctm":true},{"mi":"2435","s":"Мобильные телефоны","pi":"1517","v":48620,"q":7.38,"c":85.41,"tl":5.0,"ir":[{"cn":"MAXWELL.inc","pi":"1477","ui":"3568963","t":43550,"r":43200,"q":1.01,"p":62.0,"mot":"U","mo":0.0},{"cn":"Engkari corp","pi":"1485","ui":"3782896","t":994844,"r":983103,"q":18.14,"p":51.38,"mot":"U","mo":0.0}],"mwc":5000,"ctm":true},{"mi":"2435","s":"Мобильные телефоны","pi":"1517","v":48620,"q":7.49,"c":86.84,"tl":5.0,"ir":[{"cn":"MAXWELL.inc","pi":"1477","ui":"3568963","t":43550,"r":43200,"q":1.01,"p":62.0,"mot":"U","mo":0.0},{"cn":"Engkari corp","pi":"1485","ui":"3786620","t":82759,"r":71383,"q":18.73,"p":65.71,"mot":"U","mo":0.0}],"mwc":5000,"ctm":true},{"mi":"2435","s":"Мобильные телефоны","pi":"1517","v":51051,"q":10.2,"c":83.04,"tl":6.0,"ir":[{"cn":"MAXWELL.inc","pi":"1477","ui":"3568963","t":43550,"r":43200,"q":1.01,"p":62.0,"mot":"U","mo":0.0},{"cn":"Russian Federation","pi":"1485","ui":"3195359","t":4407818,"r":4337548,"q":28.36,"p":60.0,"mot":"L","mo":30000.0}],"mwc":5000,"ctm":true},{"mi":"2435","s":"Мобильные телефоны","pi":"1517","v":51051,"q":10.27,"c":99.78,"tl":6.0,"ir":[{"cn":"Ellipsis","pi":"1477","ui":"3727762","t":485883,"r":469278,"q":10.19,"p":150.0,"mot":"U","mo":0.0},{"cn":"Engkari corp","pi":"1485","ui":"3782896","t":994844,"r":983103,"q":18.14,"p":51.38,"mot":"U","mo":0.0}],"mwc":5000,"ctm":true},{"mi":"2435","s":"Мобильные телефоны","pi":"1517","v":51051,"q":10.27,"c":100.64,"tl":6.0,"ir":[{"cn":"Ellipsis","pi":"1477","ui":"3727762","t":485883,"r":469278,"q":10.19,"p":150.0,"mot":"U","mo":0.0},{"cn":"Russian Federation","pi":"1485","ui":"3195359","t":4407818,"r":4337548,"q":28.36,"p":60.0,"mot":"L","mo":30000.0}],"mwc":5000,"ctm":true},{"mi":"2435","s":"Мобильные телефоны","pi":"1517","v":53604,"q":11.27,"c":79.96,"tl":7.0,"ir":[{"cn":"MAXWELL.inc","pi":"1477","ui":"3568963","t":43550,"r":43200,"q":1.01,"p":62.0,"mot":"U","mo":0.0},{"cn":"Russian Federation","pi":"1485","ui":"3195359","t":4407818,"r":4337548,"q":28.36,"p":60.0,"mot":"L","mo":30000.0}],"mwc":5000,"ctm":true},{"mi":"2435","s":"Мобильные телефоны","pi":"1517","v":53604,"q":12.55,"c":96.7,"tl":7.0,"ir":[{"cn":"Ellipsis","pi":"1477","ui":"3727762","t":485883,"r":469278,"q":10.19,"p":150.0,"mot":"U","mo":0.0},{"cn":"Engkari corp","pi":"1485","ui":"3782896","t":994844,"r":983103,"q":18.14,"p":51.38,"mot":"U","mo":0.0}],"mwc":5000,"ctm":true},{"mi":"2435","s":"Мобильные телефоны","pi":"1517","v":53604,"q":12.55,"c":97.56,"tl":7.0,"ir":[{"cn":"Ellipsis","pi":"1477","ui":"3727762","t":485883,"r":469278,"q":10.19,"p":150.0,"mot":"U","mo":0.0},{"cn":"Russian Federation","pi":"1485","ui":"3195359","t":4407818,"r":4337548,"q":28.36,"p":60.0,"mot":"L","mo":30000.0}],"mwc":5000,"ctm":true},{"mi":"2435","s":"Мобильные телефоны","pi":"1517","v":56284,"q":12.3,"c":77.03,"tl":8.0,"ir":[{"cn":"MAXWELL.inc","pi":"1477","ui":"3568963","t":43550,"r":43200,"q":1.01,"p":62.0,"mot":"U","mo":0.0},{"cn":"Russian Federation","pi":"1485","ui":"3195359","t":4407818,"r":4337548,"q":28.36,"p":60.0,"mot":"L","mo":30000.0}],"mwc":5000,"ctm":true},{"mi":"2435","s":"Мобильные телефоны","pi":"1517","v":56284,"q":14.93,"c":94.63,"tl":8.0,"ir":[{"cn":"Ellipsis","pi":"1477","ui":"3727762","t":485883,"r":469278,"q":10.19,"p":150.0,"mot":"U","mo":0.0},{"cn":"Russian Federation","pi":"1485","ui":"3195359","t":4407818,"r":4337548,"q":28.36,"p":60.0,"mot":"L","mo":30000.0}],"mwc":5000,"ctm":true},{"mi":"2435","s":"Мобильные телефоны","pi":"1517","v":56284,"q":13.84,"c":93.77,"tl":8.0,"ir":[{"cn":"Ellipsis","pi":"1477","ui":"3727762","t":485883,"r":469278,"q":10.19,"p":150.0,"mot":"U","mo":0.0},{"cn":"Engkari corp","pi":"1485","ui":"3782896","t":994844,"r":983103,"q":18.14,"p":51.38,"mot":"U","mo":0.0}],"mwc":5000,"ctm":true},{"mi":"2435","s":"Мобильные телефоны","pi":"1517","v":59098,"q":16.81,"c":91.84,"tl":9.0,"ir":[{"cn":"Ellipsis","pi":"1477","ui":"3727762","t":485883,"r":469278,"q":10.19,"p":150.0,"mot":"U","mo":0.0},{"cn":"Russian Federation","pi":"1485","ui":"3195359","t":4407818,"r":4337548,"q":28.36,"p":60.0,"mot":"L","mo":30000.0}],"mwc":5000,"ctm":true},{"mi":"2435","s":"Мобильные телефоны","pi":"1517","v":59098,"q":13.27,"c":74.24,"tl":9.0,"ir":[{"cn":"MAXWELL.inc","pi":"1477","ui":"3568963","t":43550,"r":43200,"q":1.01,"p":62.0,"mot":"U","mo":0.0},{"cn":"Russian Federation","pi":"1485","ui":"3195359","t":4407818,"r":4337548,"q":28.36,"p":60.0,"mot":"L","mo":30000.0}],"mwc":5000,"ctm":true},{"mi":"2435","s":"Мобильные телефоны","pi":"1517","v":59098,"q":14.95,"c":90.98,"tl":9.0,"ir":[{"cn":"Ellipsis","pi":"1477","ui":"3727762","t":485883,"r":469278,"q":10.19,"p":150.0,"mot":"U","mo":0.0},{"cn":"Engkari corp","pi":"1485","ui":"3782896","t":994844,"r":983103,"q":18.14,"p":51.38,"mot":"U","mo":0.0}],"mwc":5000,"ctm":true},{"mi":"2435","s":"Мобильные телефоны","pi":"1517","v":62053,"q":18.0,"c":89.18,"tl":10.0,"ir":[{"cn":"Ellipsis","pi":"1477","ui":"3727762","t":485883,"r":469278,"q":10.19,"p":150.0,"mot":"U","mo":0.0},{"cn":"Russian Federation","pi":"1485","ui":"3195359","t":4407818,"r":4337548,"q":28.36,"p":60.0,"mot":"L","mo":30000.0}],"mwc":5000,"ctm":true},{"mi":"2435","s":"Мобильные телефоны","pi":"1517","v":62053,"q":14.21,"c":71.58,"tl":10.0,"ir":[{"cn":"MAXWELL.inc","pi":"1477","ui":"3568963","t":43550,"r":43200,"q":1.01,"p":62.0,"mot":"U","mo":0.0},{"cn":"Russian Federation","pi":"1485","ui":"3195359","t":4407818,"r":4337548,"q":28.36,"p":60.0,"mot":"L","mo":30000.0}],"mwc":5000,"ctm":true},{"mi":"2435","s":"Мобильные телефоны","pi":"1517","v":62053,"q":19.95,"c":108.32,"tl":10.0,"ir":[{"cn":"hj corp","pi":"1477","ui":"3809769","t":460575,"r":403063,"q":24.95,"p":250.0,"mot":"U","mo":0.0},{"cn":"Engkari corp","pi":"1485","ui":"3782896","t":994844,"r":983103,"q":18.14,"p":51.38,"mot":"U","mo":0.0}],"mwc":5000,"ctm":true},{"mi":"2435","s":"Мобильные телефоны","pi":"1517","v":65156,"q":19.16,"c":86.65,"tl":11.0,"ir":[{"cn":"Ellipsis","pi":"1477","ui":"3727762","t":485883,"r":469278,"q":10.19,"p":150.0,"mot":"U","mo":0.0},{"cn":"Russian Federation","pi":"1485","ui":"3195359","t":4407818,"r":4337548,"q":28.36,"p":60.0,"mot":"L","mo":30000.0}],"mwc":5000,"ctm":true},{"mi":"2435","s":"Мобильные телефоны","pi":"1517","v":65156,"q":15.12,"c":69.05,"tl":11.0,"ir":[{"cn":"MAXWELL.inc","pi":"1477","ui":"3568963","t":43550,"r":43200,"q":1.01,"p":62.0,"mot":"U","mo":0.0},{"cn":"Russian Federation","pi":"1485","ui":"3195359","t":4407818,"r":4337548,"q":28.36,"p":60.0,"mot":"L","mo":30000.0}],"mwc":5000,"ctm":true},{"mi":"2435","s":"Мобильные телефоны","pi":"1517","v":65156,"q":22.58,"c":105.79,"tl":11.0,"ir":[{"cn":"hj corp","pi":"1477","ui":"3809769","t":460575,"r":403063,"q":24.95,"p":250.0,"mot":"U","mo":0.0},{"cn":"Engkari corp","pi":"1485","ui":"3782896","t":994844,"r":983103,"q":18.14,"p":51.38,"mot":"U","mo":0.0}],"mwc":5000,"ctm":true},{"mi":"2435","s":"Мобильные телефоны","pi":"1517","v":68414,"q":25.29,"c":104.24,"tl":12.0,"ir":[{"cn":"hj corp","pi":"1477","ui":"3809769","t":460575,"r":403063,"q":24.95,"p":250.0,"mot":"U","mo":0.0},{"cn":"Russian Federation","pi":"1485","ui":"3195359","t":4407818,"r":4337548,"q":28.36,"p":60.0,"mot":"L","mo":30000.0}],"mwc":5000,"ctm":true},{"mi":"2435","s":"Мобильные телефоны","pi":"1517","v":68414,"q":20.27,"c":84.24,"tl":12.0,"ir":[{"cn":"Ellipsis","pi":"1477","ui":"3727762","t":485883,"r":469278,"q":10.19,"p":150.0,"mot":"U","mo":0.0},{"cn":"Russian Federation","pi":"1485","ui":"3195359","t":4407818,"r":4337548,"q":28.36,"p":60.0,"mot":"L","mo":30000.0}],"mwc":5000,"ctm":true},{"mi":"2435","s":"Мобильные телефоны","pi":"1517","v":68414,"q":16.0,"c":66.64,"tl":12.0,"ir":[{"cn":"MAXWELL.inc","pi":"1477","ui":"3568963","t":43550,"r":43200,"q":1.01,"p":62.0,"mot":"U","mo":0.0},{"cn":"Russian Federation","pi":"1485","ui":"3195359","t":4407818,"r":4337548,"q":28.36,"p":60.0,"mot":"L","mo":30000.0}],"mwc":5000,"ctm":true},{"mi":"2435","s":"Мобильные телефоны","pi":"1517","v":71834,"q":27.06,"c":101.94,"tl":13.0,"ir":[{"cn":"hj corp","pi":"1477","ui":"3809769","t":460575,"r":403063,"q":24.95,"p":250.0,"mot":"U","mo":0.0},{"cn":"Russian Federation","pi":"1485","ui":"3195359","t":4407818,"r":4337548,"q":28.36,"p":60.0,"mot":"L","mo":30000.0}],"mwc":5000,"ctm":true},{"mi":"2435","s":"Мобильные телефоны","pi":"1517","v":71834,"q":16.86,"c":64.34,"tl":13.0,"ir":[{"cn":"MAXWELL.inc","pi":"1477","ui":"3568963","t":43550,"r":43200,"q":1.01,"p":62.0,"mot":"U","mo":0.0},{"cn":"Russian Federation","pi":"1485","ui":"3195359","t":4407818,"r":4337548,"q":28.36,"p":60.0,"mot":"L","mo":30000.0}],"mwc":5000,"ctm":true},{"mi":"2435","s":"Мобильные телефоны","pi":"1517","v":71834,"q":21.35,"c":81.94,"tl":13.0,"ir":[{"cn":"Ellipsis","pi":"1477","ui":"3727762","t":485883,"r":469278,"q":10.19,"p":150.0,"mot":"U","mo":0.0},{"cn":"Russian Federation","pi":"1485","ui":"3195359","t":4407818,"r":4337548,"q":28.36,"p":60.0,"mot":"L","mo":30000.0}],"mwc":5000,"ctm":true},{"mi":"2435","s":"Мобильные телефоны","pi":"1517","v":75426,"q":17.69,"c":62.15,"tl":14.0,"ir":[{"cn":"MAXWELL.inc","pi":"1477","ui":"3568963","t":43550,"r":43200,"q":1.01,"p":62.0,"mot":"U","mo":0.0},{"cn":"Russian Federation","pi":"1485","ui":"3195359","t":4407818,"r":4337548,"q":28.36,"p":60.0,"mot":"L","mo":30000.0}],"mwc":5000,"ctm":true},{"mi":"2435","s":"Мобильные телефоны","pi":"1517","v":75426,"q":28.39,"c":99.75,"tl":14.0,"ir":[{"cn":"hj corp","pi":"1477","ui":"3809769","t":460575,"r":403063,"q":24.95,"p":250.0,"mot":"U","mo":0.0},{"cn":"Russian Federation","pi":"1485","ui":"3195359","t":4407818,"r":4337548,"q":28.36,"p":60.0,"mot":"L","mo":30000.0}],"mwc":5000,"ctm":true},{"mi":"2435","s":"Мобильные телефоны","pi":"1517","v":75426,"q":22.41,"c":79.75,"tl":14.0,"ir":[{"cn":"Ellipsis","pi":"1477","ui":"3727762","t":485883,"r":469278,"q":10.19,"p":150.0,"mot":"U","mo":0.0},{"cn":"Russian Federation","pi":"1485","ui":"3195359","t":4407818,"r":4337548,"q":28.36,"p":60.0,"mot":"L","mo":30000.0}],"mwc":5000,"ctm":true},{"mi":"2435","s":"Мобильные телефоны","pi":"1517","v":79197,"q":18.5,"c":60.07,"tl":15.0,"ir":[{"cn":"MAXWELL.inc","pi":"1477","ui":"3568963","t":43550,"r":43200,"q":1.01,"p":62.0,"mot":"U","mo":0.0},{"cn":"Russian Federation","pi":"1485","ui":"3195359","t":4407818,"r":4337548,"q":28.36,"p":60.0,"mot":"L","mo":30000.0}],"mwc":5000,"ctm":true},{"mi":"2435","s":"Мобильные телефоны","pi":"1517","v":79197,"q":29.69,"c":97.67,"tl":15.0,"ir":[{"cn":"hj corp","pi":"1477","ui":"3809769","t":460575,"r":403063,"q":24.95,"p":250.0,"mot":"U","mo":0.0},{"cn":"Russian Federation","pi":"1485","ui":"3195359","t":4407818,"r":4337548,"q":28.36,"p":60.0,"mot":"L","mo":30000.0}],"mwc":5000,"ctm":true},{"mi":"2435","s":"Мобильные телефоны","pi":"1517","v":79197,"q":23.43,"c":77.67,"tl":15.0,"ir":[{"cn":"Ellipsis","pi":"1477","ui":"3727762","t":485883,"r":469278,"q":10.19,"p":150.0,"mot":"U","mo":0.0},{"cn":"Russian Federation","pi":"1485","ui":"3195359","t":4407818,"r":4337548,"q":28.36,"p":60.0,"mot":"L","mo":30000.0}],"mwc":5000,"ctm":true},{"mi":"2435","s":"Мобильные телефоны","pi":"1517","v":83157,"q":19.29,"c":58.08,"tl":16.0,"ir":[{"cn":"MAXWELL.inc","pi":"1477","ui":"3568963","t":43550,"r":43200,"q":1.01,"p":62.0,"mot":"U","mo":0.0},{"cn":"Russian Federation","pi":"1485","ui":"3195359","t":4407818,"r":4337548,"q":28.36,"p":60.0,"mot":"L","mo":30000.0}],"mwc":5000,"ctm":true},{"mi":"2435","s":"Мобильные телефоны","pi":"1517","v":83157,"q":30.97,"c":95.68,"tl":16.0,"ir":[{"cn":"hj corp","pi":"1477","ui":"3809769","t":460575,"r":403063,"q":24.95,"p":250.0,"mot":"U","mo":0.0},{"cn":"Russian Federation","pi":"1485","ui":"3195359","t":4407818,"r":4337548,"q":28.36,"p":60.0,"mot":"L","mo":30000.0}],"mwc":5000,"ctm":true},{"mi":"2435","s":"Мобильные телефоны","pi":"1517","v":83157,"q":24.44,"c":75.68,"tl":16.0,"ir":[{"cn":"Ellipsis","pi":"1477","ui":"3727762","t":485883,"r":469278,"q":10.19,"p":150.0,"mot":"U","mo":0.0},{"cn":"Russian Federation","pi":"1485","ui":"3195359","t":4407818,"r":4337548,"q":28.36,"p":60.0,"mot":"L","mo":30000.0}],"mwc":5000,"ctm":true},{"mi":"2435","s":"Мобильные телефоны","pi":"1517","v":87315,"q":20.07,"c":56.19,"tl":17.0,"ir":[{"cn":"MAXWELL.inc","pi":"1477","ui":"3568963","t":43550,"r":43200,"q":1.01,"p":62.0,"mot":"U","mo":0.0},{"cn":"Russian Federation","pi":"1485","ui":"3195359","t":4407818,"r":4337548,"q":28.36,"p":60.0,"mot":"L","mo":30000.0}],"mwc":5000,"ctm":true},{"mi":"2435","s":"Мобильные телефоны","pi":"1517","v":87315,"q":25.42,"c":73.79,"tl":17.0,"ir":[{"cn":"Ellipsis","pi":"1477","ui":"3727762","t":485883,"r":469278,"q":10.19,"p":150.0,"mot":"U","mo":0.0},{"cn":"Russian Federation","pi":"1485","ui":"3195359","t":4407818,"r":4337548,"q":28.36,"p":60.0,"mot":"L","mo":30000.0}],"mwc":5000,"ctm":true},{"mi":"2435","s":"Мобильные телефоны","pi":"1517","v":87315,"q":32.21,"c":93.79,"tl":17.0,"ir":[{"cn":"hj corp","pi":"1477","ui":"3809769","t":460575,"r":403063,"q":24.95,"p":250.0,"mot":"U","mo":0.0},{"cn":"Russian Federation","pi":"1485","ui":"3195359","t":4407818,"r":4337548,"q":28.36,"p":60.0,"mot":"L","mo":30000.0}],"mwc":5000,"ctm":true},{"mi":"2435","s":"Мобильные телефоны","pi":"1517","v":91681,"q":20.83,"c":54.39,"tl":18.0,"ir":[{"cn":"MAXWELL.inc","pi":"1477","ui":"3568963","t":43550,"r":43200,"q":1.01,"p":62.0,"mot":"U","mo":0.0},{"cn":"Russian Federation","pi":"1485","ui":"3195359","t":4407818,"r":4337548,"q":28.36,"p":60.0,"mot":"L","mo":30000.0}],"mwc":5000,"ctm":true},{"mi":"2435","s":"Мобильные телефоны","pi":"1517","v":91681,"q":26.38,"c":71.99,"tl":18.0,"ir":[{"cn":"Ellipsis","pi":"1477","ui":"3727762","t":485883,"r":469278,"q":10.19,"p":150.0,"mot":"U","mo":0.0},{"cn":"Russian Federation","pi":"1485","ui":"3195359","t":4407818,"r":4337548,"q":28.36,"p":60.0,"mot":"L","mo":30000.0}],"mwc":5000,"ctm":true},{"mi":"2435","s":"Мобильные телефоны","pi":"1517","v":91681,"q":33.43,"c":91.99,"tl":18.0,"ir":[{"cn":"hj corp","pi":"1477","ui":"3809769","t":460575,"r":403063,"q":24.95,"p":250.0,"mot":"U","mo":0.0},{"cn":"Russian Federation","pi":"1485","ui":"3195359","t":4407818,"r":4337548,"q":28.36,"p":60.0,"mot":"L","mo":30000.0}],"mwc":5000,"ctm":true},{"mi":"2435","s":"Мобильные телефоны","pi":"1517","v":96265,"q":21.57,"c":52.68,"tl":19.0,"ir":[{"cn":"MAXWELL.inc","pi":"1477","ui":"3568963","t":43550,"r":43200,"q":1.01,"p":62.0,"mot":"U","mo":0.0},{"cn":"Russian Federation","pi":"1485","ui":"3195359","t":4407818,"r":4337548,"q":28.36,"p":60.0,"mot":"L","mo":30000.0}],"mwc":5000,"ctm":true},{"mi":"2435","s":"Мобильные телефоны","pi":"1517","v":96265,"q":27.33,"c":70.28,"tl":19.0,"ir":[{"cn":"Ellipsis","pi":"1477","ui":"3727762","t":485883,"r":469278,"q":10.19,"p":150.0,"mot":"U","mo":0.0},{"cn":"Russian Federation","pi":"1485","ui":"3195359","t":4407818,"r":4337548,"q":28.36,"p":60.0,"mot":"L","mo":30000.0}],"mwc":5000,"ctm":true},{"mi":"2435","s":"Мобильные телефоны","pi":"1517","v":96265,"q":34.63,"c":90.28,"tl":19.0,"ir":[{"cn":"hj corp","pi":"1477","ui":"3809769","t":460575,"r":403063,"q":24.95,"p":250.0,"mot":"U","mo":0.0},{"cn":"Russian Federation","pi":"1485","ui":"3195359","t":4407818,"r":4337548,"q":28.36,"p":60.0,"mot":"L","mo":30000.0}],"mwc":5000,"ctm":true},{"mi":"2435","s":"Мобильные телефоны","pi":"1517","v":101078,"q":22.31,"c":51.05,"tl":20.0,"ir":[{"cn":"MAXWELL.inc","pi":"1477","ui":"3568963","t":43550,"r":43200,"q":1.01,"p":62.0,"mot":"U","mo":0.0},{"cn":"Russian Federation","pi":"1485","ui":"3195359","t":4407818,"r":4337548,"q":28.36,"p":60.0,"mot":"L","mo":30000.0}],"mwc":5000,"ctm":true},{"mi":"2435","s":"Мобильные телефоны","pi":"1517","v":101078,"q":28.25,"c":68.65,"tl":20.0,"ir":[{"cn":"Ellipsis","pi":"1477","ui":"3727762","t":485883,"r":469278,"q":10.19,"p":150.0,"mot":"U","mo":0.0},{"cn":"Russian Federation","pi":"1485","ui":"3195359","t":4407818,"r":4337548,"q":28.36,"p":60.0,"mot":"L","mo":30000.0}],"mwc":5000,"ctm":true},{"mi":"2435","s":"Мобильные телефоны","pi":"1517","v":101078,"q":35.8,"c":88.65,"tl":20.0,"ir":[{"cn":"hj corp","pi":"1477","ui":"3809769","t":460575,"r":403063,"q":24.95,"p":250.0,"mot":"U","mo":0.0},{"cn":"Russian Federation","pi":"1485","ui":"3195359","t":4407818,"r":4337548,"q":28.36,"p":60.0,"mot":"L","mo":30000.0}],"mwc":5000,"ctm":true},{"mi":"2412","s":"Кожаная одежда","pi":"1520","v":26062,"q":56.46,"c":252.62,"tl":11.0,"ir":[{"cn":"Ellipsis","pi":"1474","ui":"3843514","t":11328,"r":9632,"q":21.76,"p":60.0,"mot":"U","mo":0.0},{"cn":"Maxi-Co LTD","pi":"1482","ui":"3187098","t":4936201,"r":4318345,"q":37.66,"p":6.0,"mot":"U","mo":0.0}],"mwc":5000,"ctm":true},{"mi":"2412","s":"Кожаная одежда","pi":"1520","v":26062,"q":56.46,"c":1132.62,"tl":11.0,"ir":[{"cn":"hj corp","pi":"1474","ui":"3796406","t":1077713,"r":903856,"q":20.07,"p":500.0,"mot":"U","mo":0.0},{"cn":"Maxi-Co LTD","pi":"1482","ui":"3187098","t":4936201,"r":4318345,"q":37.66,"p":6.0,"mot":"U","mo":0.0}],"mwc":5000,"ctm":true},{"mi":"2412","s":"Кожаная одежда","pi":"1520","v":27365,"q":63.22,"c":246.59,"tl":12.0,"ir":[{"cn":"Ellipsis","pi":"1474","ui":"3843514","t":11328,"r":9632,"q":21.76,"p":60.0,"mot":"U","mo":0.0},{"cn":"Maxi-Co LTD","pi":"1482","ui":"3187098","t":4936201,"r":4318345,"q":37.66,"p":6.0,"mot":"U","mo":0.0}],"mwc":5000,"ctm":true},{"mi":"2412","s":"Кожаная одежда","pi":"1520","v":27365,"q":54.69,"c":255.59,"tl":12.0,"ir":[{"cn":"Ellipsis","pi":"1474","ui":"3843514","t":11328,"r":9632,"q":21.76,"p":60.0,"mot":"U","mo":0.0},{"cn":"Ellipsis","pi":"1482","ui":"3821887","t":4897167,"r":4812167,"q":13.26,"p":15.0,"mot":"U","mo":0.0}],"mwc":5000,"ctm":true},{"mi":"2412","s":"Кожаная одежда","pi":"1520","v":27365,"q":53.7,"c":300.29,"tl":12.0,"ir":[{"cn":"Ellipsis","pi":"1474","ui":"3843514","t":11328,"r":9632,"q":21.76,"p":60.0,"mot":"U","mo":0.0},{"cn":"Ackermann Industries International","pi":"1482","ui":"3228604","t":44296,"r":44280,"q":11.22,"p":59.7,"mot":"U","mo":0.0}],"mwc":5000,"ctm":true},{"mi":"2412","s":"Кожаная одежда","pi":"1520","v":28734,"q":68.89,"c":240.85,"tl":13.0,"ir":[{"cn":"Ellipsis","pi":"1474","ui":"3843514","t":11328,"r":9632,"q":21.76,"p":60.0,"mot":"U","mo":0.0},{"cn":"Maxi-Co LTD","pi":"1482","ui":"3187098","t":4936201,"r":4318345,"q":37.66,"p":6.0,"mot":"U","mo":0.0}],"mwc":5000,"ctm":true},{"mi":"2412","s":"Кожаная одежда","pi":"1520","v":28734,"q":57.62,"c":249.85,"tl":13.0,"ir":[{"cn":"Ellipsis","pi":"1474","ui":"3843514","t":11328,"r":9632,"q":21.76,"p":60.0,"mot":"U","mo":0.0},{"cn":"Ellipsis","pi":"1482","ui":"3821887","t":4897167,"r":4812167,"q":13.26,"p":15.0,"mot":"U","mo":0.0}],"mwc":5000,"ctm":true},{"mi":"2412","s":"Кожаная одежда","pi":"1520","v":28734,"q":56.57,"c":294.55,"tl":13.0,"ir":[{"cn":"Ellipsis","pi":"1474","ui":"3843514","t":11328,"r":9632,"q":21.76,"p":60.0,"mot":"U","mo":0.0},{"cn":"Ackermann Industries International","pi":"1482","ui":"3228604","t":44296,"r":44280,"q":11.22,"p":59.7,"mot":"U","mo":0.0}],"mwc":5000,"ctm":true},{"mi":"2412","s":"Кожаная одежда","pi":"1520","v":30170,"q":72.29,"c":235.38,"tl":14.0,"ir":[{"cn":"Ellipsis","pi":"1474","ui":"3843514","t":11328,"r":9632,"q":21.76,"p":60.0,"mot":"U","mo":0.0},{"cn":"Maxi-Co LTD","pi":"1482","ui":"3187098","t":4936201,"r":4318345,"q":37.66,"p":6.0,"mot":"U","mo":0.0}],"mwc":5000,"ctm":true},{"mi":"2412","s":"Кожаная одежда","pi":"1520","v":30170,"q":60.46,"c":244.38,"tl":14.0,"ir":[{"cn":"Ellipsis","pi":"1474","ui":"3843514","t":11328,"r":9632,"q":21.76,"p":60.0,"mot":"U","mo":0.0},{"cn":"Ellipsis","pi":"1482","ui":"3821887","t":4897167,"r":4812167,"q":13.26,"p":15.0,"mot":"U","mo":0.0}],"mwc":5000,"ctm":true},{"mi":"2412","s":"Кожаная одежда","pi":"1520","v":30170,"q":54.54,"c":239.38,"tl":14.0,"ir":[{"cn":"Ellipsis","pi":"1474","ui":"3843514","t":11328,"r":9632,"q":21.76,"p":60.0,"mot":"U","mo":0.0},{"cn":"Тютюшкин Ltd.","pi":"1482","ui":"3755642","t":31481,"r":28061,"q":2.69,"p":10.0,"mot":"U","mo":0.0}],"mwc":5000,"ctm":true},{"mi":"2412","s":"Кожаная одежда","pi":"1520","v":31679,"q":75.61,"c":230.17,"tl":15.0,"ir":[{"cn":"Ellipsis","pi":"1474","ui":"3843514","t":11328,"r":9632,"q":21.76,"p":60.0,"mot":"U","mo":0.0},{"cn":"Maxi-Co LTD","pi":"1482","ui":"3187098","t":4936201,"r":4318345,"q":37.66,"p":6.0,"mot":"U","mo":0.0}],"mwc":5000,"ctm":true},{"mi":"2412","s":"Кожаная одежда","pi":"1520","v":31679,"q":63.23,"c":239.17,"tl":15.0,"ir":[{"cn":"Ellipsis","pi":"1474","ui":"3843514","t":11328,"r":9632,"q":21.76,"p":60.0,"mot":"U","mo":0.0},{"cn":"Ellipsis","pi":"1482","ui":"3821887","t":4897167,"r":4812167,"q":13.26,"p":15.0,"mot":"U","mo":0.0}],"mwc":5000,"ctm":true},{"mi":"2412","s":"Кожаная одежда","pi":"1520","v":31679,"q":57.04,"c":234.17,"tl":15.0,"ir":[{"cn":"Ellipsis","pi":"1474","ui":"3843514","t":11328,"r":9632,"q":21.76,"p":60.0,"mot":"U","mo":0.0},{"cn":"Тютюшкин Ltd.","pi":"1482","ui":"3755642","t":31481,"r":28061,"q":2.69,"p":10.0,"mot":"U","mo":0.0}],"mwc":5000,"ctm":true},{"mi":"3891","s":"Телевизоры","pi":"3868","v":10000,"q":1.0,"c":404.3,"tl":1.0,"ir":[{"cn":"MAXWELL.inc","pi":"1477","ui":"3568963","t":43550,"r":43200,"q":1.01,"p":62.0,"mot":"U","mo":0.0},{"cn":"Engkari corp","pi":"1485","ui":"3782896","t":994844,"r":983103,"q":18.14,"p":51.38,"mot":"U","mo":0.0},{"cn":"Engkari corp","pi":"1481","ui":"3799838","t":1966726,"r":1940400,"q":16.48,"p":35.21,"mot":"U","mo":0.0}],"mwc":5000,"ctm":true},{"mi":"3891","s":"Телевизоры","pi":"3868","v":10000,"q":1.0,"c":406.69,"tl":1.0,"ir":[{"cn":"MAXWELL.inc","pi":"1477","ui":"3568963","t":43550,"r":43200,"q":1.01,"p":62.0,"mot":"U","mo":0.0},{"cn":"Engkari corp","pi":"1485","ui":"3782896","t":994844,"r":983103,"q":18.14,"p":51.38,"mot":"U","mo":0.0},{"cn":"Ellipsis","pi":"1481","ui":"3781764","t":171547,"r":133058,"q":12.58,"p":40.0,"mot":"U","mo":0.0}],"mwc":5000,"ctm":true},{"mi":"3891","s":"Телевизоры","pi":"3868","v":10000,"q":1.0,"c":407.78,"tl":1.0,"ir":[{"cn":"MAXWELL.inc","pi":"1477","ui":"3568963","t":43550,"r":43200,"q":1.01,"p":62.0,"mot":"U","mo":0.0},{"cn":"Engkari corp","pi":"1485","ui":"3782896","t":994844,"r":983103,"q":18.14,"p":51.38,"mot":"U","mo":0.0},{"cn":"Engkari corp","pi":"1481","ui":"3806795","t":953425,"r":923899,"q":18.06,"p":42.17,"mot":"U","mo":0.0}],"mwc":5000,"ctm":true},{"mi":"3891","s":"Телевизоры","pi":"3868","v":10500,"q":2.46,"c":388.58,"tl":2.0,"ir":[{"cn":"MAXWELL.inc","pi":"1477","ui":"3568963","t":43550,"r":43200,"q":1.01,"p":62.0,"mot":"U","mo":0.0},{"cn":"Engkari corp","pi":"1485","ui":"3782896","t":994844,"r":983103,"q":18.14,"p":51.38,"mot":"U","mo":0.0},{"cn":"Engkari corp","pi":"1481","ui":"3799838","t":1966726,"r":1940400,"q":16.48,"p":35.21,"mot":"U","mo":0.0}],"mwc":5000,"ctm":true},{"mi":"3891","s":"Телевизоры","pi":"3868","v":10500,"q":2.46,"c":390.98,"tl":2.0,"ir":[{"cn":"MAXWELL.inc","pi":"1477","ui":"3568963","t":43550,"r":43200,"q":1.01,"p":62.0,"mot":"U","mo":0.0},{"cn":"Engkari corp","pi":"1485","ui":"3782896","t":994844,"r":983103,"q":18.14,"p":51.38,"mot":"U","mo":0.0},{"cn":"Ellipsis","pi":"1481","ui":"3781764","t":171547,"r":133058,"q":12.58,"p":40.0,"mot":"U","mo":0.0}],"mwc":5000,"ctm":true},{"mi":"3891","s":"Телевизоры","pi":"3868","v":10500,"q":2.46,"c":392.06,"tl":2.0,"ir":[{"cn":"MAXWELL.inc","pi":"1477","ui":"3568963","t":43550,"r":43200,"q":1.01,"p":62.0,"mot":"U","mo":0.0},{"cn":"Engkari corp","pi":"1485","ui":"3782896","t":994844,"r":983103,"q":18.14,"p":51.38,"mot":"U","mo":0.0},{"cn":"Engkari corp","pi":"1481","ui":"3806795","t":953425,"r":923899,"q":18.06,"p":42.17,"mot":"U","mo":0.0}],"mwc":5000,"ctm":true},{"mi":"3891","s":"Телевизоры","pi":"3868","v":11025,"q":4.17,"c":373.61,"tl":3.0,"ir":[{"cn":"MAXWELL.inc","pi":"1477","ui":"3568963","t":43550,"r":43200,"q":1.01,"p":62.0,"mot":"U","mo":0.0},{"cn":"Engkari corp","pi":"1485","ui":"3782896","t":994844,"r":983103,"q":18.14,"p":51.38,"mot":"U","mo":0.0},{"cn":"Engkari corp","pi":"1481","ui":"3799838","t":1966726,"r":1940400,"q":16.48,"p":35.21,"mot":"U","mo":0.0}],"mwc":5000,"ctm":true},{"mi":"3891","s":"Телевизоры","pi":"3868","v":11025,"q":4.17,"c":376.01,"tl":3.0,"ir":[{"cn":"MAXWELL.inc","pi":"1477","ui":"3568963","t":43550,"r":43200,"q":1.01,"p":62.0,"mot":"U","mo":0.0},{"cn":"Engkari corp","pi":"1485","ui":"3782896","t":994844,"r":983103,"q":18.14,"p":51.38,"mot":"U","mo":0.0},{"cn":"Ellipsis","pi":"1481","ui":"3781764","t":171547,"r":133058,"q":12.58,"p":40.0,"mot":"U","mo":0.0}],"mwc":5000,"ctm":true},{"mi":"3891","s":"Телевизоры","pi":"3868","v":11025,"q":4.17,"c":377.09,"tl":3.0,"ir":[{"cn":"MAXWELL.inc","pi":"1477","ui":"3568963","t":43550,"r":43200,"q":1.01,"p":62.0,"mot":"U","mo":0.0},{"cn":"Engkari corp","pi":"1485","ui":"3782896","t":994844,"r":983103,"q":18.14,"p":51.38,"mot":"U","mo":0.0},{"cn":"Engkari corp","pi":"1481","ui":"3806795","t":953425,"r":923899,"q":18.06,"p":42.17,"mot":"U","mo":0.0}],"mwc":5000,"ctm":true},{"mi":"3891","s":"Телевизоры","pi":"3868","v":11576,"q":6.06,"c":359.36,"tl":4.0,"ir":[{"cn":"MAXWELL.inc","pi":"1477","ui":"3568963","t":43550,"r":43200,"q":1.01,"p":62.0,"mot":"U","mo":0.0},{"cn":"Engkari corp","pi":"1485","ui":"3782896","t":994844,"r":983103,"q":18.14,"p":51.38,"mot":"U","mo":0.0},{"cn":"Engkari corp","pi":"1481","ui":"3799838","t":1966726,"r":1940400,"q":16.48,"p":35.21,"mot":"U","mo":0.0}],"mwc":5000,"ctm":true},{"mi":"3891","s":"Телевизоры","pi":"3868","v":11576,"q":6.06,"c":361.76,"tl":4.0,"ir":[{"cn":"MAXWELL.inc","pi":"1477","ui":"3568963","t":43550,"r":43200,"q":1.01,"p":62.0,"mot":"U","mo":0.0},{"cn":"Engkari corp","pi":"1485","ui":"3782896","t":994844,"r":983103,"q":18.14,"p":51.38,"mot":"U","mo":0.0},{"cn":"Ellipsis","pi":"1481","ui":"3781764","t":171547,"r":133058,"q":12.58,"p":40.0,"mot":"U","mo":0.0}],"mwc":5000,"ctm":true},{"mi":"3891","s":"Телевизоры","pi":"3868","v":11576,"q":6.06,"c":362.84,"tl":4.0,"ir":[{"cn":"MAXWELL.inc","pi":"1477","ui":"3568963","t":43550,"r":43200,"q":1.01,"p":62.0,"mot":"U","mo":0.0},{"cn":"Engkari corp","pi":"1485","ui":"3782896","t":994844,"r":983103,"q":18.14,"p":51.38,"mot":"U","mo":0.0},{"cn":"Engkari corp","pi":"1481","ui":"3806795","t":953425,"r":923899,"q":18.06,"p":42.17,"mot":"U","mo":0.0}],"mwc":5000,"ctm":true},{"mi":"3891","s":"Телевизоры","pi":"3868","v":12155,"q":8.1,"c":345.79,"tl":5.0,"ir":[{"cn":"MAXWELL.inc","pi":"1477","ui":"3568963","t":43550,"r":43200,"q":1.01,"p":62.0,"mot":"U","mo":0.0},{"cn":"Engkari corp","pi":"1485","ui":"3782896","t":994844,"r":983103,"q":18.14,"p":51.38,"mot":"U","mo":0.0},{"cn":"Engkari corp","pi":"1481","ui":"3799838","t":1966726,"r":1940400,"q":16.48,"p":35.21,"mot":"U","mo":0.0}],"mwc":5000,"ctm":true},{"mi":"3891","s":"Телевизоры","pi":"3868","v":12155,"q":8.1,"c":348.18,"tl":5.0,"ir":[{"cn":"MAXWELL.inc","pi":"1477","ui":"3568963","t":43550,"r":43200,"q":1.01,"p":62.0,"mot":"U","mo":0.0},{"cn":"Engkari corp","pi":"1485","ui":"3782896","t":994844,"r":983103,"q":18.14,"p":51.38,"mot":"U","mo":0.0},{"cn":"Ellipsis","pi":"1481","ui":"3781764","t":171547,"r":133058,"q":12.58,"p":40.0,"mot":"U","mo":0.0}],"mwc":5000,"ctm":true},{"mi":"3891","s":"Телевизоры","pi":"3868","v":12155,"q":8.1,"c":349.27,"tl":5.0,"ir":[{"cn":"MAXWELL.inc","pi":"1477","ui":"3568963","t":43550,"r":43200,"q":1.01,"p":62.0,"mot":"U","mo":0.0},{"cn":"Engkari corp","pi":"1485","ui":"3782896","t":994844,"r":983103,"q":18.14,"p":51.38,"mot":"U","mo":0.0},{"cn":"Engkari corp","pi":"1481","ui":"3806795","t":953425,"r":923899,"q":18.06,"p":42.17,"mot":"U","mo":0.0}],"mwc":5000,"ctm":true},{"mi":"3891","s":"Телевизоры","pi":"3868","v":12763,"q":10.27,"c":332.86,"tl":6.0,"ir":[{"cn":"MAXWELL.inc","pi":"1477","ui":"3568963","t":43550,"r":43200,"q":1.01,"p":62.0,"mot":"U","mo":0.0},{"cn":"Engkari corp","pi":"1485","ui":"3782896","t":994844,"r":983103,"q":18.14,"p":51.38,"mot":"U","mo":0.0},{"cn":"Engkari corp","pi":"1481","ui":"3799838","t":1966726,"r":1940400,"q":16.48,"p":35.21,"mot":"U","mo":0.0}],"mwc":5000,"ctm":true},{"mi":"3891","s":"Телевизоры","pi":"3868","v":12763,"q":10.27,"c":335.25,"tl":6.0,"ir":[{"cn":"MAXWELL.inc","pi":"1477","ui":"3568963","t":43550,"r":43200,"q":1.01,"p":62.0,"mot":"U","mo":0.0},{"cn":"Engkari corp","pi":"1485","ui":"3782896","t":994844,"r":983103,"q":18.14,"p":51.38,"mot":"U","mo":0.0},{"cn":"Ellipsis","pi":"1481","ui":"3781764","t":171547,"r":133058,"q":12.58,"p":40.0,"mot":"U","mo":0.0}],"mwc":5000,"ctm":true},{"mi":"3891","s":"Телевизоры","pi":"3868","v":12763,"q":10.27,"c":336.34,"tl":6.0,"ir":[{"cn":"MAXWELL.inc","pi":"1477","ui":"3568963","t":43550,"r":43200,"q":1.01,"p":62.0,"mot":"U","mo":0.0},{"cn":"Engkari corp","pi":"1485","ui":"3782896","t":994844,"r":983103,"q":18.14,"p":51.38,"mot":"U","mo":0.0},{"cn":"Engkari corp","pi":"1481","ui":"3806795","t":953425,"r":923899,"q":18.06,"p":42.17,"mot":"U","mo":0.0}],"mwc":5000,"ctm":true},{"mi":"3891","s":"Телевизоры","pi":"3868","v":13401,"q":12.55,"c":324.86,"tl":7.0,"ir":[{"cn":"MAXWELL.inc","pi":"1477","ui":"3568963","t":43550,"r":43200,"q":1.01,"p":62.0,"mot":"U","mo":0.0},{"cn":"Russian Federation","pi":"1485","ui":"3195359","t":4407818,"r":4337548,"q":28.36,"p":60.0,"mot":"L","mo":30000.0},{"cn":"Engkari corp","pi":"1481","ui":"3799838","t":1966726,"r":1940400,"q":16.48,"p":35.21,"mot":"U","mo":0.0}],"mwc":5000,"ctm":true},{"mi":"3891","s":"Телевизоры","pi":"3868","v":13401,"q":12.48,"c":324.03,"tl":7.0,"ir":[{"cn":"MAXWELL.inc","pi":"1477","ui":"3568963","t":43550,"r":43200,"q":1.01,"p":62.0,"mot":"U","mo":0.0},{"cn":"Engkari corp","pi":"1485","ui":"3782896","t":994844,"r":983103,"q":18.14,"p":51.38,"mot":"U","mo":0.0},{"cn":"Engkari corp","pi":"1481","ui":"3806795","t":953425,"r":923899,"q":18.06,"p":42.17,"mot":"U","mo":0.0}],"mwc":5000,"ctm":true},{"mi":"3891","s":"Телевизоры","pi":"3868","v":13401,"q":12.55,"c":327.25,"tl":7.0,"ir":[{"cn":"MAXWELL.inc","pi":"1477","ui":"3568963","t":43550,"r":43200,"q":1.01,"p":62.0,"mot":"U","mo":0.0},{"cn":"Russian Federation","pi":"1485","ui":"3195359","t":4407818,"r":4337548,"q":28.36,"p":60.0,"mot":"L","mo":30000.0},{"cn":"Ellipsis","pi":"1481","ui":"3781764","t":171547,"r":133058,"q":12.58,"p":40.0,"mot":"U","mo":0.0}],"mwc":5000,"ctm":true},{"mi":"3891","s":"Телевизоры","pi":"3868","v":14071,"q":14.93,"c":313.13,"tl":8.0,"ir":[{"cn":"MAXWELL.inc","pi":"1477","ui":"3568963","t":43550,"r":43200,"q":1.01,"p":62.0,"mot":"U","mo":0.0},{"cn":"Russian Federation","pi":"1485","ui":"3195359","t":4407818,"r":4337548,"q":28.36,"p":60.0,"mot":"L","mo":30000.0},{"cn":"Engkari corp","pi":"1481","ui":"3799838","t":1966726,"r":1940400,"q":16.48,"p":35.21,"mot":"U","mo":0.0}],"mwc":5000,"ctm":true},{"mi":"3891","s":"Телевизоры","pi":"3868","v":14071,"q":14.93,"c":316.61,"tl":8.0,"ir":[{"cn":"MAXWELL.inc","pi":"1477","ui":"3568963","t":43550,"r":43200,"q":1.01,"p":62.0,"mot":"U","mo":0.0},{"cn":"Russian Federation","pi":"1485","ui":"3195359","t":4407818,"r":4337548,"q":28.36,"p":60.0,"mot":"L","mo":30000.0},{"cn":"Engkari corp","pi":"1481","ui":"3806795","t":953425,"r":923899,"q":18.06,"p":42.17,"mot":"U","mo":0.0}],"mwc":5000,"ctm":true},{"mi":"3891","s":"Телевизоры","pi":"3868","v":14071,"q":14.93,"c":320.52,"tl":8.0,"ir":[{"cn":"MAXWELL.inc","pi":"1477","ui":"3568963","t":43550,"r":43200,"q":1.01,"p":62.0,"mot":"U","mo":0.0},{"cn":"Russian Federation","pi":"1485","ui":"3195359","t":4407818,"r":4337548,"q":28.36,"p":60.0,"mot":"L","mo":30000.0},{"cn":"hj corp","pi":"1481","ui":"3253893","t":449394,"r":361010,"q":24.08,"p":50.0,"mot":"U","mo":0.0}],"mwc":5000,"ctm":true},{"mi":"3891","s":"Телевизоры","pi":"3868","v":14775,"q":17.4,"c":309.36,"tl":9.0,"ir":[{"cn":"MAXWELL.inc","pi":"1477","ui":"3568963","t":43550,"r":43200,"q":1.01,"p":62.0,"mot":"U","mo":0.0},{"cn":"Russian Federation","pi":"1485","ui":"3195359","t":4407818,"r":4337548,"q":28.36,"p":60.0,"mot":"L","mo":30000.0},{"cn":"hj corp","pi":"1481","ui":"3253893","t":449394,"r":361010,"q":24.08,"p":50.0,"mot":"U","mo":0.0}],"mwc":5000,"ctm":true},{"mi":"3891","s":"Телевизоры","pi":"3868","v":14775,"q":16.59,"c":305.44,"tl":9.0,"ir":[{"cn":"MAXWELL.inc","pi":"1477","ui":"3568963","t":43550,"r":43200,"q":1.01,"p":62.0,"mot":"U","mo":0.0},{"cn":"Russian Federation","pi":"1485","ui":"3195359","t":4407818,"r":4337548,"q":28.36,"p":60.0,"mot":"L","mo":30000.0},{"cn":"Engkari corp","pi":"1481","ui":"3806795","t":953425,"r":923899,"q":18.06,"p":42.17,"mot":"U","mo":0.0}],"mwc":5000,"ctm":true},{"mi":"3891","s":"Телевизоры","pi":"3868","v":14775,"q":16.31,"c":301.96,"tl":9.0,"ir":[{"cn":"MAXWELL.inc","pi":"1477","ui":"3568963","t":43550,"r":43200,"q":1.01,"p":62.0,"mot":"U","mo":0.0},{"cn":"Russian Federation","pi":"1485","ui":"3195359","t":4407818,"r":4337548,"q":28.36,"p":60.0,"mot":"L","mo":30000.0},{"cn":"Engkari corp","pi":"1481","ui":"3799838","t":1966726,"r":1940400,"q":16.48,"p":35.21,"mot":"U","mo":0.0}],"mwc":5000,"ctm":true},{"mi":"3891","s":"Телевизоры","pi":"3868","v":15513,"q":18.85,"c":298.72,"tl":10.0,"ir":[{"cn":"MAXWELL.inc","pi":"1477","ui":"3568963","t":43550,"r":43200,"q":1.01,"p":62.0,"mot":"U","mo":0.0},{"cn":"Russian Federation","pi":"1485","ui":"3195359","t":4407818,"r":4337548,"q":28.36,"p":60.0,"mot":"L","mo":30000.0},{"cn":"hj corp","pi":"1481","ui":"3253893","t":449394,"r":361010,"q":24.08,"p":50.0,"mot":"U","mo":0.0}],"mwc":5000,"ctm":true},{"mi":"3891","s":"Телевизоры","pi":"3868","v":15513,"q":17.76,"c":294.81,"tl":10.0,"ir":[{"cn":"MAXWELL.inc","pi":"1477","ui":"3568963","t":43550,"r":43200,"q":1.01,"p":62.0,"mot":"U","mo":0.0},{"cn":"Russian Federation","pi":"1485","ui":"3195359","t":4407818,"r":4337548,"q":28.36,"p":60.0,"mot":"L","mo":30000.0},{"cn":"Engkari corp","pi":"1481","ui":"3806795","t":953425,"r":923899,"q":18.06,"p":42.17,"mot":"U","mo":0.0}],"mwc":5000,"ctm":true},{"mi":"3891","s":"Телевизоры","pi":"3868","v":15513,"q":17.46,"c":291.33,"tl":10.0,"ir":[{"cn":"MAXWELL.inc","pi":"1477","ui":"3568963","t":43550,"r":43200,"q":1.01,"p":62.0,"mot":"U","mo":0.0},{"cn":"Russian Federation","pi":"1485","ui":"3195359","t":4407818,"r":4337548,"q":28.36,"p":60.0,"mot":"L","mo":30000.0},{"cn":"Engkari corp","pi":"1481","ui":"3799838","t":1966726,"r":1940400,"q":16.48,"p":35.21,"mot":"U","mo":0.0}],"mwc":5000,"ctm":true},{"mi":"3891","s":"Телевизоры","pi":"3868","v":16289,"q":20.06,"c":288.59,"tl":11.0,"ir":[{"cn":"MAXWELL.inc","pi":"1477","ui":"3568963","t":43550,"r":43200,"q":1.01,"p":62.0,"mot":"U","mo":0.0},{"cn":"Russian Federation","pi":"1485","ui":"3195359","t":4407818,"r":4337548,"q":28.36,"p":60.0,"mot":"L","mo":30000.0},{"cn":"hj corp","pi":"1481","ui":"3253893","t":449394,"r":361010,"q":24.08,"p":50.0,"mot":"U","mo":0.0}],"mwc":5000,"ctm":true},{"mi":"3891","s":"Телевизоры","pi":"3868","v":16289,"q":18.9,"c":284.68,"tl":11.0,"ir":[{"cn":"MAXWELL.inc","pi":"1477","ui":"3568963","t":43550,"r":43200,"q":1.01,"p":62.0,"mot":"U","mo":0.0},{"cn":"Russian Federation","pi":"1485","ui":"3195359","t":4407818,"r":4337548,"q":28.36,"p":60.0,"mot":"L","mo":30000.0},{"cn":"Engkari corp","pi":"1481","ui":"3806795","t":953425,"r":923899,"q":18.06,"p":42.17,"mot":"U","mo":0.0}],"mwc":5000,"ctm":true},{"mi":"3891","s":"Телевизоры","pi":"3868","v":16289,"q":18.58,"c":281.2,"tl":11.0,"ir":[{"cn":"MAXWELL.inc","pi":"1477","ui":"3568963","t":43550,"r":43200,"q":1.01,"p":62.0,"mot":"U","mo":0.0},{"cn":"Russian Federation","pi":"1485","ui":"3195359","t":4407818,"r":4337548,"q":28.36,"p":60.0,"mot":"L","mo":30000.0},{"cn":"Engkari corp","pi":"1481","ui":"3799838","t":1966726,"r":1940400,"q":16.48,"p":35.21,"mot":"U","mo":0.0}],"mwc":5000,"ctm":true},{"mi":"3891","s":"Телевизоры","pi":"3868","v":17103,"q":21.23,"c":278.94,"tl":12.0,"ir":[{"cn":"MAXWELL.inc","pi":"1477","ui":"3568963","t":43550,"r":43200,"q":1.01,"p":62.0,"mot":"U","mo":0.0},{"cn":"Russian Federation","pi":"1485","ui":"3195359","t":4407818,"r":4337548,"q":28.36,"p":60.0,"mot":"L","mo":30000.0},{"cn":"hj corp","pi":"1481","ui":"3253893","t":449394,"r":361010,"q":24.08,"p":50.0,"mot":"U","mo":0.0}],"mwc":5000,"ctm":true},{"mi":"3891","s":"Телевизоры","pi":"3868","v":17103,"q":20.0,"c":275.03,"tl":12.0,"ir":[{"cn":"MAXWELL.inc","pi":"1477","ui":"3568963","t":43550,"r":43200,"q":1.01,"p":62.0,"mot":"U","mo":0.0},{"cn":"Russian Federation","pi":"1485","ui":"3195359","t":4407818,"r":4337548,"q":28.36,"p":60.0,"mot":"L","mo":30000.0},{"cn":"Engkari corp","pi":"1481","ui":"3806795","t":953425,"r":923899,"q":18.06,"p":42.17,"mot":"U","mo":0.0}],"mwc":5000,"ctm":true},{"mi":"3891","s":"Телевизоры","pi":"3868","v":17103,"q":19.66,"c":271.55,"tl":12.0,"ir":[{"cn":"MAXWELL.inc","pi":"1477","ui":"3568963","t":43550,"r":43200,"q":1.01,"p":62.0,"mot":"U","mo":0.0},{"cn":"Russian Federation","pi":"1485","ui":"3195359","t":4407818,"r":4337548,"q":28.36,"p":60.0,"mot":"L","mo":30000.0},{"cn":"Engkari corp","pi":"1481","ui":"3799838","t":1966726,"r":1940400,"q":16.48,"p":35.21,"mot":"U","mo":0.0}],"mwc":5000,"ctm":true},{"mi":"3891","s":"Телевизоры","pi":"3868","v":17959,"q":22.36,"c":269.76,"tl":13.0,"ir":[{"cn":"MAXWELL.inc","pi":"1477","ui":"3568963","t":43550,"r":43200,"q":1.01,"p":62.0,"mot":"U","mo":0.0},{"cn":"Russian Federation","pi":"1485","ui":"3195359","t":4407818,"r":4337548,"q":28.36,"p":60.0,"mot":"L","mo":30000.0},{"cn":"hj corp","pi":"1481","ui":"3253893","t":449394,"r":361010,"q":24.08,"p":50.0,"mot":"U","mo":0.0}],"mwc":5000,"ctm":true},{"mi":"3891","s":"Телевизоры","pi":"3868","v":17959,"q":21.06,"c":265.84,"tl":13.0,"ir":[{"cn":"MAXWELL.inc","pi":"1477","ui":"3568963","t":43550,"r":43200,"q":1.01,"p":62.0,"mot":"U","mo":0.0},{"cn":"Russian Federation","pi":"1485","ui":"3195359","t":4407818,"r":4337548,"q":28.36,"p":60.0,"mot":"L","mo":30000.0},{"cn":"Engkari corp","pi":"1481","ui":"3806795","t":953425,"r":923899,"q":18.06,"p":42.17,"mot":"U","mo":0.0}],"mwc":5000,"ctm":true},{"mi":"3891","s":"Телевизоры","pi":"3868","v":17959,"q":20.71,"c":262.36,"tl":13.0,"ir":[{"cn":"MAXWELL.inc","pi":"1477","ui":"3568963","t":43550,"r":43200,"q":1.01,"p":62.0,"mot":"U","mo":0.0},{"cn":"Russian Federation","pi":"1485","ui":"3195359","t":4407818,"r":4337548,"q":28.36,"p":60.0,"mot":"L","mo":30000.0},{"cn":"Engkari corp","pi":"1481","ui":"3799838","t":1966726,"r":1940400,"q":16.48,"p":35.21,"mot":"U","mo":0.0}],"mwc":5000,"ctm":true},{"mi":"3891","s":"Телевизоры","pi":"3868","v":18856,"q":23.46,"c":261.01,"tl":14.0,"ir":[{"cn":"MAXWELL.inc","pi":"1477","ui":"3568963","t":43550,"r":43200,"q":1.01,"p":62.0,"mot":"U","mo":0.0},{"cn":"Russian Federation","pi":"1485","ui":"3195359","t":4407818,"r":4337548,"q":28.36,"p":60.0,"mot":"L","mo":30000.0},{"cn":"hj corp","pi":"1481","ui":"3253893","t":449394,"r":361010,"q":24.08,"p":50.0,"mot":"U","mo":0.0}],"mwc":5000,"ctm":true},{"mi":"3891","s":"Телевизоры","pi":"3868","v":18856,"q":22.1,"c":257.09,"tl":14.0,"ir":[{"cn":"MAXWELL.inc","pi":"1477","ui":"3568963","t":43550,"r":43200,"q":1.01,"p":62.0,"mot":"U","mo":0.0},{"cn":"Russian Federation","pi":"1485","ui":"3195359","t":4407818,"r":4337548,"q":28.36,"p":60.0,"mot":"L","mo":30000.0},{"cn":"Engkari corp","pi":"1481","ui":"3806795","t":953425,"r":923899,"q":18.06,"p":42.17,"mot":"U","mo":0.0}],"mwc":5000,"ctm":true},{"mi":"3891","s":"Телевизоры","pi":"3868","v":18856,"q":21.73,"c":253.61,"tl":14.0,"ir":[{"cn":"MAXWELL.inc","pi":"1477","ui":"3568963","t":43550,"r":43200,"q":1.01,"p":62.0,"mot":"U","mo":0.0},{"cn":"Russian Federation","pi":"1485","ui":"3195359","t":4407818,"r":4337548,"q":28.36,"p":60.0,"mot":"L","mo":30000.0},{"cn":"Engkari corp","pi":"1481","ui":"3799838","t":1966726,"r":1940400,"q":16.48,"p":35.21,"mot":"U","mo":0.0}],"mwc":5000,"ctm":true},{"mi":"3891","s":"Телевизоры","pi":"3868","v":19799,"q":24.54,"c":252.67,"tl":15.0,"ir":[{"cn":"MAXWELL.inc","pi":"1477","ui":"3568963","t":43550,"r":43200,"q":1.01,"p":62.0,"mot":"U","mo":0.0},{"cn":"Russian Federation","pi":"1485","ui":"3195359","t":4407818,"r":4337548,"q":28.36,"p":60.0,"mot":"L","mo":30000.0},{"cn":"hj corp","pi":"1481","ui":"3253893","t":449394,"r":361010,"q":24.08,"p":50.0,"mot":"U","mo":0.0}],"mwc":5000,"ctm":true},{"mi":"3891","s":"Телевизоры","pi":"3868","v":19799,"q":23.12,"c":248.76,"tl":15.0,"ir":[{"cn":"MAXWELL.inc","pi":"1477","ui":"3568963","t":43550,"r":43200,"q":1.01,"p":62.0,"mot":"U","mo":0.0},{"cn":"Russian Federation","pi":"1485","ui":"3195359","t":4407818,"r":4337548,"q":28.36,"p":60.0,"mot":"L","mo":30000.0},{"cn":"Engkari corp","pi":"1481","ui":"3806795","t":953425,"r":923899,"q":18.06,"p":42.17,"mot":"U","mo":0.0}],"mwc":5000,"ctm":true},{"mi":"3891","s":"Телевизоры","pi":"3868","v":19799,"q":22.73,"c":245.28,"tl":15.0,"ir":[{"cn":"MAXWELL.inc","pi":"1477","ui":"3568963","t":43550,"r":43200,"q":1.01,"p":62.0,"mot":"U","mo":0.0},{"cn":"Russian Federation","pi":"1485","ui":"3195359","t":4407818,"r":4337548,"q":28.36,"p":60.0,"mot":"L","mo":30000.0},{"cn":"Engkari corp","pi":"1481","ui":"3799838","t":1966726,"r":1940400,"q":16.48,"p":35.21,"mot":"U","mo":0.0}],"mwc":5000,"ctm":true},{"mi":"2425","s":"Золотые часы","pi":"1524","v":4276,"q":54.32,"c":799.28,"tl":12.0,"ir":[{"cn":"Maxi-Co LTD","pi":"1465","ui":"3699666","t":10171315,"r":10144083,"q":12.41,"p":25.0,"mot":"U","mo":0.0},{"cn":"hj corp","pi":"1481","ui":"3253893","t":449394,"r":361010,"q":24.08,"p":50.0,"mot":"U","mo":0.0}],"mwc":2500,"ctm":true},{"mi":"2425","s":"Золотые часы","pi":"1524","v":4276,"q":53.72,"c":798.89,"tl":12.0,"ir":[{"cn":"Maxi-Co LTD","pi":"1465","ui":"3699666","t":10171315,"r":10144083,"q":12.41,"p":25.0,"mot":"U","mo":0.0},{"cn":"Engkari corp","pi":"1481","ui":"3806795","t":953425,"r":923899,"q":18.06,"p":42.17,"mot":"U","mo":0.0}],"mwc":2500,"ctm":true},{"mi":"2425","s":"Золотые часы","pi":"1524","v":4276,"q":53.56,"c":798.54,"tl":12.0,"ir":[{"cn":"Maxi-Co LTD","pi":"1465","ui":"3699666","t":10171315,"r":10144083,"q":12.41,"p":25.0,"mot":"U","mo":0.0},{"cn":"Engkari corp","pi":"1481","ui":"3799838","t":1966726,"r":1940400,"q":16.48,"p":35.21,"mot":"U","mo":0.0}],"mwc":2500,"ctm":true},{"mi":"2425","s":"Золотые часы","pi":"1524","v":4490,"q":57.22,"c":762.53,"tl":13.0,"ir":[{"cn":"Maxi-Co LTD","pi":"1465","ui":"3699666","t":10171315,"r":10144083,"q":12.41,"p":25.0,"mot":"U","mo":0.0},{"cn":"hj corp","pi":"1481","ui":"3253893","t":449394,"r":361010,"q":24.08,"p":50.0,"mot":"U","mo":0.0}],"mwc":2500,"ctm":true},{"mi":"2425","s":"Золотые часы","pi":"1524","v":4490,"q":56.59,"c":762.13,"tl":13.0,"ir":[{"cn":"Maxi-Co LTD","pi":"1465","ui":"3699666","t":10171315,"r":10144083,"q":12.41,"p":25.0,"mot":"U","mo":0.0},{"cn":"Engkari corp","pi":"1481","ui":"3806795","t":953425,"r":923899,"q":18.06,"p":42.17,"mot":"U","mo":0.0}],"mwc":2500,"ctm":true},{"mi":"2425","s":"Золотые часы","pi":"1524","v":4490,"q":56.42,"c":761.79,"tl":13.0,"ir":[{"cn":"Maxi-Co LTD","pi":"1465","ui":"3699666","t":10171315,"r":10144083,"q":12.41,"p":25.0,"mot":"U","mo":0.0},{"cn":"Engkari corp","pi":"1481","ui":"3799838","t":1966726,"r":1940400,"q":16.48,"p":35.21,"mot":"U","mo":0.0}],"mwc":2500,"ctm":true},{"mi":"2425","s":"Золотые часы","pi":"1524","v":4714,"q":60.05,"c":727.52,"tl":14.0,"ir":[{"cn":"Maxi-Co LTD","pi":"1465","ui":"3699666","t":10171315,"r":10144083,"q":12.41,"p":25.0,"mot":"U","mo":0.0},{"cn":"hj corp","pi":"1481","ui":"3253893","t":449394,"r":361010,"q":24.08,"p":50.0,"mot":"U","mo":0.0}],"mwc":2500,"ctm":true},{"mi":"2425","s":"Золотые часы","pi":"1524","v":4714,"q":59.38,"c":727.13,"tl":14.0,"ir":[{"cn":"Maxi-Co LTD","pi":"1465","ui":"3699666","t":10171315,"r":10144083,"q":12.41,"p":25.0,"mot":"U","mo":0.0},{"cn":"Engkari corp","pi":"1481","ui":"3806795","t":953425,"r":923899,"q":18.06,"p":42.17,"mot":"U","mo":0.0}],"mwc":2500,"ctm":true},{"mi":"2425","s":"Золотые часы","pi":"1524","v":4714,"q":59.2,"c":726.78,"tl":14.0,"ir":[{"cn":"Maxi-Co LTD","pi":"1465","ui":"3699666","t":10171315,"r":10144083,"q":12.41,"p":25.0,"mot":"U","mo":0.0},{"cn":"Engkari corp","pi":"1481","ui":"3799838","t":1966726,"r":1940400,"q":16.48,"p":35.21,"mot":"U","mo":0.0}],"mwc":2500,"ctm":true},{"mi":"2425","s":"Золотые часы","pi":"1524","v":4950,"q":62.8,"c":694.19,"tl":15.0,"ir":[{"cn":"Maxi-Co LTD","pi":"1465","ui":"3699666","t":10171315,"r":10144083,"q":12.41,"p":25.0,"mot":"U","mo":0.0},{"cn":"hj corp","pi":"1481","ui":"3253893","t":449394,"r":361010,"q":24.08,"p":50.0,"mot":"U","mo":0.0}],"mwc":2500,"ctm":true},{"mi":"2425","s":"Золотые часы","pi":"1524","v":4950,"q":62.1,"c":693.8,"tl":15.0,"ir":[{"cn":"Maxi-Co LTD","pi":"1465","ui":"3699666","t":10171315,"r":10144083,"q":12.41,"p":25.0,"mot":"U","mo":0.0},{"cn":"Engkari corp","pi":"1481","ui":"3806795","t":953425,"r":923899,"q":18.06,"p":42.17,"mot":"U","mo":0.0}],"mwc":2500,"ctm":true},{"mi":"2425","s":"Золотые часы","pi":"1524","v":4950,"q":61.92,"c":693.45,"tl":15.0,"ir":[{"cn":"Maxi-Co LTD","pi":"1465","ui":"3699666","t":10171315,"r":10144083,"q":12.41,"p":25.0,"mot":"U","mo":0.0},{"cn":"Engkari corp","pi":"1481","ui":"3799838","t":1966726,"r":1940400,"q":16.48,"p":35.21,"mot":"U","mo":0.0}],"mwc":2500,"ctm":true},{"mi":"2425","s":"Золотые часы","pi":"1524","v":5197,"q":65.49,"c":662.44,"tl":16.0,"ir":[{"cn":"Maxi-Co LTD","pi":"1465","ui":"3699666","t":10171315,"r":10144083,"q":12.41,"p":25.0,"mot":"U","mo":0.0},{"cn":"hj corp","pi":"1481","ui":"3253893","t":449394,"r":361010,"q":24.08,"p":50.0,"mot":"U","mo":0.0}],"mwc":2500,"ctm":true},{"mi":"2425","s":"Золотые часы","pi":"1524","v":5197,"q":64.77,"c":662.05,"tl":16.0,"ir":[{"cn":"Maxi-Co LTD","pi":"1465","ui":"3699666","t":10171315,"r":10144083,"q":12.41,"p":25.0,"mot":"U","mo":0.0},{"cn":"Engkari corp","pi":"1481","ui":"3806795","t":953425,"r":923899,"q":18.06,"p":42.17,"mot":"U","mo":0.0}],"mwc":2500,"ctm":true},{"mi":"2425","s":"Золотые часы","pi":"1524","v":5197,"q":64.57,"c":661.7,"tl":16.0,"ir":[{"cn":"Maxi-Co LTD","pi":"1465","ui":"3699666","t":10171315,"r":10144083,"q":12.41,"p":25.0,"mot":"U","mo":0.0},{"cn":"Engkari corp","pi":"1481","ui":"3799838","t":1966726,"r":1940400,"q":16.48,"p":35.21,"mot":"U","mo":0.0}],"mwc":2500,"ctm":true}]