[{"pi":"15742","pc":"Продукты питания","ss":500,"td":"Фешенебельный район","dc":3,"n":62.35,"vc":"около 50","sl":"Элитный","sv":"более 100","p":3.0,"q":1.0,"b":0.0,"ms":0.01,"wi":0.39,"ei":5.5,"as":350.0,"mi":"E","mv":1771178,"sc":1,"lpe":99.99,"lpr":3.59,"lq":1.0,"d":600},{"pi":"15742","pc":"Продукты питания","ss":100,"td":"Окраина","dc":1,"n":46.72,"vc":"около 50","sl":"Высокий","sv":"более 100","p":2.17,"q":1.05,"b":0.0,"ms":0.02,"wi":0.22,"ei":4.34,"as":221.34,"mi":"E","mv":888600,"sc":1,"lpe":99.98,"lpr":1.98,"lq":1.0,"d":568},{"pi":"15742","pc":"Продукты питания","ss":500,"td":"Спальный район","dc":1,"n":9.93,"vc":"около 100","sl":"Элитный","sv":"менее 50","p":1.11,"q":1.05,"b":0.0,"ms":0.0,"wi":0.12,"ei":2.8,"as":99.67,"mi":"E","mv":430162,"sc":1,"lpe":100.0,"lpr":0.98,"lq":1.0,"d":256},{"pi":"15742","pc":"Продукты питания","ss":100,"td":"Окраина","dc":1,"n":43.09,"vc":"около 50","sl":"Нормальный","sv":"около 100","p":2.1,"q":1.05,"b":0.0,"ms":0.0,"wi":0.22,"ei":4.32,"as":180.62,"mi":"E","mv":2086849,"sc":1,"lpe":100.0,"lpr":1.86,"lq":1.0,"d":1132},{"pi":"15742","pc":"Продукты питания","ss":100,"td":"Окраина","dc":1,"n":74.95,"vc":"около 50","sl":"Очень высокий","sv":"около 100","p":1.38,"q":1.05,"b":0.0,"ms":0.02,"wi":0.15,"ei":3.2,"as":132.44,"mi":"E","mv":419624,"sc":1,"lpe":99.98,"lpr":1.22,"lq":1.0,"d":203}]