[{"pi":"1520","pc":"Одежда и обувь","ss":100,"td":"Центр города","dc":1,"n":47.73,"vc":"около 50","sl":"Нормальный","sv":"менее 50","p":161.68,"q":1.05,"b":0.0,"ms":0.01,"wi":0.15,"ei":4.27,"as":155.65,"mi":"E","mv":144285,"sc":1,"lpe":99.99,"lpr":150.47,"lq":1.0,"d":457},{"pi":"1520","pc":"Одежда и обувь","ss":100,"td":"Спальный район","dc":1,"n":49.5,"vc":"около 50","sl":"Высокий","sv":"менее 50","p":310.99,"q":1.05,"b":0.0,"ms":0.02,"wi":0.29,"ei":4.8,"as":300.0,"mi":"E","mv":89110,"sc":1,"lpe":99.98,"lpr":281.02,"lq":1.0,"d":400},{"pi":"1520","pc":"Одежда и обувь","ss":500,"td":"Центр города","dc":1,"n":18.23,"vc":"более 100","sl":"Очень высокий","sv":"около 200","p":293.22,"q":5.0,"b":0.0,"ms":0.05,"wi":0.36,"ei":7.0,"as":320.0,"mi":"E","mv":378016,"sc":1,"lpe":99.95,"lpr":298.36,"lq":1.0,"d":1600},{"pi":"1520","pc":"Одежда и обувь","ss":100,"td":"Спальный район","dc":1,"n":171.39,"vc":"около 100","sl":"Низкий","sv":"менее 50","p":300.0,"q":1.0,"b":0.0,"ms":0.0,"wi":0.37,"ei":5.0,"as":320.0,"mi":"E","mv":232414,"sc":1,"lpe":100.0,"lpr":298.12,"lq":1.0,"d":800},{"pi":"1520","pc":"Одежда и обувь","ss":500,"td":"Фешенебельный район","dc":3,"n":62.35,"vc":"около 50","sl":"Элитный","sv":"около 50","p":200.0,"q":1.0,"b":0.0,"ms":0.03,"wi":0.39,"ei":5.5,"as":350.0,"mi":"E","mv":164204,"sc":1,"lpe":99.97,"lpr":318.08,"lq":1.0,"d":600},{"pi":"1520","pc":"Одежда и обувь","ss":500,"td":"Центр города","dc":1,"n":58.14,"vc":"более 100","sl":"Очень высокий","sv":"более 100","p":83.79,"q":1.05,"b":0.0,"ms":0.26,"wi":0.12,"ei":2.8,"as":99.67,"mi":"E","mv":46711,"sc":1,"lpe":99.74,"lpr":103.03,"lq":1.0,"d":256},{"pi":"1520","pc":"Одежда и обувь","ss":1000,"td":"Центр города","dc":2,"n":105.9,"vc":"около 500","sl":"Элитный","sv":"около 1 000","p":1500.0,"q":6.39,"b":0.0,"ms":0.35,"wi":1.28,"ei":7.7,"as":1225.0,"mi":"E","mv":285675,"sc":1,"lpe":99.65,"lpr":1127.48,"lq":1.0,"d":1356},{"pi":"1520","pc":"Одежда и обувь","ss":10000,"td":"Центр города","dc":2,"n":52.09,"vc":"более 1 000","sl":"Элитный","sv":"около 5 000","p":1200.0,"q":6.39,"b":0.0,"ms":0.46,"wi":1.67,"ei":8.3,"as":1440.0,"mi":"E","mv":859270,"sc":1,"lpe":99.54,"lpr":1340.48,"lq":1.0,"d":3884},{"pi":"1520","pc":"Одежда и обувь","ss":100,"td":"Центр города","dc":1,"n":45.76,"vc":"около 50","sl":"Нормальный","sv":"менее 50","p":159.73,"q":1.05,"b":0.0,"ms":0.02,"wi":0.18,"ei":3.0,"as":154.55,"mi":"E","mv":53931,"sc":1,"lpe":99.98,"lpr":145.24,"lq":1.0,"d":427}]