[{"pi":"423162","pc":"Товары для дома","ss":1000,"td":"Центр города","dc":1,"n":487.72,"vc":"около 5 000","sl":"Высокий","sv":"более 1 000","p":100000.0,"q":10.2,"b":3.12,"ms":8.43,"wi":112.04,"ei":5.7,"as":525.47,"mi":"E","mv":15677,"sc":1,"lpe":91.57,"lpr":39331.33,"lq":1.0,"d":632},{"pi":"423162","pc":"Товары для дома","ss":500,"td":"Фешенебельный район","dc":1,"n":692.86,"vc":"около 500","sl":"Очень высокий","sv":"около 200","p":31724.48,"q":23.85,"b":1.19,"ms":2.26,"wi":41.72,"ei":8.52,"as":366.56,"mi":"E","mv":8846,"sc":1,"lpe":97.74,"lpr":11743.01,"lq":1.0,"d":459},{"pi":"423162","pc":"Товары для дома","ss":1000,"td":"Центр города","dc":1,"n":479.72,"vc":"около 5 000","sl":"Нормальный","sv":"около 2 000","p":30000.0,"q":16.64,"b":6.27,"ms":6.43,"wi":75.85,"ei":12.1,"as":729.22,"mi":"E","mv":31102,"sc":2,"lpe":91.96,"lpr":22118.99,"lq":1.0,"d":1235},{"pi":"423162","pc":"Товары для дома","ss":500,"td":"Фешенебельный район","dc":1,"n":625.24,"vc":"около 500","sl":"Очень высокий","sv":"около 500","p":43566.69,"q":23.85,"b":1.19,"ms":1.61,"wi":75.85,"ei":12.1,"as":729.22,"mi":"E","mv":31102,"sc":2,"lpe":91.96,"lpr":22118.99,"lq":1.0,"d":1235},{"pi":"423162","pc":"Товары для дома","ss":10000,"td":"Фешенебельный район","dc":10,"n":668.34,"vc":"более 10 000","sl":"Нормальный","sv":"около 500","p":31304.29,"q":24.35,"b":0.0,"ms":5.04,"wi":59.58,"ei":5.32,"as":655.26,"mi":"E","mv":9478,"sc":1,"lpe":94.96,"lpr":13826.42,"lq":1.0,"d":422},{"pi":"423162","pc":"Товары для дома","ss":100000,"td":"Фешенебельный район","dc":9,"n":675.32,"vc":"около 500 000","sl":"Низкий","sv":"менее 50","p":14687.72,"q":24.35,"b":3.29,"ms":0.02,"wi":60.32,"ei":7.58,"as":403.37,"mi":"E","mv":48058,"sc":1,"lpe":99.98,"lpr":44524.6,"lq":1.0,"d":2108},{"pi":"423162","pc":"Товары для дома","ss":100000,"td":"Центр города","dc":2,"n":340.13,"vc":"около 100 000","sl":"Элитный","sv":"около 500","p":86000.0,"q":13.25,"b":0.0,"ms":0.37,"wi":82.91,"ei":6.91,"as":1080.49,"mi":"E","mv":127572,"sc":1,"lpe":99.63,"lpr":32303.09,"lq":1.0,"d":5342},{"pi":"423162","pc":"Товары для дома","ss":100000,"td":"Фешенебельный район","dc":1,"n":670.42,"vc":"более 200 000","sl":"Элитный","sv":"более 1 000","p":140000.0,"q":34.21,"b":5.11,"ms":8.11,"wi":143.39,"ei":7.29,"as":661.55,"mi":"E","mv":23530,"sc":1,"lpe":91.89,"lpr":24390.65,"lq":1.0,"d":1029},{"pi":"423162","pc":"Товары для дома","ss":100000,"td":"Спальный район","dc":3,"n":408.39,"vc":"более 100 000","sl":"Низкий","sv":"более 1 000","p":85000.0,"q":11.29,"b":0.0,"ms":3.23,"wi":91.16,"ei":12.05,"as":819.44,"mi":"E","mv":31374,"sc":1,"lpe":96.77,"lpr":41603.54,"lq":1.0,"d":1294},{"pi":"423162","pc":"Товары для дома","ss":100000,"td":"Фешенебельный район","dc":1,"n":685.76,"vc":"более 100 000","sl":"Элитный","sv":"более 1 000","p":120000.0,"q":34.22,"b":5.11,"ms":8.91,"wi":100.48,"ei":8.99,"as":853.23,"mi":"E","mv":15227,"sc":2,"lpe":91.08,"lpr":22039.4,"lq":4.64,"d":708},{"pi":"423162","pc":"Товары для дома","ss":100000,"td":"Центр города","dc":2,"n":449.67,"vc":"более 100 000","sl":"Очень высокий","sv":"менее 50","p":110000.0,"q":11.29,"b":0.0,"ms":0.01,"wi":100.48,"ei":8.99,"as":853.23,"mi":"E","mv":15227,"sc":2,"lpe":91.08,"lpr":22039.4,"lq":4.64,"d":708},{"pi":"423162","pc":"Товары для дома","ss":100000,"td":"Центр города","dc":2,"n":479.47,"vc":"более 100 000","sl":"Элитный","sv":"более 300","p":100000.0,"q":11.29,"b":0.0,"ms":2.62,"wi":78.18,"ei":10.65,"as":989.97,"mi":"E","mv":11519,"sc":2,"lpe":95.52,"lpr":29104.54,"lq":1.0,"d":709},{"pi":"423162","pc":"Товары для дома","ss":100000,"td":"Фешенебельный район","dc":1,"n":684.64,"vc":"более 100 000","sl":"Элитный","sv":"более 200","p":140000.0,"q":34.21,"b":5.11,"ms":1.86,"wi":78.18,"ei":10.65,"as":989.97,"mi":"E","mv":11519,"sc":2,"lpe":95.52,"lpr":29104.54,"lq":1.0,"d":709},{"pi":"423162","pc":"Товары для дома","ss":10000,"td":"Центр города","dc":1,"n":683.2,"vc":"около 50 000","sl":"Высокий","sv":"более 200","p":20000.0,"q":16.89,"b":5.62,"ms":4.81,"wi":24.38,"ei":4.86,"as":316.4,"mi":"E","mv":5848,"sc":1,"lpe":95.19,"lpr":3384.69,"lq":1.0,"d":580},{"pi":"423162","pc":"Товары для дома","ss":10000,"td":"Центр города","dc":1,"n":679.67,"vc":"около 50 000","sl":"Высокий","sv":"около 500","p":20000.0,"q":16.83,"b":5.62,"ms":5.65,"wi":29.22,"ei":5.0,"as":399.08,"mi":"E","mv":6349,"sc":1,"lpe":94.35,"lpr":3277.99,"lq":1.0,"d":596},{"pi":"423162","pc":"Товары для дома","ss":100000,"td":"Фешенебельный район","dc":3,"n":585.9,"vc":"более 100 000","sl":"Элитный","sv":"около 3 000","p":15577.89,"q":23.85,"b":1.21,"ms":4.83,"wi":37.55,"ei":6.21,"as":298.77,"mi":"E","mv":62166,"sc":2,"lpe":95.16,"lpr":8816.28,"lq":1.0,"d":3530},{"pi":"423162","pc":"Товары для дома","ss":100000,"td":"Центр города","dc":10,"n":663.63,"vc":"более 2 000 000","sl":"Очень низкий","sv":"менее 50","p":36770.63,"q":24.35,"b":4.23,"ms":0.02,"wi":37.55,"ei":6.21,"as":298.77,"mi":"E","mv":62166,"sc":2,"lpe":95.16,"lpr":8816.28,"lq":1.0,"d":3530},{"pi":"423162","pc":"Товары для дома","ss":100000,"td":"Фешенебельный район","dc":1,"n":643.26,"vc":"более 100 000","sl":"Элитный","sv":"более 10 000","p":47560.0,"q":25.81,"b":1.36,"ms":28.54,"wi":164.51,"ei":10.67,"as":1516.17,"mi":"E","mv":46234,"sc":2,"lpe":60.16,"lpr":17841.4,"lq":4.81,"d":1885},{"pi":"423162","pc":"Товары для дома","ss":100000,"td":"Фешенебельный район","dc":1,"n":601.1,"vc":"более 100 000","sl":"Элитный","sv":"около 5 000","p":90000.0,"q":34.22,"b":5.11,"ms":11.3,"wi":164.51,"ei":10.67,"as":1516.17,"mi":"E","mv":46234,"sc":2,"lpe":60.16,"lpr":17841.4,"lq":4.81,"d":1885},{"pi":"423162","pc":"Товары для дома","ss":1000,"td":"Центр города","dc":1,"n":291.62,"vc":"более 2 000","sl":"Очень высокий","sv":"более 2 000","p":49500.0,"q":15.55,"b":1.86,"ms":5.0,"wi":61.55,"ei":11.03,"as":913.67,"mi":"E","mv":41966,"sc":5,"lpe":89.88,"lpr":23662.32,"lq":1.92,"d":12392},{"pi":"423162","pc":"Товары для дома","ss":1000,"td":"Центр города","dc":1,"n":575.39,"vc":"около 10 000","sl":"Низкий","sv":"более 1 000","p":15000.0,"q":34.21,"b":0.0,"ms":3.78,"wi":61.55,"ei":11.03,"as":913.67,"mi":"E","mv":41966,"sc":5,"lpe":89.88,"lpr":23662.32,"lq":1.92,"d":12392},{"pi":"423162","pc":"Товары для дома","ss":500,"td":"Фешенебельный район","dc":1,"n":610.93,"vc":"около 500","sl":"Очень высокий","sv":"около 500","p":92355.27,"q":24.34,"b":2.68,"ms":1.31,"wi":61.55,"ei":11.03,"as":913.67,"mi":"E","mv":41966,"sc":5,"lpe":89.88,"lpr":23662.32,"lq":1.92,"d":12392},{"pi":"423162","pc":"Товары для дома","ss":1000,"td":"Спальный район","dc":5,"n":396.63,"vc":"около 5 000","sl":"Очень низкий","sv":"менее 50","p":85000.0,"q":11.68,"b":0.0,"ms":0.02,"wi":61.55,"ei":11.03,"as":913.67,"mi":"E","mv":41966,"sc":5,"lpe":89.88,"lpr":23662.32,"lq":1.92,"d":12392},{"pi":"423162","pc":"Товары для дома","ss":1000,"td":"Фешенебельный район","dc":3,"n":136.55,"vc":"более 100","sl":"Элитный","sv":"менее 50","p":33000.0,"q":24.71,"b":0.0,"ms":0.0,"wi":61.55,"ei":11.03,"as":913.67,"mi":"E","mv":41966,"sc":5,"lpe":89.88,"lpr":23662.32,"lq":1.92,"d":12392},{"pi":"423162","pc":"Товары для дома","ss":500,"td":"Фешенебельный район","dc":1,"n":691.55,"vc":"около 500","sl":"Очень высокий","sv":"около 100","p":55173.14,"q":23.85,"b":2.68,"ms":0.65,"wi":24.94,"ei":11.06,"as":782.89,"mi":"E","mv":15459,"sc":1,"lpe":99.35,"lpr":23534.31,"lq":1.0,"d":5728},{"pi":"423162","pc":"Товары для дома","ss":100000,"td":"Центр города","dc":10,"n":659.02,"vc":"более 1 000 000","sl":"Очень низкий","sv":"более 2 000","p":44357.74,"q":24.35,"b":2.78,"ms":8.62,"wi":46.24,"ei":8.6,"as":391.35,"mi":"E","mv":28566,"sc":1,"lpe":91.38,"lpr":8958.63,"lq":1.0,"d":1658},{"pi":"423162","pc":"Товары для дома","ss":100000,"td":"Центр города","dc":4,"n":405.82,"vc":"более 100 000","sl":"Элитный","sv":"около 2 000","p":1333.31,"q":24.03,"b":0.0,"ms":6.1,"wi":24.23,"ei":4.88,"as":222.61,"mi":"E","mv":32764,"sc":1,"lpe":93.9,"lpr":8526.06,"lq":1.0,"d":1468},{"pi":"423162","pc":"Товары для дома","ss":100000,"td":"Пригород","dc":10,"n":490.88,"vc":"около 100 000","sl":"Очень высокий","sv":"менее 50","p":3989.37,"q":1.55,"b":0.0,"ms":0.01,"wi":7.36,"ei":4.12,"as":161.41,"mi":"E","mv":13441,"sc":1,"lpe":99.99,"lpr":2361.71,"lq":1.0,"d":4029},{"pi":"423162","pc":"Товары для дома","ss":100000,"td":"Спальный район","dc":10,"n":668.34,"vc":"более 1 000 000","sl":"Очень низкий","sv":"около 500","p":40759.95,"q":24.35,"b":2.78,"ms":0.48,"wi":41.76,"ei":8.78,"as":296.55,"mi":"E","mv":75737,"sc":2,"lpe":99.39,"lpr":11780.09,"lq":1.0,"d":4441},{"pi":"423162","pc":"Товары для дома","ss":100000,"td":"Фешенебельный район","dc":7,"n":475.26,"vc":"около 50 000","sl":"Элитный","sv":"около 100","p":24873.39,"q":25.9,"b":2.35,"ms":0.13,"wi":41.76,"ei":8.78,"as":296.55,"mi":"E","mv":75737,"sc":2,"lpe":99.39,"lpr":11780.09,"lq":1.0,"d":4441},{"pi":"423162","pc":"Товары для дома","ss":100000,"td":"Центр города","dc":10,"n":668.34,"vc":"более 1 000 000","sl":"Очень низкий","sv":"около 500","p":39107.99,"q":24.35,"b":2.78,"ms":1.04,"wi":28.04,"ei":5.17,"as":266.66,"mi":"E","mv":34761,"sc":1,"lpe":98.96,"lpr":7863.71,"lq":1.0,"d":2384},{"pi":"423162","pc":"Товары для дома","ss":100000,"td":"Фешенебельный район","dc":9,"n":673.01,"vc":"более 100 000","sl":"Нормальный","sv":"менее 50","p":14687.86,"q":24.35,"b":3.58,"ms":0.2,"wi":14.88,"ei":5.88,"as":325.21,"mi":"E","mv":5049,"sc":1,"lpe":99.8,"lpr":3692.39,"lq":1.0,"d":263},{"pi":"423162","pc":"Товары для дома","ss":100000,"td":"Фешенебельный район","dc":1,"n":690.92,"vc":"более 100 000","sl":"Элитный","sv":"около 500","p":120000.0,"q":34.2,"b":5.11,"ms":4.97,"wi":74.46,"ei":10.04,"as":1361.71,"mi":"E","mv":7116,"sc":1,"lpe":95.03,"lpr":24497.73,"lq":1.0,"d":541},{"pi":"423162","pc":"Товары для дома","ss":100000,"td":"Фешенебельный район","dc":1,"n":690.66,"vc":"более 100 000","sl":"Элитный","sv":"более 200","p":88200.0,"q":34.2,"b":5.11,"ms":3.13,"wi":60.58,"ei":10.27,"as":1004.55,"mi":"E","mv":9350,"sc":2,"lpe":96.75,"lpr":19189.89,"lq":1.0,"d":950},{"pi":"423162","pc":"Товары для дома","ss":100000,"td":"Центр города","dc":3,"n":474.03,"vc":"более 100 000","sl":"Очень высокий","sv":"менее 50","p":80000.0,"q":11.29,"b":0.0,"ms":0.12,"wi":60.58,"ei":10.27,"as":1004.55,"mi":"E","mv":9350,"sc":2,"lpe":96.75,"lpr":19189.89,"lq":1.0,"d":950},{"pi":"423162","pc":"Товары для дома","ss":100000,"td":"Центр города","dc":10,"n":663.68,"vc":"более 1 000 000","sl":"Очень низкий","sv":"более 3 000","p":30869.42,"q":24.37,"b":2.78,"ms":9.85,"wi":34.67,"ei":6.79,"as":342.3,"mi":"E","mv":31710,"sc":1,"lpe":90.15,"lpr":7603.39,"lq":1.0,"d":1895},{"pi":"423162","pc":"Товары для дома","ss":100000,"td":"Фешенебельный район","dc":1,"n":692.14,"vc":"более 100 000","sl":"Элитный","sv":"более 200","p":120000.0,"q":34.21,"b":5.11,"ms":2.92,"wi":86.42,"ei":8.91,"as":872.27,"mi":"E","mv":9359,"sc":2,"lpe":96.4,"lpr":25258.53,"lq":1.0,"d":416},{"pi":"423162","pc":"Товары для дома","ss":100000,"td":"Центр города","dc":2,"n":495.01,"vc":"более 100 000","sl":"Очень высокий","sv":"около 50","p":90000.0,"q":11.29,"b":0.0,"ms":0.68,"wi":86.42,"ei":8.91,"as":872.27,"mi":"E","mv":9359,"sc":2,"lpe":96.4,"lpr":25258.53,"lq":1.0,"d":416},{"pi":"423162","pc":"Товары для дома","ss":100000,"td":"Фешенебельный район","dc":9,"n":687.22,"vc":"около 500 000","sl":"Низкий","sv":"менее 50","p":13353.86,"q":24.35,"b":1.58,"ms":0.02,"wi":31.11,"ei":15.07,"as":449.38,"mi":"E","mv":57620,"sc":1,"lpe":99.98,"lpr":11860.38,"lq":1.0,"d":4857},{"pi":"423162","pc":"Товары для дома","ss":100000,"td":"Центр города","dc":1,"n":468.37,"vc":"более 200 000","sl":"Элитный","sv":"около 1 000","p":135000.0,"q":13.25,"b":0.0,"ms":1.91,"wi":57.77,"ei":9.84,"as":399.03,"mi":"E","mv":52445,"sc":1,"lpe":98.09,"lpr":49899.88,"lq":1.0,"d":3316},{"pi":"423162","pc":"Товары для дома","ss":100000,"td":"Центр города","dc":1,"n":382.95,"vc":"более 100 000","sl":"Очень высокий","sv":"более 1 000","p":100000.0,"q":11.91,"b":0.0,"ms":2.88,"wi":101.91,"ei":5.55,"as":756.37,"mi":"E","mv":57723,"sc":2,"lpe":94.45,"lpr":34899.03,"lq":1.0,"d":2460},{"pi":"423162","pc":"Товары для дома","ss":100000,"td":"Фешенебельный район","dc":1,"n":589.9,"vc":"более 100 000","sl":"Элитный","sv":"более 1 000","p":150000.0,"q":17.82,"b":5.17,"ms":2.67,"wi":101.91,"ei":5.55,"as":756.37,"mi":"E","mv":57723,"sc":2,"lpe":94.45,"lpr":34899.03,"lq":1.0,"d":2460},{"pi":"423162","pc":"Товары для дома","ss":100000,"td":"Фешенебельный район","dc":1,"n":546.98,"vc":"более 100 000","sl":"Элитный","sv":"более 20 000","p":24130.81,"q":34.23,"b":4.5,"ms":11.35,"wi":105.21,"ei":13.87,"as":803.35,"mi":"E","mv":220573,"sc":4,"lpe":84.45,"lpr":44335.33,"lq":1.34,"d":9315},{"pi":"423162","pc":"Товары для дома","ss":100000,"td":"Центр города","dc":1,"n":296.56,"vc":"около 100 000","sl":"Элитный","sv":"около 10 000","p":120000.0,"q":12.06,"b":3.03,"ms":3.74,"wi":105.21,"ei":13.87,"as":803.35,"mi":"E","mv":220573,"sc":4,"lpe":84.45,"lpr":44335.33,"lq":1.34,"d":9315},{"pi":"423162","pc":"Товары для дома","ss":100000,"td":"Окраина","dc":1,"n":396.05,"vc":"более 100 000","sl":"Элитный","sv":"около 1 000","p":60000.0,"q":16.64,"b":4.5,"ms":0.45,"wi":105.21,"ei":13.87,"as":803.35,"mi":"E","mv":220573,"sc":4,"lpe":84.45,"lpr":44335.33,"lq":1.34,"d":9315},{"pi":"423162","pc":"Товары для дома","ss":100000,"td":"Центр города","dc":1,"n":511.85,"vc":"около 500 000","sl":"Очень высокий","sv":"менее 50","p":38000.0,"q":18.6,"b":0.0,"ms":0.0,"wi":105.21,"ei":13.87,"as":803.35,"mi":"E","mv":220573,"sc":4,"lpe":84.45,"lpr":44335.33,"lq":1.34,"d":9315},{"pi":"423162","pc":"Товары для дома","ss":10000,"td":"Центр города","dc":2,"n":293.64,"vc":"более 10 000","sl":"Элитный","sv":"более 2 000","p":1999.91,"q":24.03,"b":0.0,"ms":1.64,"wi":57.42,"ei":5.96,"as":448.87,"mi":"E","mv":129667,"sc":4,"lpe":97.25,"lpr":20360.6,"lq":1.0,"d":5974},{"pi":"423162","pc":"Товары для дома","ss":10000,"td":"Спальный район","dc":2,"n":293.64,"vc":"около 10 000","sl":"Элитный","sv":"более 1 000","p":1999.91,"q":24.03,"b":0.0,"ms":0.96,"wi":57.42,"ei":5.96,"as":448.87,"mi":"E","mv":129667,"sc":4,"lpe":97.25,"lpr":20360.6,"lq":1.0,"d":5974},{"pi":"423162","pc":"Товары для дома","ss":100000,"td":"Фешенебельный район","dc":3,"n":390.68,"vc":"более 20 000","sl":"Элитный","sv":"более 100","p":122000.0,"q":15.82,"b":0.62,"ms":0.09,"wi":57.42,"ei":5.96,"as":448.87,"mi":"E","mv":129667,"sc":4,"lpe":97.25,"lpr":20360.6,"lq":1.0,"d":5974},{"pi":"423162","pc":"Товары для дома","ss":100000,"td":"Центр города","dc":1,"n":219.46,"vc":"около 50 000","sl":"Элитный","sv":"около 100","p":52999.0,"q":15.58,"b":0.0,"ms":0.06,"wi":57.42,"ei":5.96,"as":448.87,"mi":"E","mv":129667,"sc":4,"lpe":97.25,"lpr":20360.6,"lq":1.0,"d":5974},{"pi":"423162","pc":"Товары для дома","ss":100000,"td":"Фешенебельный район","dc":1,"n":600.28,"vc":"более 200 000","sl":"Элитный","sv":"более 20 000","p":70000.0,"q":34.23,"b":4.5,"ms":22.55,"wi":89.8,"ei":6.71,"as":470.88,"mi":"E","mv":111048,"sc":3,"lpe":66.99,"lpr":37327.87,"lq":1.68,"d":4994},{"pi":"423162","pc":"Товары для дома","ss":100000,"td":"Центр города","dc":1,"n":340.26,"vc":"более 100 000","sl":"Элитный","sv":"около 10 000","p":100000.0,"q":12.4,"b":3.03,"ms":9.01,"wi":89.8,"ei":6.71,"as":470.88,"mi":"E","mv":111048,"sc":3,"lpe":66.99,"lpr":37327.87,"lq":1.68,"d":4994},{"pi":"423162","pc":"Товары для дома","ss":100000,"td":"Центр города","dc":1,"n":489.29,"vc":"около 500 000","sl":"Элитный","sv":"более 1 000","p":158267.06,"q":15.06,"b":0.0,"ms":1.46,"wi":89.8,"ei":6.71,"as":470.88,"mi":"E","mv":111048,"sc":3,"lpe":66.99,"lpr":37327.87,"lq":1.68,"d":4994},{"pi":"423162","pc":"Товары для дома","ss":500,"td":"Фешенебельный район","dc":1,"n":699.27,"vc":"более 200","sl":"Элитный","sv":"около 300","p":20280.86,"q":23.85,"b":2.08,"ms":7.32,"wi":64.91,"ei":10.23,"as":1395.94,"mi":"E","mv":4097,"sc":4,"lpe":90.77,"lpr":13721.86,"lq":1.0,"d":185},{"pi":"423162","pc":"Товары для дома","ss":1000,"td":"Центр города","dc":1,"n":338.16,"vc":"более 2 000","sl":"Очень высокий","sv":"около 50","p":48000.0,"q":15.42,"b":4.3,"ms":1.46,"wi":64.91,"ei":10.23,"as":1395.94,"mi":"E","mv":4097,"sc":4,"lpe":90.77,"lpr":13721.86,"lq":1.0,"d":185},{"pi":"423162","pc":"Товары для дома","ss":1000,"td":"Фешенебельный район","dc":9,"n":679.43,"vc":"более 1 000","sl":"Низкий","sv":"менее 50","p":14424.13,"q":24.35,"b":0.0,"ms":0.24,"wi":64.91,"ei":10.23,"as":1395.94,"mi":"E","mv":4097,"sc":4,"lpe":90.77,"lpr":13721.86,"lq":1.0,"d":185},{"pi":"423162","pc":"Товары для дома","ss":500,"td":"Фешенебельный район","dc":1,"n":608.04,"vc":"более 100","sl":"Элитный","sv":"менее 50","p":46000.0,"q":15.55,"b":4.3,"ms":0.2,"wi":64.91,"ei":10.23,"as":1395.94,"mi":"E","mv":4097,"sc":4,"lpe":90.77,"lpr":13721.86,"lq":1.0,"d":185},{"pi":"423162","pc":"Товары для дома","ss":500,"td":"Фешенебельный район","dc":5,"n":11.21,"vc":"около 50","sl":"Элитный","sv":"менее 50","p":40000.0,"q":24.51,"b":0.0,"ms":0.0,"wi":61.93,"ei":9.19,"as":614.3,"mi":"E","mv":90104,"sc":1,"lpe":100.0,"lpr":34308.07,"lq":1.0,"d":4618},{"pi":"423162","pc":"Товары для дома","ss":100000,"td":"Центр города","dc":10,"n":668.34,"vc":"более 1 000 000","sl":"Очень низкий","sv":"более 200","p":34599.6,"q":24.35,"b":2.78,"ms":1.56,"wi":23.05,"ei":6.02,"as":252.1,"mi":"E","mv":17268,"sc":1,"lpe":98.44,"lpr":7146.58,"lq":1.0,"d":1240},{"pi":"423162","pc":"Товары для дома","ss":500,"td":"Фешенебельный район","dc":1,"n":656.13,"vc":"около 500","sl":"Очень высокий","sv":"более 200","p":100000.0,"q":17.83,"b":5.2,"ms":2.35,"wi":128.93,"ei":6.4,"as":1037.46,"mi":"E","mv":12683,"sc":2,"lpe":96.34,"lpr":19866.11,"lq":1.0,"d":551},{"pi":"423162","pc":"Товары для дома","ss":500,"td":"Фешенебельный район","dc":1,"n":656.13,"vc":"около 500","sl":"Очень высокий","sv":"более 100","p":100000.0,"q":17.84,"b":5.2,"ms":1.31,"wi":128.93,"ei":6.4,"as":1037.46,"mi":"E","mv":12683,"sc":2,"lpe":96.34,"lpr":19866.11,"lq":1.0,"d":551},{"pi":"423162","pc":"Товары для дома","ss":100000,"td":"Фешенебельный район","dc":10,"n":663.66,"vc":"более 100 000","sl":"Нормальный","sv":"менее 50","p":49506.71,"q":24.35,"b":2.25,"ms":0.15,"wi":50.57,"ei":6.85,"as":545.07,"mi":"E","mv":6678,"sc":1,"lpe":99.85,"lpr":18710.36,"lq":1.0,"d":676},{"pi":"423162","pc":"Товары для дома","ss":100000,"td":"Центр города","dc":1,"n":443.77,"vc":"более 200 000","sl":"Элитный","sv":"менее 50","p":57000.0,"q":13.25,"b":0.0,"ms":0.0,"wi":48.55,"ei":13.47,"as":398.49,"mi":"E","mv":62624,"sc":1,"lpe":100.0,"lpr":15934.53,"lq":1.0,"d":2831},{"pi":"423162","pc":"Товары для дома","ss":100000,"td":"Центр города","dc":1,"n":570.15,"vc":"более 300 000","sl":"Элитный","sv":"около 500","p":35000.0,"q":16.77,"b":5.52,"ms":7.86,"wi":47.26,"ei":5.95,"as":452.56,"mi":"E","mv":4812,"sc":1,"lpe":92.14,"lpr":5994.42,"lq":1.0,"d":501},{"pi":"423162","pc":"Товары для дома","ss":1000,"td":"Центр города","dc":2,"n":150.18,"vc":"более 1 000","sl":"Очень высокий","sv":"около 100","p":35000.0,"q":26.75,"b":0.0,"ms":0.21,"wi":30.42,"ei":13.36,"as":350.27,"mi":"E","mv":40873,"sc":1,"lpe":99.79,"lpr":11116.56,"lq":1.0,"d":3072},{"pi":"423162","pc":"Товары для дома","ss":100000,"td":"Центр города","dc":1,"n":693.54,"vc":"более 1 000 000","sl":"Нормальный","sv":"более 1 000","p":200000.0,"q":34.22,"b":4.23,"ms":8.42,"wi":153.98,"ei":9.67,"as":1800.45,"mi":"E","mv":17157,"sc":2,"lpe":85.76,"lpr":52992.33,"lq":9.67,"d":853},{"pi":"423162","pc":"Товары для дома","ss":100000,"td":"Центр города","dc":1,"n":501.24,"vc":"более 100 000","sl":"Элитный","sv":"около 1 000","p":80000.0,"q":16.64,"b":1.33,"ms":5.83,"wi":153.98,"ei":9.67,"as":1800.45,"mi":"E","mv":17157,"sc":2,"lpe":85.76,"lpr":52992.33,"lq":9.67,"d":853},{"pi":"423162","pc":"Товары для дома","ss":100000,"td":"Центр города","dc":1,"n":522.12,"vc":"около 500 000","sl":"Очень высокий","sv":"около 5 000","p":90000.0,"q":11.29,"b":0.49,"ms":10.59,"wi":60.17,"ei":10.56,"as":378.1,"mi":"E","mv":61817,"sc":4,"lpe":89.21,"lpr":27184.82,"lq":4.59,"d":6232},{"pi":"423162","pc":"Товары для дома","ss":100000,"td":"Центр города","dc":9,"n":365.85,"vc":"более 100 000","sl":"Нормальный","sv":"около 100","p":145000.0,"q":19.42,"b":3.45,"ms":0.13,"wi":60.17,"ei":10.56,"as":378.1,"mi":"E","mv":61817,"sc":4,"lpe":89.21,"lpr":27184.82,"lq":4.59,"d":6232},{"pi":"423162","pc":"Товары для дома","ss":100000,"td":"Центр города","dc":2,"n":545.57,"vc":"около 500 000","sl":"Нормальный","sv":"около 50","p":120000.0,"q":10.39,"b":0.0,"ms":0.06,"wi":60.17,"ei":10.56,"as":378.1,"mi":"E","mv":61817,"sc":4,"lpe":89.21,"lpr":27184.82,"lq":4.59,"d":6232},{"pi":"423162","pc":"Товары для дома","ss":100000,"td":"Центр города","dc":2,"n":283.94,"vc":"около 50 000","sl":"Элитный","sv":"менее 50","p":120000.0,"q":14.06,"b":0.0,"ms":0.01,"wi":60.17,"ei":10.56,"as":378.1,"mi":"E","mv":61817,"sc":4,"lpe":89.21,"lpr":27184.82,"lq":4.59,"d":6232},{"pi":"423162","pc":"Товары для дома","ss":100000,"td":"Фешенебельный район","dc":5,"n":558.35,"vc":"более 100 000","sl":"Очень высокий","sv":"около 500","p":104980.43,"q":23.85,"b":2.42,"ms":0.81,"wi":103.3,"ei":6.86,"as":986.71,"mi":"E","mv":61476,"sc":1,"lpe":99.19,"lpr":34935.69,"lq":1.0,"d":2516},{"pi":"423162","pc":"Товары для дома","ss":100000,"td":"Фешенебельный район","dc":3,"n":684.82,"vc":"более 200 000","sl":"Очень высокий","sv":"около 500","p":25678.82,"q":23.85,"b":1.72,"ms":1.71,"wi":42.97,"ei":7.04,"as":689.17,"mi":"E","mv":29323,"sc":1,"lpe":98.29,"lpr":14824.94,"lq":1.0,"d":1215},{"pi":"423162","pc":"Товары для дома","ss":100000,"td":"Центр города","dc":2,"n":436.02,"vc":"более 100 000","sl":"Очень высокий","sv":"менее 50","p":85000.0,"q":15.13,"b":0.0,"ms":0.0,"wi":25.78,"ei":5.86,"as":525.34,"mi":"E","mv":21411,"sc":1,"lpe":99.99,"lpr":11648.59,"lq":1.0,"d":2664},{"pi":"423162","pc":"Товары для дома","ss":100000,"td":"Фешенебельный район","dc":3,"n":534.48,"vc":"около 50 000","sl":"Элитный","sv":"менее 50","p":100000.0,"q":10.68,"b":0.0,"ms":0.18,"wi":37.68,"ei":5.52,"as":578.38,"mi":"E","mv":5989,"sc":1,"lpe":99.82,"lpr":17782.9,"lq":1.0,"d":662},{"pi":"423162","pc":"Товары для дома","ss":100000,"td":"Центр города","dc":2,"n":532.27,"vc":"около 500 000","sl":"Очень высокий","sv":"около 1 000","p":120000.0,"q":13.25,"b":0.0,"ms":2.88,"wi":66.49,"ei":11.25,"as":422.13,"mi":"E","mv":34668,"sc":5,"lpe":96.05,"lpr":47381.25,"lq":1.0,"d":1852},{"pi":"423162","pc":"Товары для дома","ss":100000,"td":"Фешенебельный район","dc":9,"n":428.47,"vc":"более 20 000","sl":"Очень высокий","sv":"более 100","p":150000.0,"q":19.66,"b":4.06,"ms":0.51,"wi":66.49,"ei":11.25,"as":422.13,"mi":"E","mv":34668,"sc":5,"lpe":96.05,"lpr":47381.25,"lq":1.0,"d":1852},{"pi":"423162","pc":"Товары для дома","ss":100000,"td":"Фешенебельный район","dc":3,"n":418.98,"vc":"более 20 000","sl":"Элитный","sv":"более 100","p":215000.0,"q":9.92,"b":0.0,"ms":0.35,"wi":66.49,"ei":11.25,"as":422.13,"mi":"E","mv":34668,"sc":5,"lpe":96.05,"lpr":47381.25,"lq":1.0,"d":1852},{"pi":"423162","pc":"Товары для дома","ss":100000,"td":"Центр города","dc":1,"n":449.23,"vc":"более 100 000","sl":"Элитный","sv":"около 50","p":130800.0,"q":11.12,"b":0.0,"ms":0.17,"wi":66.49,"ei":11.25,"as":422.13,"mi":"E","mv":34668,"sc":5,"lpe":96.05,"lpr":47381.25,"lq":1.0,"d":1852},{"pi":"423162","pc":"Товары для дома","ss":100000,"td":"Центр города","dc":1,"n":580.79,"vc":"около 500 000","sl":"Очень высокий","sv":"менее 50","p":120000.0,"q":15.14,"b":0.0,"ms":0.03,"wi":66.49,"ei":11.25,"as":422.13,"mi":"E","mv":34668,"sc":5,"lpe":96.05,"lpr":47381.25,"lq":1.0,"d":1852},{"pi":"423162","pc":"Товары для дома","ss":100000,"td":"Центр города","dc":1,"n":447.09,"vc":"более 100 000","sl":"Элитный","sv":"более 1 000","p":175500.0,"q":11.69,"b":0.0,"ms":6.24,"wi":79.93,"ei":8.4,"as":865.82,"mi":"E","mv":21385,"sc":5,"lpe":92.52,"lpr":43965.4,"lq":1.0,"d":1983},{"pi":"423162","pc":"Товары для дома","ss":100000,"td":"Центр города","dc":9,"n":456.81,"vc":"более 100 000","sl":"Нормальный","sv":"более 100","p":148000.0,"q":19.66,"b":4.55,"ms":0.83,"wi":79.93,"ei":8.4,"as":865.82,"mi":"E","mv":21385,"sc":5,"lpe":92.52,"lpr":43965.4,"lq":1.0,"d":1983},{"pi":"423162","pc":"Товары для дома","ss":100,"td":"Фешенебельный район","dc":1,"n":256.98,"vc":"менее 50","sl":"Очень высокий","sv":"около 50","p":50000.0,"q":16.64,"b":7.73,"ms":0.33,"wi":79.93,"ei":8.4,"as":865.82,"mi":"E","mv":21385,"sc":5,"lpe":92.52,"lpr":43965.4,"lq":1.0,"d":1983},{"pi":"423162","pc":"Товары для дома","ss":100000,"td":"Фешенебельный район","dc":1,"n":30.27,"vc":"около 500","sl":"Элитный","sv":"менее 50","p":150000.0,"q":9.02,"b":0.0,"ms":0.07,"wi":79.93,"ei":8.4,"as":865.82,"mi":"E","mv":21385,"sc":5,"lpe":92.52,"lpr":43965.4,"lq":1.0,"d":1983},{"pi":"423162","pc":"Товары для дома","ss":100000,"td":"Фешенебельный район","dc":3,"n":476.08,"vc":"около 50 000","sl":"Элитный","sv":"менее 50","p":270000.0,"q":10.7,"b":0.0,"ms":0.01,"wi":79.93,"ei":8.4,"as":865.82,"mi":"E","mv":21385,"sc":5,"lpe":92.52,"lpr":43965.4,"lq":1.0,"d":1983},{"pi":"423162","pc":"Товары для дома","ss":100000,"td":"Центр города","dc":9,"n":532.33,"vc":"более 300 000","sl":"Низкий","sv":"менее 50","p":148000.0,"q":19.33,"b":4.55,"ms":0.22,"wi":73.23,"ei":8.34,"as":986.88,"mi":"E","mv":7773,"sc":2,"lpe":99.65,"lpr":29068.26,"lq":1.0,"d":469},{"pi":"423162","pc":"Товары для дома","ss":100000,"td":"Центр города","dc":1,"n":523.89,"vc":"более 200 000","sl":"Очень высокий","sv":"менее 50","p":100000.0,"q":15.14,"b":0.0,"ms":0.13,"wi":73.23,"ei":8.34,"as":986.88,"mi":"E","mv":7773,"sc":2,"lpe":99.65,"lpr":29068.26,"lq":1.0,"d":469},{"pi":"423162","pc":"Товары для дома","ss":100000,"td":"Фешенебельный район","dc":10,"n":677.8,"vc":"более 100 000","sl":"Нормальный","sv":"более 200","p":42657.9,"q":24.35,"b":2.25,"ms":2.65,"wi":9.71,"ei":7.58,"as":218.01,"mi":"E","mv":8157,"sc":1,"lpe":97.35,"lpr":7632.04,"lq":1.0,"d":9798},{"pi":"423162","pc":"Товары для дома","ss":10000,"td":"Центр города","dc":1,"n":597.76,"vc":"около 50 000","sl":"Высокий","sv":"около 1 000","p":20000.0,"q":16.64,"b":5.62,"ms":2.69,"wi":62.99,"ei":8.75,"as":542.06,"mi":"E","mv":37239,"sc":2,"lpe":94.92,"lpr":16737.53,"lq":1.0,"d":2349},{"pi":"423162","pc":"Товары для дома","ss":10000,"td":"Фешенебельный район","dc":10,"n":663.68,"vc":"более 20 000","sl":"Низкий","sv":"около 1 000","p":14561.78,"q":24.35,"b":0.0,"ms":2.39,"wi":62.99,"ei":8.75,"as":542.06,"mi":"E","mv":37239,"sc":2,"lpe":94.92,"lpr":16737.53,"lq":1.0,"d":2349},{"pi":"423162","pc":"Товары для дома","ss":10000,"td":"Спальный район","dc":1,"n":566.83,"vc":"около 50 000","sl":"Высокий","sv":"около 5 000","p":80000.0,"q":16.64,"b":5.62,"ms":6.14,"wi":84.34,"ei":6.6,"as":536.85,"mi":"E","mv":81462,"sc":2,"lpe":93.25,"lpr":32106.09,"lq":1.0,"d":3367},{"pi":"423162","pc":"Товары для дома","ss":10000,"td":"Фешенебельный район","dc":3,"n":489.91,"vc":"около 10 000","sl":"Элитный","sv":"около 500","p":11011.0,"q":25.9,"b":1.4,"ms":0.61,"wi":84.34,"ei":6.6,"as":536.85,"mi":"E","mv":81462,"sc":2,"lpe":93.25,"lpr":32106.09,"lq":1.0,"d":3367},{"pi":"423162","pc":"Товары для дома","ss":1000,"td":"Центр города","dc":1,"n":388.5,"vc":"около 500","sl":"Элитный","sv":"менее 50","p":92000.0,"q":15.14,"b":0.0,"ms":3.03,"wi":45.32,"ei":5.63,"as":831.41,"mi":"E","mv":165,"sc":1,"lpe":96.36,"lpr":21042.07,"lq":1.0,"d":70},{"pi":"423162","pc":"Товары для дома","ss":10000,"td":"Спальный район","dc":1,"n":600.38,"vc":"более 20 000","sl":"Элитный","sv":"более 200","p":183000.0,"q":8.48,"b":0.0,"ms":5.0,"wi":170.37,"ei":9.3,"as":3947.5,"mi":"E","mv":5523,"sc":1,"lpe":95.0,"lpr":66307.16,"lq":1.0,"d":319},{"pi":"423162","pc":"Товары для дома","ss":100000,"td":"Центр города","dc":1,"n":466.27,"vc":"более 100 000","sl":"Элитный","sv":"около 1 000","p":80000.0,"q":16.64,"b":0.0,"ms":5.21,"wi":133.29,"ei":12.92,"as":4489.32,"mi":"E","mv":19186,"sc":1,"lpe":94.79,"lpr":35226.91,"lq":1.0,"d":940},{"pi":"423162","pc":"Товары для дома","ss":100000,"td":"Центр города","dc":1,"n":466.54,"vc":"более 100 000","sl":"Элитный","sv":"около 3 000","p":80000.0,"q":16.64,"b":0.0,"ms":14.36,"wi":150.0,"ei":13.64,"as":4851.15,"mi":"E","mv":20891,"sc":2,"lpe":85.16,"lpr":47277.49,"lq":8.47,"d":890},{"pi":"423162","pc":"Товары для дома","ss":10000,"td":"Центр города","dc":1,"n":594.84,"vc":"около 50 000","sl":"Высокий","sv":"около 100","p":75000.0,"q":15.55,"b":1.97,"ms":0.48,"wi":150.0,"ei":13.64,"as":4851.15,"mi":"E","mv":20891,"sc":2,"lpe":85.16,"lpr":47277.49,"lq":8.47,"d":890},{"pi":"423162","pc":"Товары для дома","ss":10000,"td":"Центр города","dc":1,"n":444.53,"vc":"более 10 000","sl":"Элитный","sv":"более 200","p":120000.0,"q":11.38,"b":0.0,"ms":13.44,"wi":177.29,"ei":8.68,"as":4301.71,"mi":"E","mv":2210,"sc":1,"lpe":86.56,"lpr":47535.64,"lq":3.56,"d":181},{"pi":"423162","pc":"Товары для дома","ss":100000,"td":"Центр города","dc":2,"n":696.12,"vc":"около 1 000 000","sl":"Нормальный","sv":"более 200","p":100000.0,"q":15.37,"b":1.97,"ms":7.97,"wi":122.87,"ei":8.87,"as":3799.76,"mi":"E","mv":2925,"sc":1,"lpe":92.03,"lpr":25264.98,"lq":1.0,"d":209},{"pi":"423162","pc":"Товары для дома","ss":500,"td":"Фешенебельный район","dc":9,"n":117.33,"vc":"менее 50","sl":"Элитный","sv":"менее 50","p":14687.6,"q":24.35,"b":3.29,"ms":0.21,"wi":17.85,"ei":5.4,"as":282.66,"mi":"E","mv":4800,"sc":1,"lpe":99.79,"lpr":3838.98,"lq":1.0,"d":242},{"pi":"423162","pc":"Товары для дома","ss":100000,"td":"Фешенебельный район","dc":1,"n":684.78,"vc":"более 100 000","sl":"Элитный","sv":"около 500","p":35000.0,"q":16.89,"b":5.52,"ms":7.24,"wi":42.51,"ei":10.5,"as":816.76,"mi":"E","mv":9504,"sc":1,"lpe":92.76,"lpr":6947.95,"lq":1.0,"d":2532},{"pi":"423162","pc":"Товары для дома","ss":100000,"td":"Центр города","dc":1,"n":703.52,"vc":"более 1 000 000","sl":"Нормальный","sv":"около 50","p":200000.0,"q":34.22,"b":4.23,"ms":0.44,"wi":103.68,"ei":7.68,"as":1568.05,"mi":"E","mv":13141,"sc":1,"lpe":99.56,"lpr":40608.56,"lq":1.0,"d":634},{"pi":"423162","pc":"Товары для дома","ss":100000,"td":"Центр города","dc":1,"n":589.94,"vc":"около 500 000","sl":"Очень высокий","sv":"около 500","p":35000.0,"q":16.86,"b":5.52,"ms":8.49,"wi":41.35,"ei":6.86,"as":324.2,"mi":"E","mv":8683,"sc":1,"lpe":91.51,"lpr":5920.96,"lq":1.0,"d":767},{"pi":"423162","pc":"Товары для дома","ss":100000,"td":"Центр города","dc":1,"n":541.03,"vc":"более 200 000","sl":"Элитный","sv":"около 1 000","p":35000.0,"q":16.65,"b":5.52,"ms":3.43,"wi":40.44,"ei":6.34,"as":216.87,"mi":"E","mv":27405,"sc":1,"lpe":96.57,"lpr":6502.77,"lq":1.0,"d":1495},{"pi":"423162","pc":"Товары для дома","ss":100000,"td":"Центр города","dc":1,"n":385.19,"vc":"более 100 000","sl":"Очень высокий","sv":"около 5 000","p":100000.0,"q":11.54,"b":2.96,"ms":3.65,"wi":60.74,"ei":5.73,"as":513.33,"mi":"E","mv":200817,"sc":5,"lpe":95.54,"lpr":29124.49,"lq":1.0,"d":9704},{"pi":"423162","pc":"Товары для дома","ss":100000,"td":"Фешенебельный район","dc":1,"n":457.67,"vc":"около 50 000","sl":"Элитный","sv":"более 1 000","p":100000.0,"q":9.75,"b":0.0,"ms":0.72,"wi":60.74,"ei":5.73,"as":513.33,"mi":"E","mv":200817,"sc":5,"lpe":95.54,"lpr":29124.49,"lq":1.0,"d":9704},{"pi":"423162","pc":"Товары для дома","ss":100000,"td":"Центр города","dc":9,"n":315.84,"vc":"более 100 000","sl":"Низкий","sv":"более 100","p":126000.0,"q":19.47,"b":2.96,"ms":0.08,"wi":60.74,"ei":5.73,"as":513.33,"mi":"E","mv":200817,"sc":5,"lpe":95.54,"lpr":29124.49,"lq":1.0,"d":9704},{"pi":"423162","pc":"Товары для дома","ss":100000,"td":"Фешенебельный район","dc":10,"n":622.83,"vc":"более 200 000","sl":"Низкий","sv":"менее 50","p":40352.45,"q":24.35,"b":1.6,"ms":0.0,"wi":60.74,"ei":5.73,"as":513.33,"mi":"E","mv":200817,"sc":5,"lpe":95.54,"lpr":29124.49,"lq":1.0,"d":9704},{"pi":"423162","pc":"Товары для дома","ss":100000,"td":"Центр города","dc":10,"n":622.83,"vc":"более 2 000 000","sl":"Очень низкий","sv":"менее 50","p":40352.45,"q":24.35,"b":1.6,"ms":0.0,"wi":60.74,"ei":5.73,"as":513.33,"mi":"E","mv":200817,"sc":5,"lpe":95.54,"lpr":29124.49,"lq":1.0,"d":9704},{"pi":"423162","pc":"Товары для дома","ss":100000,"td":"Фешенебельный район","dc":1,"n":514.3,"vc":"около 50 000","sl":"Элитный","sv":"около 5 000","p":100000.0,"q":16.9,"b":5.26,"ms":6.42,"wi":66.62,"ei":7.76,"as":564.62,"mi":"E","mv":83866,"sc":1,"lpe":93.58,"lpr":23031.14,"lq":1.0,"d":3493},{"pi":"423162","pc":"Товары для дома","ss":100000,"td":"Центр города","dc":2,"n":685.42,"vc":"около 500 000","sl":"Высокий","sv":"около 50","p":142663.6,"q":15.27,"b":0.0,"ms":5.57,"wi":109.47,"ei":8.16,"as":2833.35,"mi":"E","mv":1005,"sc":1,"lpe":94.43,"lpr":30262.96,"lq":1.0,"d":521},{"pi":"423162","pc":"Товары для дома","ss":10000,"td":"Центр города","dc":1,"n":573.43,"vc":"более 20 000","sl":"Элитный","sv":"около 500","p":120000.0,"q":15.53,"b":2.88,"ms":10.2,"wi":113.22,"ei":8.72,"as":3458.72,"mi":"E","mv":5176,"sc":2,"lpe":89.78,"lpr":33428.15,"lq":4.65,"d":346},{"pi":"423162","pc":"Товары для дома","ss":100000,"td":"Центр города","dc":2,"n":688.27,"vc":"около 1 000 000","sl":"Нормальный","sv":"менее 50","p":188334.21,"q":15.28,"b":0.0,"ms":0.02,"wi":113.22,"ei":8.72,"as":3458.72,"mi":"E","mv":5176,"sc":2,"lpe":89.78,"lpr":33428.15,"lq":4.65,"d":346},{"pi":"423162","pc":"Товары для дома","ss":500,"td":"Фешенебельный район","dc":1,"n":680.14,"vc":"около 500","sl":"Очень высокий","sv":"около 200","p":23562.05,"q":23.85,"b":1.6,"ms":1.47,"wi":34.3,"ei":9.54,"as":519.17,"mi":"E","mv":13583,"sc":4,"lpe":97.31,"lpr":9197.52,"lq":1.0,"d":929},{"pi":"423162","pc":"Товары для дома","ss":1000,"td":"Фешенебельный район","dc":1,"n":512.96,"vc":"около 1 000","sl":"Элитный","sv":"более 100","p":41191.17,"q":14.79,"b":0.0,"ms":1.02,"wi":34.3,"ei":9.54,"as":519.17,"mi":"E","mv":13583,"sc":4,"lpe":97.31,"lpr":9197.52,"lq":1.0,"d":929},{"pi":"423162","pc":"Товары для дома","ss":1000,"td":"Центр города","dc":1,"n":378.11,"vc":"более 2 000","sl":"Очень высокий","sv":"менее 50","p":47000.0,"q":15.33,"b":0.0,"ms":0.17,"wi":34.3,"ei":9.54,"as":519.17,"mi":"E","mv":13583,"sc":4,"lpe":97.31,"lpr":9197.52,"lq":1.0,"d":929},{"pi":"423162","pc":"Товары для дома","ss":500,"td":"Центр города","dc":1,"n":267.29,"vc":"около 500","sl":"Очень высокий","sv":"менее 50","p":50000.0,"q":15.47,"b":0.0,"ms":0.03,"wi":34.3,"ei":9.54,"as":519.17,"mi":"E","mv":13583,"sc":4,"lpe":97.31,"lpr":9197.52,"lq":1.0,"d":929},{"pi":"423162","pc":"Товары для дома","ss":100000,"td":"Центр города","dc":1,"n":679.45,"vc":"более 2 000 000","sl":"Низкий","sv":"около 50","p":200000.0,"q":34.22,"b":4.23,"ms":0.11,"wi":75.37,"ei":9.56,"as":419.1,"mi":"E","mv":62217,"sc":2,"lpe":99.87,"lpr":25196.8,"lq":1.0,"d":3663},{"pi":"423162","pc":"Товары для дома","ss":100000,"td":"Центр города","dc":9,"n":650.07,"vc":"более 1 000 000","sl":"Очень низкий","sv":"менее 50","p":19361.61,"q":24.35,"b":1.97,"ms":0.02,"wi":75.37,"ei":9.56,"as":419.1,"mi":"E","mv":62217,"sc":2,"lpe":99.87,"lpr":25196.8,"lq":1.0,"d":3663},{"pi":"423162","pc":"Товары для дома","ss":100000,"td":"Центр города","dc":1,"n":379.52,"vc":"более 100 000","sl":"Элитный","sv":"около 1 000","p":80000.0,"q":16.64,"b":1.33,"ms":0.93,"wi":100.43,"ei":12.79,"as":804.73,"mi":"E","mv":107067,"sc":3,"lpe":98.88,"lpr":26640.85,"lq":1.0,"d":4137},{"pi":"423162","pc":"Товары для дома","ss":100000,"td":"Центр города","dc":1,"n":611.6,"vc":"более 1 000 000","sl":"Нормальный","sv":"более 100","p":200000.0,"q":34.23,"b":4.23,"ms":0.18,"wi":100.43,"ei":12.79,"as":804.73,"mi":"E","mv":107067,"sc":3,"lpe":98.88,"lpr":26640.85,"lq":1.0,"d":4137},{"pi":"423162","pc":"Товары для дома","ss":100000,"td":"Спальный район","dc":9,"n":370.95,"vc":"около 100 000","sl":"Очень высокий","sv":"менее 50","p":158000.0,"q":19.66,"b":3.35,"ms":0.0,"wi":100.43,"ei":12.79,"as":804.73,"mi":"E","mv":107067,"sc":3,"lpe":98.88,"lpr":26640.85,"lq":1.0,"d":4137},{"pi":"423162","pc":"Товары для дома","ss":100000,"td":"Центр города","dc":1,"n":666.19,"vc":"более 1 000 000","sl":"Нормальный","sv":"около 5 000","p":200000.0,"q":34.22,"b":4.23,"ms":8.17,"wi":146.31,"ei":15.52,"as":2307.77,"mi":"E","mv":49687,"sc":3,"lpe":89.55,"lpr":57233.74,"lq":6.97,"d":2095},{"pi":"423162","pc":"Товары для дома","ss":10000,"td":"Спальный район","dc":1,"n":407.3,"vc":"более 10 000","sl":"Элитный","sv":"около 1 000","p":100000.0,"q":11.19,"b":0.0,"ms":1.93,"wi":146.31,"ei":15.52,"as":2307.77,"mi":"E","mv":49687,"sc":3,"lpe":89.55,"lpr":57233.74,"lq":6.97,"d":2095},{"pi":"423162","pc":"Товары для дома","ss":100000,"td":"Окраина","dc":10,"n":418.04,"vc":"около 100 000","sl":"Высокий","sv":"более 100","p":200000.0,"q":19.65,"b":3.35,"ms":0.35,"wi":146.31,"ei":15.52,"as":2307.77,"mi":"E","mv":49687,"sc":3,"lpe":89.55,"lpr":57233.74,"lq":6.97,"d":2095},{"pi":"423162","pc":"Товары для дома","ss":100000,"td":"Центр города","dc":10,"n":675.34,"vc":"более 1 000 000","sl":"Очень низкий","sv":"около 5 000","p":92133.94,"q":24.35,"b":1.97,"ms":8.83,"wi":76.09,"ei":6.5,"as":327.59,"mi":"E","mv":37189,"sc":2,"lpe":91.17,"lpr":19628.18,"lq":1.06,"d":1541},{"pi":"423162","pc":"Товары для дома","ss":100000,"td":"Центр города","dc":1,"n":689.5,"vc":"более 1 000 000","sl":"Нормальный","sv":"менее 50","p":200000.0,"q":33.79,"b":4.23,"ms":0.01,"wi":76.09,"ei":6.5,"as":327.59,"mi":"E","mv":37189,"sc":2,"lpe":91.17,"lpr":19628.18,"lq":1.06,"d":1541},{"pi":"423162","pc":"Товары для дома","ss":100000,"td":"Центр города","dc":1,"n":301.51,"vc":"около 100 000","sl":"Элитный","sv":"около 10 000","p":120000.0,"q":12.38,"b":3.51,"ms":3.85,"wi":132.97,"ei":9.27,"as":1723.67,"mi":"E","mv":208291,"sc":8,"lpe":93.59,"lpr":46841.32,"lq":1.0,"d":8477},{"pi":"423162","pc":"Товары для дома","ss":100000,"td":"Центр города","dc":1,"n":391.11,"vc":"более 200 000","sl":"Элитный","sv":"около 5 000","p":125000.0,"q":10.26,"b":0.0,"ms":1.58,"wi":132.97,"ei":9.27,"as":1723.67,"mi":"E","mv":208291,"sc":8,"lpe":93.59,"lpr":46841.32,"lq":1.0,"d":8477},{"pi":"423162","pc":"Товары для дома","ss":100000,"td":"Центр города","dc":1,"n":467.78,"vc":"около 500 000","sl":"Очень высокий","sv":"около 1 000","p":120000.0,"q":13.29,"b":0.0,"ms":0.48,"wi":132.97,"ei":9.27,"as":1723.67,"mi":"E","mv":208291,"sc":8,"lpe":93.59,"lpr":46841.32,"lq":1.0,"d":8477},{"pi":"423162","pc":"Товары для дома","ss":100000,"td":"Центр города","dc":1,"n":433.71,"vc":"более 200 000","sl":"Элитный","sv":"около 500","p":150000.0,"q":8.03,"b":0.0,"ms":0.24,"wi":132.97,"ei":9.27,"as":1723.67,"mi":"E","mv":208291,"sc":8,"lpe":93.59,"lpr":46841.32,"lq":1.0,"d":8477},{"pi":"423162","pc":"Товары для дома","ss":100000,"td":"Фешенебельный район","dc":1,"n":566.35,"vc":"более 100 000","sl":"Элитный","sv":"более 300","p":200000.0,"q":34.22,"b":4.23,"ms":0.15,"wi":132.97,"ei":9.27,"as":1723.67,"mi":"E","mv":208291,"sc":8,"lpe":93.59,"lpr":46841.32,"lq":1.0,"d":8477},{"pi":"423162","pc":"Товары для дома","ss":100000,"td":"Центр города","dc":1,"n":424.25,"vc":"около 500 000","sl":"Элитный","sv":"более 100","p":200000.0,"q":21.05,"b":1.02,"ms":0.09,"wi":132.97,"ei":9.27,"as":1723.67,"mi":"E","mv":208291,"sc":8,"lpe":93.59,"lpr":46841.32,"lq":1.0,"d":8477},{"pi":"423162","pc":"Товары для дома","ss":100000,"td":"Окраина","dc":9,"n":310.03,"vc":"около 50 000","sl":"Очень высокий","sv":"около 50","p":181000.0,"q":19.66,"b":3.35,"ms":0.03,"wi":132.97,"ei":9.27,"as":1723.67,"mi":"E","mv":208291,"sc":8,"lpe":93.59,"lpr":46841.32,"lq":1.0,"d":8477},{"pi":"423162","pc":"Товары для дома","ss":100000,"td":"Центр города","dc":2,"n":310.97,"vc":"более 100 000","sl":"Элитный","sv":"менее 50","p":120000.0,"q":15.14,"b":0.0,"ms":0.0,"wi":132.97,"ei":9.27,"as":1723.67,"mi":"E","mv":208291,"sc":8,"lpe":93.59,"lpr":46841.32,"lq":1.0,"d":8477},{"pi":"423162","pc":"Товары для дома","ss":100000,"td":"Спальный район","dc":10,"n":696.2,"vc":"около 500 000","sl":"Низкий","sv":"менее 50","p":15911.67,"q":24.35,"b":2.62,"ms":0.89,"wi":51.48,"ei":5.75,"as":1278.05,"mi":"E","mv":1128,"sc":1,"lpe":99.11,"lpr":28723.04,"lq":1.0,"d":224},{"pi":"423162","pc":"Товары для дома","ss":100000,"td":"Фешенебельный район","dc":2,"n":329.61,"vc":"около 10 000","sl":"Элитный","sv":"менее 50","p":80000.0,"q":11.28,"b":0.0,"ms":0.0,"wi":68.47,"ei":6.3,"as":344.56,"mi":"E","mv":62069,"sc":1,"lpe":100.0,"lpr":13911.82,"lq":1.0,"d":4355},{"pi":"423162","pc":"Товары для дома","ss":100000,"td":"Фешенебельный район","dc":1,"n":466.73,"vc":"около 100 000","sl":"Элитный","sv":"более 10 000","p":115000.0,"q":16.67,"b":2.76,"ms":4.47,"wi":108.19,"ei":6.67,"as":874.7,"mi":"E","mv":292873,"sc":5,"lpe":90.97,"lpr":33573.17,"lq":4.11,"d":12114},{"pi":"423162","pc":"Товары для дома","ss":100000,"td":"Фешенебельный район","dc":1,"n":539.99,"vc":"более 100 000","sl":"Элитный","sv":"более 10 000","p":125000.0,"q":17.84,"b":5.67,"ms":4.1,"wi":108.19,"ei":6.67,"as":874.7,"mi":"E","mv":292873,"sc":5,"lpe":90.97,"lpr":33573.17,"lq":4.11,"d":12114},{"pi":"423162","pc":"Товары для дома","ss":100000,"td":"Фешенебельный район","dc":1,"n":539.99,"vc":"более 100 000","sl":"Элитный","sv":"более 1 000","p":125000.0,"q":17.84,"b":5.67,"ms":0.46,"wi":108.19,"ei":6.67,"as":874.7,"mi":"E","mv":292873,"sc":5,"lpe":90.97,"lpr":33573.17,"lq":4.11,"d":12114},{"pi":"423162","pc":"Товары для дома","ss":100000,"td":"Центр города","dc":1,"n":448.44,"vc":"около 500 000","sl":"Очень высокий","sv":"менее 50","p":245000.0,"q":15.13,"b":0.0,"ms":0.0,"wi":108.19,"ei":6.67,"as":874.7,"mi":"E","mv":292873,"sc":5,"lpe":90.97,"lpr":33573.17,"lq":4.11,"d":12114},{"pi":"423162","pc":"Товары для дома","ss":10000,"td":"Центр города","dc":4,"n":28.63,"vc":"более 2 000","sl":"Элитный","sv":"менее 50","p":125000.0,"q":24.16,"b":3.96,"ms":0.0,"wi":108.19,"ei":6.67,"as":874.7,"mi":"E","mv":292873,"sc":5,"lpe":90.97,"lpr":33573.17,"lq":4.11,"d":12114},{"pi":"423162","pc":"Товары для дома","ss":100000,"td":"Центр города","dc":10,"n":600.19,"vc":"более 1 000 000","sl":"Очень низкий","sv":"более 10 000","p":40352.57,"q":24.35,"b":2.56,"ms":4.59,"wi":33.37,"ei":5.09,"as":182.41,"mi":"E","mv":350731,"sc":2,"lpe":95.41,"lpr":14248.71,"lq":1.0,"d":22072},{"pi":"423162","pc":"Товары для дома","ss":100000,"td":"Центр города","dc":8,"n":296.35,"vc":"около 100 000","sl":"Очень высокий","sv":"менее 50","p":100000.0,"q":16.07,"b":0.0,"ms":0.0,"wi":33.37,"ei":5.09,"as":182.41,"mi":"E","mv":350731,"sc":2,"lpe":95.41,"lpr":14248.71,"lq":1.0,"d":22072},{"pi":"423162","pc":"Товары для дома","ss":100000,"td":"Центр города","dc":3,"n":452.04,"vc":"более 100 000","sl":"Элитный","sv":"менее 50","p":150000.0,"q":11.29,"b":0.0,"ms":0.02,"wi":75.97,"ei":9.64,"as":709.18,"mi":"E","mv":5979,"sc":1,"lpe":99.98,"lpr":29187.47,"lq":1.0,"d":316},{"pi":"423162","pc":"Товары для дома","ss":100000,"td":"Центр города","dc":1,"n":245.45,"vc":"около 50 000","sl":"Элитный","sv":"менее 50","p":60000.0,"q":15.32,"b":0.0,"ms":0.01,"wi":52.01,"ei":4.8,"as":338.83,"mi":"E","mv":305864,"sc":1,"lpe":99.99,"lpr":14210.97,"lq":1.0,"d":11930},{"pi":"423162","pc":"Товары для дома","ss":100000,"td":"Центр города","dc":1,"n":697.94,"vc":"более 1 000 000","sl":"Нормальный","sv":"менее 50","p":200000.0,"q":32.24,"b":4.23,"ms":0.0,"wi":70.58,"ei":6.82,"as":357.76,"mi":"E","mv":22831,"sc":1,"lpe":100.0,"lpr":23089.59,"lq":1.0,"d":1780},{"pi":"423162","pc":"Товары для дома","ss":10000,"td":"Центр города","dc":3,"n":529.89,"vc":"более 20 000","sl":"Высокий","sv":"менее 50","p":80000.0,"q":27.36,"b":0.0,"ms":0.02,"wi":27.58,"ei":5.63,"as":336.93,"mi":"E","mv":6113,"sc":1,"lpe":99.98,"lpr":8832.38,"lq":1.0,"d":471},{"pi":"423162","pc":"Товары для дома","ss":100000,"td":"Фешенебельный район","dc":9,"n":677.68,"vc":"более 100 000","sl":"Нормальный","sv":"менее 50","p":14687.82,"q":24.35,"b":2.84,"ms":0.24,"wi":15.99,"ei":5.5,"as":295.39,"mi":"E","mv":4237,"sc":1,"lpe":99.76,"lpr":4255.91,"lq":1.0,"d":221},{"pi":"423162","pc":"Товары для дома","ss":100000,"td":"Центр города","dc":1,"n":693.81,"vc":"более 1 000 000","sl":"Нормальный","sv":"более 200","p":200000.0,"q":34.22,"b":4.23,"ms":1.66,"wi":128.02,"ei":8.73,"as":1034.79,"mi":"E","mv":16611,"sc":2,"lpe":97.65,"lpr":45762.26,"lq":1.0,"d":811},{"pi":"423162","pc":"Товары для дома","ss":10000,"td":"Центр города","dc":1,"n":526.28,"vc":"более 20 000","sl":"Элитный","sv":"более 100","p":140000.0,"q":9.59,"b":0.0,"ms":0.69,"wi":128.02,"ei":8.73,"as":1034.79,"mi":"E","mv":16611,"sc":2,"lpe":97.65,"lpr":45762.26,"lq":1.0,"d":811},{"pi":"423162","pc":"Товары для дома","ss":100000,"td":"Фешенебельный район","dc":10,"n":661.4,"vc":"более 100 000","sl":"Нормальный","sv":"менее 50","p":41575.75,"q":24.35,"b":1.6,"ms":0.04,"wi":71.42,"ei":6.52,"as":865.93,"mi":"E","mv":26382,"sc":1,"lpe":99.96,"lpr":25887.38,"lq":1.0,"d":1560},{"pi":"423162","pc":"Товары для дома","ss":100000,"td":"Фешенебельный район","dc":1,"n":454.46,"vc":"более 20 000","sl":"Элитный","sv":"более 200","p":123000.0,"q":12.1,"b":0.0,"ms":0.72,"wi":94.66,"ei":5.73,"as":634.32,"mi":"E","mv":31651,"sc":2,"lpe":99.13,"lpr":26921.16,"lq":1.0,"d":1375},{"pi":"423162","pc":"Товары для дома","ss":100000,"td":"Центр города","dc":1,"n":690.04,"vc":"более 2 000 000","sl":"Нормальный","sv":"около 50","p":200000.0,"q":34.22,"b":4.23,"ms":0.15,"wi":94.66,"ei":5.73,"as":634.32,"mi":"E","mv":31651,"sc":2,"lpe":99.13,"lpr":26921.16,"lq":1.0,"d":1375},{"pi":"423162","pc":"Товары для дома","ss":100000,"td":"Центр города","dc":1,"n":414.56,"vc":"более 100 000","sl":"Элитный","sv":"около 10 000","p":150000.0,"q":12.4,"b":3.51,"ms":27.09,"wi":105.14,"ei":8.27,"as":1023.96,"mi":"E","mv":36910,"sc":2,"lpe":71.35,"lpr":49300.53,"lq":1.58,"d":2847},{"pi":"423162","pc":"Товары для дома","ss":10000,"td":"Центр города","dc":1,"n":447.1,"vc":"более 20 000","sl":"Очень высокий","sv":"около 500","p":140000.0,"q":9.26,"b":0.0,"ms":1.56,"wi":105.14,"ei":8.27,"as":1023.96,"mi":"E","mv":36910,"sc":2,"lpe":71.35,"lpr":49300.53,"lq":1.58,"d":2847},{"pi":"423162","pc":"Товары для дома","ss":100000,"td":"Фешенебельный район","dc":3,"n":622.29,"vc":"более 100 000","sl":"Элитный","sv":"около 500","p":70804.0,"q":23.85,"b":2.17,"ms":2.66,"wi":50.17,"ei":6.4,"as":344.62,"mi":"E","mv":18762,"sc":1,"lpe":97.34,"lpr":18006.19,"lq":1.0,"d":788},{"pi":"423162","pc":"Товары для дома","ss":100000,"td":"Центр города","dc":1,"n":686.63,"vc":"более 1 000 000","sl":"Нормальный","sv":"более 1 000","p":200000.0,"q":33.99,"b":4.23,"ms":3.65,"wi":119.43,"ei":9.92,"as":1514.88,"mi":"E","mv":34207,"sc":1,"lpe":96.35,"lpr":39099.38,"lq":1.0,"d":1420},{"pi":"423162","pc":"Товары для дома","ss":100000,"td":"Фешенебельный район","dc":1,"n":624.66,"vc":"более 100 000","sl":"Элитный","sv":"около 1 000","p":80000.0,"q":16.64,"b":0.0,"ms":3.68,"wi":96.23,"ei":6.22,"as":403.52,"mi":"E","mv":27168,"sc":2,"lpe":96.29,"lpr":23032.46,"lq":1.0,"d":1193},{"pi":"423162","pc":"Товары для дома","ss":100000,"td":"Центр города","dc":1,"n":693.92,"vc":"более 1 000 000","sl":"Нормальный","sv":"менее 50","p":200000.0,"q":34.19,"b":4.23,"ms":0.03,"wi":96.23,"ei":6.22,"as":403.52,"mi":"E","mv":27168,"sc":2,"lpe":96.29,"lpr":23032.46,"lq":1.0,"d":1193},{"pi":"423162","pc":"Товары для дома","ss":100000,"td":"Фешенебельный район","dc":1,"n":696.88,"vc":"более 100 000","sl":"Элитный","sv":"около 1 000","p":35000.0,"q":16.64,"b":3.88,"ms":5.04,"wi":97.28,"ei":5.35,"as":374.69,"mi":"E","mv":19837,"sc":2,"lpe":94.89,"lpr":24145.93,"lq":1.0,"d":804},{"pi":"423162","pc":"Товары для дома","ss":100000,"td":"Центр города","dc":1,"n":696.89,"vc":"более 1 000 000","sl":"Нормальный","sv":"менее 50","p":200000.0,"q":34.21,"b":4.23,"ms":0.07,"wi":97.28,"ei":5.35,"as":374.69,"mi":"E","mv":19837,"sc":2,"lpe":94.89,"lpr":24145.93,"lq":1.0,"d":804},{"pi":"423162","pc":"Товары для дома","ss":100000,"td":"Фешенебельный район","dc":1,"n":689.43,"vc":"более 200 000","sl":"Элитный","sv":"около 500","p":200000.0,"q":34.22,"b":4.23,"ms":1.61,"wi":95.22,"ei":7.84,"as":648.74,"mi":"E","mv":29961,"sc":1,"lpe":98.39,"lpr":27257.7,"lq":1.0,"d":1471},{"pi":"423162","pc":"Товары для дома","ss":100000,"td":"Фешенебельный район","dc":10,"n":665.98,"vc":"более 200 000","sl":"Низкий","sv":"менее 50","p":41991.5,"q":24.35,"b":1.6,"ms":0.04,"wi":43.02,"ei":4.91,"as":235.89,"mi":"E","mv":28532,"sc":2,"lpe":99.93,"lpr":10787.39,"lq":1.0,"d":2085},{"pi":"423162","pc":"Товары для дома","ss":100000,"td":"Центр города","dc":10,"n":666.0,"vc":"более 1 000 000","sl":"Очень низкий","sv":"менее 50","p":40756.55,"q":24.35,"b":1.6,"ms":0.04,"wi":43.02,"ei":4.91,"as":235.89,"mi":"E","mv":28532,"sc":2,"lpe":99.93,"lpr":10787.39,"lq":1.0,"d":2085},{"pi":"423162","pc":"Товары для дома","ss":100000,"td":"Фешенебельный район","dc":10,"n":672.96,"vc":"более 100 000","sl":"Нормальный","sv":"менее 50","p":28962.92,"q":24.35,"b":1.6,"ms":0.01,"wi":14.08,"ei":12.83,"as":261.92,"mi":"E","mv":56581,"sc":1,"lpe":99.99,"lpr":3190.92,"lq":1.0,"d":13413},{"pi":"423162","pc":"Товары для дома","ss":100000,"td":"Фешенебельный район","dc":10,"n":677.69,"vc":"более 100 000","sl":"Нормальный","sv":"менее 50","p":38718.2,"q":24.35,"b":1.6,"ms":0.1,"wi":29.71,"ei":4.42,"as":165.13,"mi":"E","mv":10328,"sc":2,"lpe":99.81,"lpr":8244.69,"lq":1.0,"d":1358},{"pi":"423162","pc":"Товары для дома","ss":100000,"td":"Фешенебельный район","dc":10,"n":677.67,"vc":"более 100 000","sl":"Нормальный","sv":"менее 50","p":38718.2,"q":24.35,"b":1.6,"ms":0.1,"wi":29.71,"ei":4.42,"as":165.13,"mi":"E","mv":10328,"sc":2,"lpe":99.81,"lpr":8244.69,"lq":1.0,"d":1358},{"pi":"423162","pc":"Товары для дома","ss":100000,"td":"Центр города","dc":10,"n":673.01,"vc":"более 1 000 000","sl":"Очень низкий","sv":"менее 50","p":43654.9,"q":24.35,"b":1.6,"ms":0.1,"wi":32.85,"ei":5.0,"as":172.29,"mi":"E","mv":9644,"sc":1,"lpe":99.9,"lpr":8679.5,"lq":1.0,"d":659},{"pi":"423162","pc":"Товары для дома","ss":100000,"td":"Центр города","dc":3,"n":356.88,"vc":"около 100 000","sl":"Очень низкий","sv":"менее 50","p":200000.0,"q":11.33,"b":0.0,"ms":0.09,"wi":105.35,"ei":7.18,"as":506.56,"mi":"E","mv":23911,"sc":1,"lpe":99.91,"lpr":58685.18,"lq":1.0,"d":1026},{"pi":"423162","pc":"Товары для дома","ss":100000,"td":"Центр города","dc":10,"n":379.63,"vc":"более 100 000","sl":"Высокий","sv":"менее 50","p":15087.78,"q":24.35,"b":0.0,"ms":0.03,"wi":47.55,"ei":12.32,"as":481.26,"mi":"E","mv":37089,"sc":1,"lpe":99.97,"lpr":18213.3,"lq":1.0,"d":2667},{"pi":"423162","pc":"Товары для дома","ss":100000,"td":"Центр города","dc":1,"n":615.65,"vc":"более 2 000 000","sl":"Низкий","sv":"около 50 000","p":70000.0,"q":17.06,"b":0.0,"ms":11.53,"wi":91.03,"ei":12.41,"as":652.46,"mi":"E","mv":388213,"sc":6,"lpe":75.77,"lpr":21979.11,"lq":4.54,"d":15986},{"pi":"423162","pc":"Товары для дома","ss":100000,"td":"Центр города","dc":1,"n":562.79,"vc":"более 1 000 000","sl":"Нормальный","sv":"более 10 000","p":120000.0,"q":34.23,"b":4.98,"ms":3.82,"wi":91.03,"ei":12.41,"as":652.46,"mi":"E","mv":388213,"sc":6,"lpe":75.77,"lpr":21979.11,"lq":4.54,"d":15986},{"pi":"423162","pc":"Товары для дома","ss":100000,"td":"Фешенебельный район","dc":1,"n":623.12,"vc":"около 500 000","sl":"Элитный","sv":"более 10 000","p":140000.0,"q":19.5,"b":5.85,"ms":3.17,"wi":91.03,"ei":12.41,"as":652.46,"mi":"E","mv":388213,"sc":6,"lpe":75.77,"lpr":21979.11,"lq":4.54,"d":15986},{"pi":"423162","pc":"Товары для дома","ss":100000,"td":"Центр города","dc":1,"n":449.97,"vc":"около 500 000","sl":"Очень высокий","sv":"более 10 000","p":120000.0,"q":21.61,"b":2.58,"ms":2.86,"wi":91.03,"ei":12.41,"as":652.46,"mi":"E","mv":388213,"sc":6,"lpe":75.77,"lpr":21979.11,"lq":4.54,"d":15986},{"pi":"423162","pc":"Товары для дома","ss":100000,"td":"Фешенебельный район","dc":1,"n":623.11,"vc":"около 500 000","sl":"Элитный","sv":"более 10 000","p":140000.0,"q":19.53,"b":5.85,"ms":2.85,"wi":91.03,"ei":12.41,"as":652.46,"mi":"E","mv":388213,"sc":6,"lpe":75.77,"lpr":21979.11,"lq":4.54,"d":15986},{"pi":"423162","pc":"Товары для дома","ss":100000,"td":"Спальный район","dc":3,"n":217.59,"vc":"около 50 000","sl":"Очень высокий","sv":"менее 50","p":87000.0,"q":11.84,"b":0.0,"ms":0.0,"wi":91.03,"ei":12.41,"as":652.46,"mi":"E","mv":388213,"sc":6,"lpe":75.77,"lpr":21979.11,"lq":4.54,"d":15986},{"pi":"423162","pc":"Товары для дома","ss":10000,"td":"Центр города","dc":1,"n":301.74,"vc":"более 10 000","sl":"Элитный","sv":"менее 50","p":210000.0,"q":15.14,"b":0.0,"ms":0.01,"wi":117.9,"ei":6.83,"as":721.28,"mi":"E","mv":122321,"sc":1,"lpe":99.99,"lpr":55869.03,"lq":1.4,"d":4698},{"pi":"423162","pc":"Товары для дома","ss":100000,"td":"Центр города","dc":3,"n":601.41,"vc":"около 500 000","sl":"Низкий","sv":"около 500","p":150000.0,"q":13.22,"b":5.36,"ms":7.8,"wi":135.19,"ei":7.52,"as":745.51,"mi":"E","mv":7612,"sc":1,"lpe":92.2,"lpr":45608.03,"lq":1.0,"d":352},{"pi":"423162","pc":"Товары для дома","ss":100000,"td":"Центр города","dc":1,"n":688.12,"vc":"более 1 000 000","sl":"Нормальный","sv":"более 20 000","p":2197.8,"q":34.23,"b":4.5,"ms":74.59,"wi":60.97,"ei":7.92,"as":423.5,"mi":"D","mv":33567,"sc":2,"lpe":22.43,"lpr":23033.12,"lq":1.86,"d":1657},{"pi":"423162","pc":"Товары для дома","ss":100000,"td":"Центр города","dc":1,"n":444.6,"vc":"более 200 000","sl":"Элитный","sv":"около 1 000","p":25000.0,"q":16.64,"b":4.5,"ms":2.98,"wi":60.97,"ei":7.92,"as":423.5,"mi":"D","mv":33567,"sc":2,"lpe":22.43,"lpr":23033.12,"lq":1.86,"d":1657},{"pi":"423162","pc":"Товары для дома","ss":100000,"td":"Центр города","dc":1,"n":702.77,"vc":"более 1 000 000","sl":"Нормальный","sv":"более 20 000","p":15615.3,"q":34.23,"b":4.5,"ms":95.65,"wi":74.62,"ei":6.62,"as":334.94,"mi":"A","mv":22974,"sc":2,"lpe":0.0,"lpr":27800.77,"lq":2.32,"d":3589},{"pi":"423162","pc":"Товары для дома","ss":100000,"td":"Центр города","dc":1,"n":487.82,"vc":"более 200 000","sl":"Элитный","sv":"около 1 000","p":45000.0,"q":16.64,"b":4.5,"ms":4.35,"wi":74.62,"ei":6.62,"as":334.94,"mi":"A","mv":22974,"sc":2,"lpe":0.0,"lpr":27800.77,"lq":2.32,"d":3589},{"pi":"423162","pc":"Товары для дома","ss":100000,"td":"Центр города","dc":1,"n":447.98,"vc":"более 100 000","sl":"Элитный","sv":"около 1 000","p":50000.0,"q":16.64,"b":5.3,"ms":3.7,"wi":60.41,"ei":8.56,"as":400.24,"mi":"E","mv":27049,"sc":1,"lpe":96.3,"lpr":17956.45,"lq":1.0,"d":1589},{"pi":"423162","pc":"Товары для дома","ss":100000,"td":"Центр города","dc":1,"n":430.85,"vc":"более 100 000","sl":"Элитный","sv":"около 1 000","p":30000.0,"q":16.64,"b":4.5,"ms":3.5,"wi":77.72,"ei":6.25,"as":754.07,"mi":"E","mv":28608,"sc":1,"lpe":96.5,"lpr":23300.25,"lq":1.0,"d":1415},{"pi":"423162","pc":"Товары для дома","ss":500,"td":"Центр города","dc":1,"n":438.46,"vc":"более 100","sl":"Элитный","sv":"менее 50","p":20000.0,"q":22.55,"b":0.0,"ms":10.23,"wi":44.58,"ei":9.3,"as":3618.26,"mi":"E","mv":176,"sc":4,"lpe":59.66,"lpr":9050.2,"lq":1.87,"d":68},{"pi":"423162","pc":"Товары для дома","ss":500,"td":"Фешенебельный район","dc":1,"n":744.78,"vc":"около 100","sl":"Элитный","sv":"менее 50","p":25000.0,"q":19.55,"b":9.89,"ms":10.23,"wi":44.58,"ei":9.3,"as":3618.26,"mi":"E","mv":176,"sc":4,"lpe":59.66,"lpr":9050.2,"lq":1.87,"d":68},{"pi":"423162","pc":"Товары для дома","ss":500,"td":"Фешенебельный район","dc":2,"n":612.21,"vc":"около 50","sl":"Элитный","sv":"менее 50","p":11027.92,"q":17.05,"b":0.0,"ms":10.23,"wi":44.58,"ei":9.3,"as":3618.26,"mi":"E","mv":176,"sc":4,"lpe":59.66,"lpr":9050.2,"lq":1.87,"d":68},{"pi":"423162","pc":"Товары для дома","ss":500,"td":"Центр города","dc":1,"n":713.13,"vc":"около 500","sl":"Очень высокий","sv":"менее 50","p":20585.53,"q":15.28,"b":0.0,"ms":9.66,"wi":44.58,"ei":9.3,"as":3618.26,"mi":"E","mv":176,"sc":4,"lpe":59.66,"lpr":9050.2,"lq":1.87,"d":68},{"pi":"423162","pc":"Товары для дома","ss":100000,"td":"Фешенебельный район","dc":10,"n":685.04,"vc":"около 100 000","sl":"Высокий","sv":"менее 50","p":41988.67,"q":24.35,"b":1.6,"ms":0.04,"wi":6.42,"ei":4.75,"as":104.01,"mi":"E","mv":28208,"sc":2,"lpe":99.93,"lpr":6257.62,"lq":1.0,"d":44633},{"pi":"423162","pc":"Товары для дома","ss":100000,"td":"Фешенебельный район","dc":10,"n":685.04,"vc":"около 100 000","sl":"Высокий","sv":"менее 50","p":41988.67,"q":24.35,"b":1.6,"ms":0.04,"wi":6.42,"ei":4.75,"as":104.01,"mi":"E","mv":28208,"sc":2,"lpe":99.93,"lpr":6257.62,"lq":1.0,"d":44633},{"pi":"423162","pc":"Товары для дома","ss":10000,"td":"Фешенебельный район","dc":1,"n":645.77,"vc":"около 10 000","sl":"Элитный","sv":"более 1 000","p":41600.0,"q":12.54,"b":0.0,"ms":7.04,"wi":87.23,"ei":6.01,"as":483.13,"mi":"E","mv":16772,"sc":1,"lpe":92.96,"lpr":15185.39,"lq":1.0,"d":1376},{"pi":"423162","pc":"Товары для дома","ss":100000,"td":"Фешенебельный район","dc":10,"n":677.87,"vc":"около 100 000","sl":"Высокий","sv":"более 200","p":59773.44,"q":24.14,"b":1.6,"ms":7.66,"wi":53.55,"ei":3.26,"as":255.26,"mi":"E","mv":3800,"sc":1,"lpe":92.34,"lpr":11453.17,"lq":1.0,"d":197},{"pi":"423162","pc":"Товары для дома","ss":100000,"td":"Центр города","dc":1,"n":341.31,"vc":"более 100 000","sl":"Элитный","sv":"около 5 000","p":150000.0,"q":12.4,"b":0.0,"ms":9.63,"wi":64.5,"ei":14.69,"as":1178.45,"mi":"E","mv":51929,"sc":2,"lpe":90.35,"lpr":49035.43,"lq":1.0,"d":4918},{"pi":"423162","pc":"Товары для дома","ss":100000,"td":"Фешенебельный район","dc":10,"n":645.08,"vc":"более 200 000","sl":"Низкий","sv":"менее 50","p":48022.84,"q":24.35,"b":2.62,"ms":0.02,"wi":64.5,"ei":14.69,"as":1178.45,"mi":"E","mv":51929,"sc":2,"lpe":90.35,"lpr":49035.43,"lq":1.0,"d":4918},{"pi":"423162","pc":"Товары для дома","ss":100000,"td":"Фешенебельный район","dc":10,"n":683.75,"vc":"около 100 000","sl":"Высокий","sv":"менее 50","p":64279.09,"q":24.35,"b":1.6,"ms":0.53,"wi":17.75,"ei":3.78,"as":238.56,"mi":"E","mv":1870,"sc":1,"lpe":99.47,"lpr":17065.76,"lq":1.0,"d":2346},{"pi":"423162","pc":"Товары для дома","ss":100000,"td":"Центр города","dc":1,"n":600.13,"vc":"около 500 000","sl":"Элитный","sv":"около 1 000","p":25000.0,"q":16.64,"b":4.96,"ms":15.25,"wi":71.78,"ei":5.74,"as":632.45,"mi":"E","mv":6559,"sc":1,"lpe":84.75,"lpr":8269.07,"lq":2.67,"d":317},{"pi":"423162","pc":"Товары для дома","ss":100000,"td":"Фешенебельный район","dc":9,"n":498.96,"vc":"около 50 000","sl":"Низкий","sv":"менее 50","p":120000.0,"q":18.1,"b":1.1,"ms":0.01,"wi":37.43,"ei":9.03,"as":427.1,"mi":"E","mv":11818,"sc":1,"lpe":99.99,"lpr":13799.16,"lq":1.0,"d":1137},{"pi":"423162","pc":"Товары для дома","ss":100000,"td":"Центр города","dc":3,"n":573.67,"vc":"около 500 000","sl":"Нормальный","sv":"более 2 000","p":52000.0,"q":15.52,"b":1.62,"ms":10.55,"wi":75.59,"ei":8.41,"as":636.04,"mi":"E","mv":23857,"sc":1,"lpe":89.45,"lpr":14564.02,"lq":3.18,"d":974},{"pi":"423162","pc":"Товары для дома","ss":100000,"td":"Центр города","dc":10,"n":659.02,"vc":"более 1 000 000","sl":"Очень низкий","sv":"менее 50","p":56004.62,"q":24.35,"b":2.56,"ms":0.08,"wi":49.83,"ei":4.32,"as":536.62,"mi":"E","mv":13207,"sc":1,"lpe":99.92,"lpr":15053.57,"lq":1.0,"d":863},{"pi":"423162","pc":"Товары для дома","ss":100000,"td":"Центр города","dc":2,"n":536.53,"vc":"около 500 000","sl":"Очень высокий","sv":"более 2 000","p":51000.0,"q":15.44,"b":1.62,"ms":13.06,"wi":80.59,"ei":6.94,"as":418.95,"mi":"E","mv":18698,"sc":1,"lpe":86.94,"lpr":13077.79,"lq":2.72,"d":793},{"pi":"423162","pc":"Товары для дома","ss":500,"td":"Фешенебельный район","dc":1,"n":699.73,"vc":"около 500","sl":"Элитный","sv":"около 50","p":35029.21,"q":25.9,"b":1.98,"ms":2.2,"wi":52.0,"ei":4.19,"as":731.38,"mi":"E","mv":2133,"sc":1,"lpe":97.8,"lpr":21049.39,"lq":1.0,"d":827},{"pi":"423162","pc":"Товары для дома","ss":100000,"td":"Центр города","dc":1,"n":512.05,"vc":"около 500 000","sl":"Очень высокий","sv":"около 2 000","p":45000.0,"q":16.64,"b":5.3,"ms":2.8,"wi":81.74,"ei":8.69,"as":530.19,"mi":"E","mv":71352,"sc":1,"lpe":97.2,"lpr":39809.56,"lq":1.0,"d":3080},{"pi":"423162","pc":"Товары для дома","ss":500,"td":"Фешенебельный район","dc":1,"n":637.47,"vc":"около 500","sl":"Очень высокий","sv":"около 300","p":53214.11,"q":23.85,"b":1.98,"ms":2.04,"wi":79.2,"ei":9.12,"as":724.54,"mi":"E","mv":14716,"sc":1,"lpe":97.96,"lpr":22054.44,"lq":1.0,"d":1255},{"pi":"423162","pc":"Товары для дома","ss":500,"td":"Фешенебельный район","dc":1,"n":577.9,"vc":"около 500","sl":"Очень высокий","sv":"около 200","p":74001.39,"q":23.85,"b":1.98,"ms":0.53,"wi":79.27,"ei":12.05,"as":894.85,"mi":"E","mv":37433,"sc":2,"lpe":98.93,"lpr":31312.89,"lq":1.0,"d":6441},{"pi":"423162","pc":"Товары для дома","ss":500,"td":"Фешенебельный район","dc":1,"n":563.16,"vc":"около 500","sl":"Очень высокий","sv":"около 200","p":74001.39,"q":23.85,"b":1.98,"ms":0.53,"wi":79.27,"ei":12.05,"as":894.85,"mi":"E","mv":37433,"sc":2,"lpe":98.93,"lpr":31312.89,"lq":1.0,"d":6441},{"pi":"423162","pc":"Товары для дома","ss":100000,"td":"Центр города","dc":10,"n":664.39,"vc":"около 500 000","sl":"Очень низкий","sv":"более 200","p":62689.26,"q":24.35,"b":2.62,"ms":3.29,"wi":54.35,"ei":5.33,"as":739.34,"mi":"E","mv":6567,"sc":1,"lpe":96.71,"lpr":20194.07,"lq":1.0,"d":396},{"pi":"423162","pc":"Товары для дома","ss":100000,"td":"Центр города","dc":1,"n":698.86,"vc":"более 1 000 000","sl":"Высокий","sv":"более 100","p":244936.91,"q":15.28,"b":0.0,"ms":8.74,"wi":80.57,"ei":8.07,"as":964.84,"mi":"E","mv":2129,"sc":1,"lpe":91.26,"lpr":50557.23,"lq":2.48,"d":334},{"pi":"423162","pc":"Товары для дома","ss":100000,"td":"Фешенебельный район","dc":1,"n":699.41,"vc":"более 300 000","sl":"Элитный","sv":"более 2 000","p":200000.0,"q":19.59,"b":5.85,"ms":3.75,"wi":88.06,"ei":7.67,"as":429.01,"mi":"E","mv":69493,"sc":1,"lpe":96.25,"lpr":34135.73,"lq":1.0,"d":2707},{"pi":"423162","pc":"Товары для дома","ss":100000,"td":"Центр города","dc":10,"n":672.99,"vc":"около 1 000 000","sl":"Очень низкий","sv":"около 500","p":43073.49,"q":24.36,"b":0.0,"ms":5.72,"wi":67.22,"ei":7.89,"as":773.91,"mi":"E","mv":7121,"sc":3,"lpe":94.03,"lpr":13907.32,"lq":1.0,"d":327},{"pi":"423162","pc":"Товары для дома","ss":100000,"td":"Центр города","dc":2,"n":518.61,"vc":"более 100 000","sl":"Очень высокий","sv":"менее 50","p":60000.0,"q":11.32,"b":0.0,"ms":0.24,"wi":67.22,"ei":7.89,"as":773.91,"mi":"E","mv":7121,"sc":3,"lpe":94.03,"lpr":13907.32,"lq":1.0,"d":327},{"pi":"423162","pc":"Товары для дома","ss":100000,"td":"Фешенебельный район","dc":1,"n":694.37,"vc":"более 100 000","sl":"Элитный","sv":"менее 50","p":100000.0,"q":33.95,"b":5.11,"ms":0.01,"wi":67.22,"ei":7.89,"as":773.91,"mi":"E","mv":7121,"sc":3,"lpe":94.03,"lpr":13907.32,"lq":1.0,"d":327},{"pi":"423162","pc":"Товары для дома","ss":100000,"td":"Центр города","dc":1,"n":579.26,"vc":"около 500 000","sl":"Очень высокий","sv":"более 10 000","p":40000.0,"q":25.31,"b":3.96,"ms":63.53,"wi":92.4,"ei":6.12,"as":343.0,"mi":"D","mv":25887,"sc":1,"lpe":36.47,"lpr":9376.84,"lq":2.36,"d":995},{"pi":"423162","pc":"Товары для дома","ss":10000,"td":"Фешенебельный район","dc":1,"n":691.94,"vc":"более 20 000","sl":"Элитный","sv":"более 1 000","p":62500.0,"q":28.54,"b":4.34,"ms":2.48,"wi":76.26,"ei":6.13,"as":361.83,"mi":"E","mv":47384,"sc":1,"lpe":97.52,"lpr":24830.64,"lq":1.0,"d":1965},{"pi":"423162","pc":"Товары для дома","ss":100000,"td":"Центр города","dc":2,"n":608.62,"vc":"около 1 000 000","sl":"Нормальный","sv":"около 5 000","p":62000.0,"q":15.55,"b":0.0,"ms":15.64,"wi":108.24,"ei":7.46,"as":1400.18,"mi":"E","mv":38365,"sc":2,"lpe":81.75,"lpr":54522.59,"lq":7.5,"d":1661},{"pi":"423162","pc":"Товары для дома","ss":100000,"td":"Центр города","dc":1,"n":535.12,"vc":"около 500 000","sl":"Элитный","sv":"около 1 000","p":100000.0,"q":19.6,"b":0.0,"ms":2.61,"wi":108.24,"ei":7.46,"as":1400.18,"mi":"E","mv":38365,"sc":2,"lpe":81.75,"lpr":54522.59,"lq":7.5,"d":1661},{"pi":"423162","pc":"Товары для дома","ss":10000,"td":"Центр города","dc":2,"n":460.18,"vc":"более 10 000","sl":"Очень высокий","sv":"более 2 000","p":1999.91,"q":24.03,"b":0.0,"ms":18.93,"wi":50.37,"ei":3.0,"as":214.48,"mi":"E","mv":11224,"sc":1,"lpe":81.07,"lpr":17525.05,"lq":3.52,"d":491},{"pi":"423162","pc":"Товары для дома","ss":100000,"td":"Центр города","dc":1,"n":610.39,"vc":"более 200 000","sl":"Элитный","sv":"около 50","p":200000.0,"q":9.12,"b":0.0,"ms":1.23,"wi":77.91,"ei":9.63,"as":1565.9,"mi":"E","mv":2673,"sc":1,"lpe":98.77,"lpr":45354.43,"lq":1.0,"d":169},{"pi":"423162","pc":"Товары для дома","ss":10000,"td":"Фешенебельный район","dc":10,"n":668.74,"vc":"около 10 000","sl":"Нормальный","sv":"около 500","p":23641.42,"q":24.35,"b":0.0,"ms":5.43,"wi":34.68,"ei":6.16,"as":388.83,"mi":"E","mv":6431,"sc":1,"lpe":94.57,"lpr":7638.65,"lq":1.0,"d":306},{"pi":"423162","pc":"Товары для дома","ss":500,"td":"Фешенебельный район","dc":1,"n":696.44,"vc":"около 500","sl":"Очень высокий","sv":"около 100","p":30109.28,"q":25.9,"b":2.71,"ms":1.48,"wi":53.39,"ei":8.85,"as":536.19,"mi":"E","mv":6777,"sc":1,"lpe":98.52,"lpr":13132.62,"lq":1.0,"d":410}]