[{"pi":"312798","pc":"Одежда и обувь","ss":100,"td":"Центр города","dc":1,"n":47.73,"vc":"около 50","sl":"Нормальный","sv":"менее 50","p":368.5,"q":1.05,"b":0.0,"ms":0.01,"wi":0.15,"ei":4.27,"as":155.65,"mi":"E","mv":60478,"sc":1,"lpe":99.99,"lpr":342.66,"lq":1.0,"d":457},{"pi":"312798","pc":"Одежда и обувь","ss":100,"td":"Спальный район","dc":1,"n":49.5,"vc":"около 50","sl":"Высокий","sv":"менее 50","p":737.3,"q":1.05,"b":0.0,"ms":0.02,"wi":0.29,"ei":4.8,"as":300.0,"mi":"E","mv":45939,"sc":1,"lpe":99.98,"lpr":667.46,"lq":1.0,"d":400},{"pi":"312798","pc":"Одежда и обувь","ss":500,"td":"Центр города","dc":1,"n":18.23,"vc":"более 100","sl":"Очень высокий","sv":"более 100","p":537.7,"q":1.0,"b":0.0,"ms":0.04,"wi":0.36,"ei":7.0,"as":320.0,"mi":"E","mv":237651,"sc":1,"lpe":99.96,"lpr":704.19,"lq":1.0,"d":1600},{"pi":"312798","pc":"Одежда и обувь","ss":100,"td":"Спальный район","dc":1,"n":171.39,"vc":"около 100","sl":"Низкий","sv":"менее 50","p":600.0,"q":1.0,"b":0.0,"ms":0.0,"wi":0.37,"ei":5.0,"as":320.0,"mi":"E","mv":124382,"sc":1,"lpe":100.0,"lpr":705.48,"lq":1.0,"d":800},{"pi":"312798","pc":"Одежда и обувь","ss":500,"td":"Фешенебельный район","dc":3,"n":62.35,"vc":"около 50","sl":"Элитный","sv":"менее 50","p":500.0,"q":1.0,"b":0.0,"ms":0.04,"wi":0.39,"ei":5.5,"as":350.0,"mi":"E","mv":69195,"sc":1,"lpe":99.96,"lpr":771.06,"lq":1.0,"d":600},{"pi":"312798","pc":"Одежда и обувь","ss":500,"td":"Центр города","dc":1,"n":58.14,"vc":"более 100","sl":"Очень высокий","sv":"около 50","p":175.79,"q":1.05,"b":0.0,"ms":0.27,"wi":0.12,"ei":2.8,"as":99.67,"mi":"E","mv":23278,"sc":1,"lpe":99.73,"lpr":217.8,"lq":1.0,"d":256},{"pi":"312798","pc":"Одежда и обувь","ss":100,"td":"Центр города","dc":1,"n":45.76,"vc":"около 50","sl":"Нормальный","sv":"менее 50","p":322.64,"q":1.05,"b":0.0,"ms":0.02,"wi":0.18,"ei":3.0,"as":154.55,"mi":"E","mv":34362,"sc":1,"lpe":99.98,"lpr":340.66,"lq":1.0,"d":427}]