[{"pi":"423861","pc":"Бакалея","ss":1000,"td":"Центр города","dc":1,"n":516.89,"vc":"около 5 000","sl":"Нормальный","sv":"более 10 000","p":2500.0,"q":17.06,"b":0.0,"ms":6.21,"wi":112.04,"ei":5.7,"as":525.47,"mi":"E","mv":218213,"sc":2,"lpe":89.35,"lpr":962.04,"lq":1.0,"d":632},{"pi":"423861","pc":"Бакалея","ss":1000,"td":"Фешенебельный район","dc":1,"n":606.68,"vc":"более 1 000","sl":"Элитный","sv":"около 10 000","p":3650.0,"q":15.21,"b":4.75,"ms":4.44,"wi":112.04,"ei":5.7,"as":525.47,"mi":"E","mv":218213,"sc":2,"lpe":89.35,"lpr":962.04,"lq":1.0,"d":632},{"pi":"423861","pc":"Бакалея","ss":1000,"td":"Фешенебельный район","dc":1,"n":702.86,"vc":"около 5 000","sl":"Высокий","sv":"около 10 000","p":1100.0,"q":15.41,"b":0.0,"ms":9.45,"wi":41.72,"ei":8.52,"as":366.56,"mi":"E","mv":105812,"sc":1,"lpe":90.55,"lpr":552.19,"lq":1.0,"d":459},{"pi":"423861","pc":"Бакалея","ss":500,"td":"Фешенебельный район","dc":1,"n":648.53,"vc":"около 500","sl":"Очень высокий","sv":"около 5 000","p":1350.16,"q":16.79,"b":0.0,"ms":1.06,"wi":33.06,"ei":10.02,"as":247.03,"mi":"E","mv":436944,"sc":1,"lpe":98.94,"lpr":542.97,"lq":1.0,"d":4689},{"pi":"423861","pc":"Бакалея","ss":100000,"td":"Центр города","dc":2,"n":581.73,"vc":"около 500 000","sl":"Нормальный","sv":"около 100 000","p":850.0,"q":16.92,"b":0.0,"ms":12.26,"wi":60.32,"ei":7.58,"as":403.37,"mi":"E","mv":693296,"sc":5,"lpe":86.9,"lpr":553.31,"lq":1.75,"d":2108},{"pi":"423861","pc":"Бакалея","ss":1000,"td":"Центр города","dc":5,"n":115.25,"vc":"более 1 000","sl":"Нормальный","sv":"более 2 000","p":300.0,"q":12.62,"b":1.29,"ms":0.36,"wi":60.32,"ei":7.58,"as":403.37,"mi":"E","mv":693296,"sc":5,"lpe":86.9,"lpr":553.31,"lq":1.75,"d":2108},{"pi":"423861","pc":"Бакалея","ss":100000,"td":"Центр города","dc":1,"n":566.97,"vc":"около 500 000","sl":"Очень высокий","sv":"более 1 000","p":1900.0,"q":14.55,"b":5.02,"ms":0.25,"wi":60.32,"ei":7.58,"as":403.37,"mi":"E","mv":693296,"sc":5,"lpe":86.9,"lpr":553.31,"lq":1.75,"d":2108},{"pi":"423861","pc":"Бакалея","ss":100000,"td":"Центр города","dc":1,"n":566.97,"vc":"около 500 000","sl":"Очень высокий","sv":"более 1 000","p":1900.0,"q":14.56,"b":5.02,"ms":0.23,"wi":60.32,"ei":7.58,"as":403.37,"mi":"E","mv":693296,"sc":5,"lpe":86.9,"lpr":553.31,"lq":1.75,"d":2108},{"pi":"423861","pc":"Бакалея","ss":10000,"td":"Центр города","dc":1,"n":98.81,"vc":"более 1 000","sl":"Элитный","sv":"менее 50","p":1300.0,"q":13.54,"b":0.0,"ms":0.0,"wi":60.32,"ei":7.58,"as":403.37,"mi":"E","mv":693296,"sc":5,"lpe":86.9,"lpr":553.31,"lq":1.75,"d":2108},{"pi":"423861","pc":"Бакалея","ss":100000,"td":"Центр города","dc":1,"n":481.4,"vc":"около 500 000","sl":"Элитный","sv":"около 50 000","p":2950.0,"q":14.62,"b":5.7,"ms":3.13,"wi":82.91,"ei":6.91,"as":1080.49,"mi":"E","mv":1801771,"sc":3,"lpe":91.23,"lpr":1076.29,"lq":1.7,"d":5342},{"pi":"423861","pc":"Бакалея","ss":100000,"td":"Центр города","dc":1,"n":481.4,"vc":"около 500 000","sl":"Элитный","sv":"около 50 000","p":2950.0,"q":14.62,"b":5.7,"ms":2.87,"wi":82.91,"ei":6.91,"as":1080.49,"mi":"E","mv":1801771,"sc":3,"lpe":91.23,"lpr":1076.29,"lq":1.7,"d":5342},{"pi":"423861","pc":"Бакалея","ss":100000,"td":"Центр города","dc":2,"n":408.64,"vc":"более 200 000","sl":"Элитный","sv":"около 50 000","p":990.0,"q":10.9,"b":0.0,"ms":2.78,"wi":82.91,"ei":6.91,"as":1080.49,"mi":"E","mv":1801771,"sc":3,"lpe":91.23,"lpr":1076.29,"lq":1.7,"d":5342},{"pi":"423861","pc":"Бакалея","ss":10000,"td":"Центр города","dc":1,"n":470.78,"vc":"более 10 000","sl":"Элитный","sv":"около 30 000","p":380.0,"q":10.91,"b":0.0,"ms":10.79,"wi":54.27,"ei":6.85,"as":480.12,"mi":"E","mv":278091,"sc":1,"lpe":89.21,"lpr":249.18,"lq":1.0,"d":927},{"pi":"423861","pc":"Бакалея","ss":10000,"td":"Фешенебельный район","dc":1,"n":155.36,"vc":"более 100","sl":"Элитный","sv":"более 1 000","p":250.0,"q":12.54,"b":0.0,"ms":5.94,"wi":7.1,"ei":4.75,"as":182.48,"mi":"E","mv":29665,"sc":1,"lpe":94.06,"lpr":101.48,"lq":1.0,"d":862},{"pi":"423861","pc":"Бакалея","ss":100000,"td":"Фешенебельный район","dc":3,"n":424.03,"vc":"более 10 000","sl":"Элитный","sv":"более 20 000","p":4000.0,"q":12.93,"b":0.0,"ms":6.66,"wi":143.39,"ei":7.29,"as":661.55,"mi":"E","mv":343442,"sc":1,"lpe":93.34,"lpr":1905.3,"lq":1.0,"d":1029},{"pi":"423861","pc":"Бакалея","ss":100000,"td":"Центр города","dc":4,"n":551.72,"vc":"около 500 000","sl":"Нормальный","sv":"около 5 000","p":2360.0,"q":9.51,"b":0.0,"ms":3.79,"wi":78.18,"ei":10.65,"as":989.97,"mi":"E","mv":105502,"sc":2,"lpe":96.21,"lpr":2027.36,"lq":1.0,"d":709},{"pi":"423861","pc":"Бакалея","ss":1000,"td":"Спальный район","dc":1,"n":329.44,"vc":"более 1 000","sl":"Элитный","sv":"менее 50","p":2830.18,"q":9.71,"b":0.0,"ms":0.0,"wi":78.18,"ei":10.65,"as":989.97,"mi":"E","mv":105502,"sc":2,"lpe":96.21,"lpr":2027.36,"lq":1.0,"d":709},{"pi":"423861","pc":"Бакалея","ss":500,"td":"Центр города","dc":1,"n":12.52,"vc":"более 200","sl":"Очень высокий","sv":"менее 50","p":980.0,"q":15.5,"b":0.0,"ms":0.0,"wi":59.46,"ei":5.22,"as":274.68,"mi":"E","mv":966413,"sc":1,"lpe":100.0,"lpr":1051.52,"lq":1.0,"d":2794},{"pi":"423861","pc":"Бакалея","ss":100000,"td":"Фешенебельный район","dc":1,"n":684.33,"vc":"более 100 000","sl":"Элитный","sv":"менее 50","p":3000.0,"q":13.38,"b":0.0,"ms":0.0,"wi":32.55,"ei":7.55,"as":406.42,"mi":"E","mv":280057,"sc":1,"lpe":100.0,"lpr":551.98,"lq":1.0,"d":1562},{"pi":"423861","pc":"Бакалея","ss":100000,"td":"Центр города","dc":1,"n":385.83,"vc":"более 100 000","sl":"Очень высокий","sv":"более 10 000","p":1750.0,"q":8.63,"b":0.0,"ms":2.59,"wi":37.55,"ei":6.21,"as":298.77,"mi":"E","mv":603972,"sc":2,"lpe":97.37,"lpr":756.63,"lq":1.0,"d":3530},{"pi":"423861","pc":"Бакалея","ss":500,"td":"Фешенебельный район","dc":1,"n":570.96,"vc":"около 500","sl":"Очень высокий","sv":"около 200","p":1261.91,"q":16.8,"b":0.0,"ms":0.03,"wi":37.55,"ei":6.21,"as":298.77,"mi":"E","mv":603972,"sc":2,"lpe":97.37,"lpr":756.63,"lq":1.0,"d":3530},{"pi":"423861","pc":"Бакалея","ss":100000,"td":"Центр города","dc":1,"n":299.41,"vc":"около 50 000","sl":"Элитный","sv":"около 10 000","p":750.0,"q":14.83,"b":0.0,"ms":0.93,"wi":65.25,"ei":7.61,"as":597.75,"mi":"E","mv":964491,"sc":2,"lpe":98.94,"lpr":780.59,"lq":1.0,"d":2865},{"pi":"423861","pc":"Бакалея","ss":10000,"td":"Центр города","dc":1,"n":242.03,"vc":"около 10 000","sl":"Элитный","sv":"более 1 000","p":733.9,"q":1.0,"b":0.0,"ms":0.13,"wi":65.25,"ei":7.61,"as":597.75,"mi":"E","mv":964491,"sc":2,"lpe":98.94,"lpr":780.59,"lq":1.0,"d":2865},{"pi":"423861","pc":"Бакалея","ss":100000,"td":"Центр города","dc":1,"n":477.88,"vc":"около 500 000","sl":"Элитный","sv":"более 100 000","p":1100.0,"q":12.52,"b":3.94,"ms":29.88,"wi":52.19,"ei":7.34,"as":456.45,"mi":"E","mv":656653,"sc":2,"lpe":70.11,"lpr":414.9,"lq":1.19,"d":1836},{"pi":"423861","pc":"Бакалея","ss":100000,"td":"Центр города","dc":1,"n":368.47,"vc":"более 100 000","sl":"Элитный","sv":"около 50","p":1400.0,"q":9.6,"b":0.0,"ms":0.01,"wi":52.19,"ei":7.34,"as":456.45,"mi":"E","mv":656653,"sc":2,"lpe":70.11,"lpr":414.9,"lq":1.19,"d":1836},{"pi":"423861","pc":"Бакалея","ss":100000,"td":"Центр города","dc":1,"n":506.87,"vc":"около 500 000","sl":"Элитный","sv":"более 100 000","p":1200.0,"q":11.82,"b":3.94,"ms":31.39,"wi":61.68,"ei":6.38,"as":682.97,"mi":"E","mv":572535,"sc":2,"lpe":68.61,"lpr":482.16,"lq":1.18,"d":1923},{"pi":"423861","pc":"Бакалея","ss":100000,"td":"Спальный район","dc":5,"n":354.27,"vc":"около 50 000","sl":"Высокий","sv":"менее 50","p":1500.0,"q":9.46,"b":0.0,"ms":0.0,"wi":61.68,"ei":6.38,"as":682.97,"mi":"E","mv":572535,"sc":2,"lpe":68.61,"lpr":482.16,"lq":1.18,"d":1923},{"pi":"423861","pc":"Бакалея","ss":100000,"td":"Центр города","dc":1,"n":574.28,"vc":"около 1 000 000","sl":"Очень высокий","sv":"более 10 000","p":2750.0,"q":14.62,"b":6.13,"ms":2.74,"wi":164.51,"ei":10.67,"as":1516.17,"mi":"E","mv":672838,"sc":2,"lpe":94.52,"lpr":877.91,"lq":1.0,"d":1885},{"pi":"423861","pc":"Бакалея","ss":100000,"td":"Центр города","dc":1,"n":574.28,"vc":"около 500 000","sl":"Очень высокий","sv":"более 10 000","p":2750.0,"q":14.62,"b":6.13,"ms":2.74,"wi":164.51,"ei":10.67,"as":1516.17,"mi":"E","mv":672838,"sc":2,"lpe":94.52,"lpr":877.91,"lq":1.0,"d":1885},{"pi":"423861","pc":"Бакалея","ss":1000,"td":"Центр города","dc":1,"n":193.7,"vc":"более 2 000","sl":"Очень высокий","sv":"около 10 000","p":950.0,"q":16.92,"b":0.0,"ms":1.71,"wi":61.55,"ei":11.03,"as":913.67,"mi":"E","mv":583756,"sc":5,"lpe":96.28,"lpr":1187.68,"lq":1.0,"d":12392},{"pi":"423861","pc":"Бакалея","ss":1000,"td":"Центр города","dc":1,"n":422.99,"vc":"около 5 000","sl":"Нормальный","sv":"около 5 000","p":2000.0,"q":16.92,"b":0.0,"ms":0.86,"wi":61.55,"ei":11.03,"as":913.67,"mi":"E","mv":583756,"sc":5,"lpe":96.28,"lpr":1187.68,"lq":1.0,"d":12392},{"pi":"423861","pc":"Бакалея","ss":500,"td":"Фешенебельный район","dc":1,"n":589.23,"vc":"около 500","sl":"Очень высокий","sv":"около 5 000","p":2999.86,"q":17.3,"b":0.0,"ms":0.72,"wi":61.55,"ei":11.03,"as":913.67,"mi":"E","mv":583756,"sc":5,"lpe":96.28,"lpr":1187.68,"lq":1.0,"d":12392},{"pi":"423861","pc":"Бакалея","ss":1000,"td":"Центр города","dc":1,"n":396.31,"vc":"около 5 000","sl":"Нормальный","sv":"более 1 000","p":2700.0,"q":15.5,"b":0.0,"ms":0.26,"wi":61.55,"ei":11.03,"as":913.67,"mi":"E","mv":583756,"sc":5,"lpe":96.28,"lpr":1187.68,"lq":1.0,"d":12392},{"pi":"423861","pc":"Бакалея","ss":1000,"td":"Центр города","dc":1,"n":269.58,"vc":"более 2 000","sl":"Очень высокий","sv":"около 1 000","p":1220.0,"q":13.54,"b":0.0,"ms":0.17,"wi":61.55,"ei":11.03,"as":913.67,"mi":"E","mv":583756,"sc":5,"lpe":96.28,"lpr":1187.68,"lq":1.0,"d":12392},{"pi":"423861","pc":"Бакалея","ss":100000,"td":"Спальный район","dc":7,"n":345.46,"vc":"около 50 000","sl":"Очень высокий","sv":"около 5 000","p":2850.0,"q":8.59,"b":0.0,"ms":3.58,"wi":93.84,"ei":6.51,"as":603.04,"mi":"E","mv":124239,"sc":1,"lpe":96.42,"lpr":1464.38,"lq":1.0,"d":576},{"pi":"423861","pc":"Бакалея","ss":100000,"td":"Спальный район","dc":5,"n":522.13,"vc":"более 200 000","sl":"Высокий","sv":"около 100 000","p":265.0,"q":9.13,"b":0.0,"ms":33.01,"wi":120.4,"ei":7.25,"as":2008.8,"mi":"E","mv":302924,"sc":2,"lpe":66.85,"lpr":222.41,"lq":1.16,"d":663},{"pi":"423861","pc":"Бакалея","ss":100000,"td":"Центр города","dc":1,"n":479.24,"vc":"более 200 000","sl":"Элитный","sv":"около 500","p":600.0,"q":12.42,"b":0.0,"ms":0.13,"wi":120.4,"ei":7.25,"as":2008.8,"mi":"E","mv":302924,"sc":2,"lpe":66.85,"lpr":222.41,"lq":1.16,"d":663},{"pi":"423861","pc":"Бакалея","ss":1000,"td":"Центр города","dc":2,"n":302.23,"vc":"более 1 000","sl":"Очень высокий","sv":"около 500","p":700.0,"q":12.82,"b":0.0,"ms":0.52,"wi":25.95,"ei":5.33,"as":485.38,"mi":"E","mv":64442,"sc":1,"lpe":99.48,"lpr":638.56,"lq":1.0,"d":3176},{"pi":"423861","pc":"Бакалея","ss":1000,"td":"Центр города","dc":1,"n":288.76,"vc":"более 1 000","sl":"Элитный","sv":"более 3 000","p":1500.0,"q":12.82,"b":0.0,"ms":3.82,"wi":24.94,"ei":11.06,"as":782.89,"mi":"E","mv":81155,"sc":2,"lpe":93.72,"lpr":911.2,"lq":1.0,"d":5728},{"pi":"423861","pc":"Бакалея","ss":1000,"td":"Центр города","dc":1,"n":299.3,"vc":"более 1 000","sl":"Элитный","sv":"около 2 000","p":2000.0,"q":16.92,"b":0.0,"ms":2.46,"wi":24.94,"ei":11.06,"as":782.89,"mi":"E","mv":81155,"sc":2,"lpe":93.72,"lpr":911.2,"lq":1.0,"d":5728},{"pi":"423861","pc":"Бакалея","ss":100000,"td":"Центр города","dc":1,"n":552.74,"vc":"около 500 000","sl":"Высокий","sv":"более 20 000","p":1472.3,"q":11.25,"b":0.0,"ms":7.1,"wi":24.23,"ei":4.88,"as":222.61,"mi":"E","mv":352233,"sc":1,"lpe":92.9,"lpr":553.25,"lq":1.0,"d":1468},{"pi":"423861","pc":"Бакалея","ss":100000,"td":"Пригород","dc":10,"n":490.88,"vc":"около 100 000","sl":"Очень высокий","sv":"менее 50","p":464.0,"q":1.0,"b":0.0,"ms":0.0,"wi":7.36,"ei":4.12,"as":161.41,"mi":"E","mv":54784,"sc":1,"lpe":100.0,"lpr":401.24,"lq":1.0,"d":4029},{"pi":"423861","pc":"Бакалея","ss":100000,"td":"Спальный район","dc":3,"n":393.45,"vc":"более 100 000","sl":"Элитный","sv":"около 50 000","p":915.0,"q":9.92,"b":0.0,"ms":5.33,"wi":41.76,"ei":8.78,"as":296.55,"mi":"E","mv":1026990,"sc":1,"lpe":94.67,"lpr":556.57,"lq":1.0,"d":4441},{"pi":"423861","pc":"Бакалея","ss":500,"td":"Фешенебельный район","dc":3,"n":110.47,"vc":"менее 50","sl":"Элитный","sv":"около 500","p":100.0,"q":12.62,"b":1.65,"ms":3.55,"wi":14.88,"ei":5.88,"as":325.21,"mi":"E","mv":16387,"sc":1,"lpe":96.45,"lpr":547.18,"lq":1.0,"d":263},{"pi":"423861","pc":"Бакалея","ss":100000,"td":"Центр города","dc":4,"n":586.72,"vc":"около 500 000","sl":"Низкий","sv":"более 10 000","p":2109.0,"q":9.19,"b":0.0,"ms":9.76,"wi":60.58,"ei":10.27,"as":1004.55,"mi":"E","mv":114672,"sc":3,"lpe":89.12,"lpr":1095.79,"lq":1.18,"d":950},{"pi":"423861","pc":"Бакалея","ss":100000,"td":"Центр города","dc":3,"n":474.03,"vc":"более 100 000","sl":"Очень высокий","sv":"более 1 000","p":2500.0,"q":13.43,"b":0.0,"ms":1.1,"wi":60.58,"ei":10.27,"as":1004.55,"mi":"E","mv":114672,"sc":3,"lpe":89.12,"lpr":1095.79,"lq":1.18,"d":950},{"pi":"423861","pc":"Бакалея","ss":100000,"td":"Фешенебельный район","dc":1,"n":692.33,"vc":"более 100 000","sl":"Элитный","sv":"менее 50","p":3530.4,"q":13.38,"b":0.0,"ms":0.01,"wi":60.58,"ei":10.27,"as":1004.55,"mi":"E","mv":114672,"sc":3,"lpe":89.12,"lpr":1095.79,"lq":1.18,"d":950},{"pi":"423861","pc":"Бакалея","ss":10000,"td":"Спальный район","dc":2,"n":607.37,"vc":"более 30 000","sl":"Высокий","sv":"менее 50","p":5000.0,"q":10.62,"b":0.0,"ms":0.0,"wi":86.42,"ei":8.91,"as":872.27,"mi":"E","mv":98850,"sc":1,"lpe":100.0,"lpr":1737.71,"lq":1.0,"d":416},{"pi":"423861","pc":"Бакалея","ss":100000,"td":"Спальный район","dc":3,"n":355.47,"vc":"около 100 000","sl":"Элитный","sv":"около 1 000","p":1450.0,"q":8.46,"b":0.0,"ms":0.11,"wi":31.11,"ei":15.07,"as":449.38,"mi":"E","mv":785045,"sc":1,"lpe":99.89,"lpr":555.03,"lq":1.0,"d":4857},{"pi":"423861","pc":"Бакалея","ss":10000,"td":"Спальный район","dc":2,"n":227.08,"vc":"около 5 000","sl":"Элитный","sv":"около 5 000","p":1932.0,"q":9.37,"b":0.0,"ms":0.59,"wi":57.77,"ei":9.84,"as":399.03,"mi":"E","mv":1009066,"sc":1,"lpe":99.41,"lpr":1558.9,"lq":1.0,"d":3316},{"pi":"423861","pc":"Бакалея","ss":10000,"td":"Спальный район","dc":1,"n":460.45,"vc":"более 10 000","sl":"Элитный","sv":"около 1 000","p":400.0,"q":9.95,"b":0.0,"ms":1.3,"wi":23.29,"ei":5.97,"as":415.57,"mi":"E","mv":77119,"sc":1,"lpe":98.7,"lpr":550.14,"lq":1.0,"d":898},{"pi":"423861","pc":"Бакалея","ss":10000,"td":"Окраина","dc":2,"n":439.81,"vc":"более 10 000","sl":"Элитный","sv":"менее 50","p":2750.0,"q":15.5,"b":0.0,"ms":0.0,"wi":73.51,"ei":5.78,"as":394.18,"mi":"E","mv":442354,"sc":1,"lpe":100.0,"lpr":1125.75,"lq":1.0,"d":1203},{"pi":"423861","pc":"Бакалея","ss":100000,"td":"Центр города","dc":1,"n":488.98,"vc":"около 500 000","sl":"Элитный","sv":"около 5 000","p":2550.0,"q":14.64,"b":4.76,"ms":0.75,"wi":101.91,"ei":5.55,"as":756.37,"mi":"E","mv":819979,"sc":2,"lpe":98.68,"lpr":918.33,"lq":1.0,"d":2460},{"pi":"423861","pc":"Бакалея","ss":100000,"td":"Центр города","dc":1,"n":488.98,"vc":"более 200 000","sl":"Элитный","sv":"около 5 000","p":2550.0,"q":14.64,"b":4.76,"ms":0.57,"wi":101.91,"ei":5.55,"as":756.37,"mi":"E","mv":819979,"sc":2,"lpe":98.68,"lpr":918.33,"lq":1.0,"d":2460},{"pi":"423861","pc":"Бакалея","ss":1000,"td":"Спальный район","dc":1,"n":228.72,"vc":"более 1 000","sl":"Элитный","sv":"более 10 000","p":2000.0,"q":9.37,"b":2.93,"ms":2.22,"wi":63.62,"ei":6.37,"as":335.74,"mi":"E","mv":677037,"sc":3,"lpe":95.42,"lpr":1149.05,"lq":1.0,"d":2140},{"pi":"423861","pc":"Бакалея","ss":1000,"td":"Центр города","dc":1,"n":223.13,"vc":"более 1 000","sl":"Очень высокий","sv":"более 10 000","p":2000.0,"q":9.37,"b":2.93,"ms":2.22,"wi":63.62,"ei":6.37,"as":335.74,"mi":"E","mv":677037,"sc":3,"lpe":95.42,"lpr":1149.05,"lq":1.0,"d":2140},{"pi":"423861","pc":"Бакалея","ss":500,"td":"Фешенебельный район","dc":1,"n":602.15,"vc":"около 500","sl":"Высокий","sv":"около 1 000","p":2781.52,"q":16.8,"b":0.0,"ms":0.15,"wi":63.62,"ei":6.37,"as":335.74,"mi":"E","mv":677037,"sc":3,"lpe":95.42,"lpr":1149.05,"lq":1.0,"d":2140},{"pi":"423861","pc":"Бакалея","ss":1000,"td":"Центр города","dc":1,"n":233.0,"vc":"более 1 000","sl":"Очень высокий","sv":"более 100","p":1550.0,"q":12.86,"b":0.0,"ms":0.15,"wi":24.66,"ei":8.47,"as":192.56,"mi":"E","mv":121503,"sc":1,"lpe":99.85,"lpr":933.76,"lq":1.0,"d":5338},{"pi":"423861","pc":"Бакалея","ss":100000,"td":"Центр города","dc":1,"n":512.27,"vc":"около 1 000 000","sl":"Очень высокий","sv":"более 100 000","p":2052.3,"q":13.54,"b":0.0,"ms":6.35,"wi":105.21,"ei":13.87,"as":803.35,"mi":"E","mv":3040805,"sc":2,"lpe":92.83,"lpr":1162.04,"lq":1.0,"d":9315},{"pi":"423861","pc":"Бакалея","ss":100000,"td":"Центр города","dc":1,"n":653.21,"vc":"более 3 000 000","sl":"Низкий","sv":"более 20 000","p":1000.0,"q":17.81,"b":0.0,"ms":0.82,"wi":105.21,"ei":13.87,"as":803.35,"mi":"E","mv":3040805,"sc":2,"lpe":92.83,"lpr":1162.04,"lq":1.0,"d":9315},{"pi":"423861","pc":"Бакалея","ss":100000,"td":"Фешенебельный район","dc":1,"n":496.56,"vc":"около 100 000","sl":"Элитный","sv":"около 30 000","p":2000.0,"q":9.37,"b":0.0,"ms":1.5,"wi":57.42,"ei":5.96,"as":448.87,"mi":"E","mv":1994276,"sc":1,"lpe":98.5,"lpr":817.64,"lq":1.0,"d":5974},{"pi":"423861","pc":"Бакалея","ss":100000,"td":"Центр города","dc":1,"n":492.07,"vc":"около 500 000","sl":"Очень высокий","sv":"около 500","p":1950.0,"q":13.24,"b":5.81,"ms":0.04,"wi":89.8,"ei":6.71,"as":470.88,"mi":"E","mv":1874028,"sc":2,"lpe":99.93,"lpr":552.99,"lq":1.0,"d":4994},{"pi":"423861","pc":"Бакалея","ss":100000,"td":"Центр города","dc":1,"n":492.07,"vc":"около 500 000","sl":"Очень высокий","sv":"около 500","p":1950.0,"q":13.24,"b":5.81,"ms":0.04,"wi":89.8,"ei":6.71,"as":470.88,"mi":"E","mv":1874028,"sc":2,"lpe":99.93,"lpr":552.99,"lq":1.0,"d":4994},{"pi":"423861","pc":"Бакалея","ss":100000,"td":"Центр города","dc":3,"n":464.91,"vc":"более 200 000","sl":"Очень высокий","sv":"около 50 000","p":1047.76,"q":10.9,"b":0.0,"ms":10.98,"wi":28.96,"ei":5.25,"as":307.54,"mi":"E","mv":637650,"sc":2,"lpe":86.67,"lpr":543.5,"lq":1.57,"d":2906},{"pi":"423861","pc":"Бакалея","ss":100000,"td":"Спальный район","dc":1,"n":501.87,"vc":"более 200 000","sl":"Элитный","sv":"более 10 000","p":1300.0,"q":13.54,"b":0.7,"ms":2.35,"wi":28.96,"ei":5.25,"as":307.54,"mi":"E","mv":637650,"sc":2,"lpe":86.67,"lpr":543.5,"lq":1.57,"d":2906},{"pi":"423861","pc":"Бакалея","ss":10000,"td":"Спальный район","dc":1,"n":539.17,"vc":"более 20 000","sl":"Элитный","sv":"около 50","p":4000.0,"q":10.62,"b":0.0,"ms":0.02,"wi":108.54,"ei":6.2,"as":659.98,"mi":"E","mv":184655,"sc":1,"lpe":99.98,"lpr":1551.85,"lq":1.0,"d":628},{"pi":"423861","pc":"Бакалея","ss":1000,"td":"Фешенебельный район","dc":1,"n":683.87,"vc":"около 1 000","sl":"Элитный","sv":"более 10 000","p":1700.0,"q":17.05,"b":6.26,"ms":90.35,"wi":57.24,"ei":8.33,"as":1106.11,"mi":"D","mv":14470,"sc":2,"lpe":0.0,"lpr":929.63,"lq":1.2,"d":892},{"pi":"423861","pc":"Бакалея","ss":500,"td":"Центр города","dc":1,"n":535.84,"vc":"около 500","sl":"Очень высокий","sv":"около 500","p":1500.0,"q":16.9,"b":0.0,"ms":3.46,"wi":57.24,"ei":8.33,"as":1106.11,"mi":"D","mv":14470,"sc":2,"lpe":0.0,"lpr":929.63,"lq":1.2,"d":892},{"pi":"423861","pc":"Бакалея","ss":1000,"td":"Центр города","dc":1,"n":457.5,"vc":"около 5 000","sl":"Высокий","sv":"около 2 000","p":3000.0,"q":16.91,"b":0.0,"ms":4.3,"wi":64.91,"ei":10.23,"as":1395.94,"mi":"E","mv":46490,"sc":4,"lpe":90.65,"lpr":1604.96,"lq":1.0,"d":185},{"pi":"423861","pc":"Бакалея","ss":1000,"td":"Центр города","dc":1,"n":367.47,"vc":"более 1 000","sl":"Очень высокий","sv":"около 2 000","p":2000.0,"q":16.91,"b":0.0,"ms":4.3,"wi":64.91,"ei":10.23,"as":1395.94,"mi":"E","mv":46490,"sc":4,"lpe":90.65,"lpr":1604.96,"lq":1.0,"d":185},{"pi":"423861","pc":"Бакалея","ss":1000,"td":"Фешенебельный район","dc":1,"n":644.88,"vc":"более 1 000","sl":"Элитный","sv":"более 200","p":3675.0,"q":12.12,"b":0.0,"ms":0.54,"wi":64.91,"ei":10.23,"as":1395.94,"mi":"E","mv":46490,"sc":4,"lpe":90.65,"lpr":1604.96,"lq":1.0,"d":185},{"pi":"423861","pc":"Бакалея","ss":500,"td":"Фешенебельный район","dc":1,"n":695.09,"vc":"около 500","sl":"Элитный","sv":"около 100","p":2345.85,"q":16.8,"b":0.0,"ms":0.22,"wi":64.91,"ei":10.23,"as":1395.94,"mi":"E","mv":46490,"sc":4,"lpe":90.65,"lpr":1604.96,"lq":1.0,"d":185},{"pi":"423861","pc":"Бакалея","ss":100000,"td":"Фешенебельный район","dc":1,"n":541.75,"vc":"около 100 000","sl":"Элитный","sv":"более 100 000","p":1100.0,"q":13.38,"b":4.14,"ms":13.84,"wi":61.93,"ei":9.19,"as":614.3,"mi":"E","mv":1400629,"sc":4,"lpe":85.5,"lpr":552.09,"lq":1.68,"d":4618},{"pi":"423861","pc":"Бакалея","ss":100000,"td":"Центр города","dc":1,"n":501.81,"vc":"около 500 000","sl":"Очень высокий","sv":"около 5 000","p":1850.0,"q":14.4,"b":5.92,"ms":0.31,"wi":61.93,"ei":9.19,"as":614.3,"mi":"E","mv":1400629,"sc":4,"lpe":85.5,"lpr":552.09,"lq":1.68,"d":4618},{"pi":"423861","pc":"Бакалея","ss":100000,"td":"Центр города","dc":1,"n":501.81,"vc":"около 500 000","sl":"Очень высокий","sv":"около 5 000","p":1850.0,"q":14.41,"b":5.92,"ms":0.3,"wi":61.93,"ei":9.19,"as":614.3,"mi":"E","mv":1400629,"sc":4,"lpe":85.5,"lpr":552.09,"lq":1.68,"d":4618},{"pi":"423861","pc":"Бакалея","ss":100000,"td":"Центр города","dc":3,"n":309.17,"vc":"около 100 000","sl":"Низкий","sv":"около 500","p":1450.0,"q":12.02,"b":0.0,"ms":0.04,"wi":61.93,"ei":9.19,"as":614.3,"mi":"E","mv":1400629,"sc":4,"lpe":85.5,"lpr":552.09,"lq":1.68,"d":4618},{"pi":"423861","pc":"Бакалея","ss":500,"td":"Спальный район","dc":2,"n":82.85,"vc":"более 100","sl":"Элитный","sv":"менее 50","p":100.0,"q":11.36,"b":2.46,"ms":0.0,"wi":9.17,"ei":6.9,"as":289.66,"mi":"E","mv":60796,"sc":1,"lpe":100.0,"lpr":141.3,"lq":1.0,"d":1435},{"pi":"423861","pc":"Бакалея","ss":100000,"td":"Фешенебельный район","dc":3,"n":687.15,"vc":"более 200 000","sl":"Высокий","sv":"около 1 000","p":1201.76,"q":16.8,"b":0.0,"ms":0.44,"wi":33.2,"ei":8.56,"as":343.95,"mi":"E","mv":227034,"sc":1,"lpe":99.56,"lpr":549.83,"lq":1.0,"d":1298},{"pi":"423861","pc":"Бакалея","ss":10000,"td":"Центр города","dc":4,"n":381.69,"vc":"около 10 000","sl":"Очень высокий","sv":"более 20 000","p":75.0,"q":9.78,"b":1.29,"ms":11.68,"wi":25.85,"ei":4.86,"as":167.58,"mi":"E","mv":189271,"sc":1,"lpe":88.32,"lpr":336.61,"lq":1.05,"d":654},{"pi":"423861","pc":"Бакалея","ss":100000,"td":"Центр города","dc":2,"n":320.6,"vc":"около 50 000","sl":"Элитный","sv":"более 100","p":1500.0,"q":7.78,"b":0.0,"ms":0.07,"wi":36.53,"ei":5.79,"as":297.89,"mi":"E","mv":262838,"sc":1,"lpe":99.93,"lpr":549.56,"lq":1.0,"d":1480},{"pi":"423861","pc":"Бакалея","ss":100000,"td":"Центр города","dc":1,"n":533.49,"vc":"более 200 000","sl":"Элитный","sv":"около 50 000","p":1100.0,"q":11.82,"b":4.59,"ms":19.23,"wi":61.21,"ei":5.85,"as":457.01,"mi":"E","mv":269614,"sc":1,"lpe":80.77,"lpr":469.28,"lq":1.65,"d":773},{"pi":"423861","pc":"Бакалея","ss":100000,"td":"Спальный район","dc":1,"n":596.53,"vc":"около 500 000","sl":"Элитный","sv":"более 10 000","p":2200.0,"q":15.5,"b":0.0,"ms":4.83,"wi":109.75,"ei":5.99,"as":977.93,"mi":"E","mv":372330,"sc":2,"lpe":94.54,"lpr":951.5,"lq":1.0,"d":1102},{"pi":"423861","pc":"Бакалея","ss":100000,"td":"Спальный район","dc":2,"n":307.43,"vc":"более 20 000","sl":"Низкий","sv":"более 2 000","p":1500.0,"q":12.86,"b":0.0,"ms":0.62,"wi":109.75,"ei":5.99,"as":977.93,"mi":"E","mv":372330,"sc":2,"lpe":94.54,"lpr":951.5,"lq":1.0,"d":1102},{"pi":"423861","pc":"Бакалея","ss":10000,"td":"Центр города","dc":3,"n":115.65,"vc":"более 2 000","sl":"Элитный","sv":"около 5 000","p":1005.0,"q":9.95,"b":0.0,"ms":0.4,"wi":48.55,"ei":13.47,"as":398.49,"mi":"E","mv":956274,"sc":1,"lpe":99.6,"lpr":644.13,"lq":1.0,"d":2831},{"pi":"423861","pc":"Бакалея","ss":100000,"td":"Центр города","dc":3,"n":398.4,"vc":"более 100 000","sl":"Очень высокий","sv":"около 500 000","p":715.0,"q":10.07,"b":0.0,"ms":62.31,"wi":21.66,"ei":13.94,"as":274.27,"mi":"D","mv":632892,"sc":3,"lpe":36.87,"lpr":449.4,"lq":1.06,"d":6021},{"pi":"423861","pc":"Бакалея","ss":100000,"td":"Спальный район","dc":3,"n":398.91,"vc":"более 100 000","sl":"Элитный","sv":"около 5 000","p":1230.0,"q":9.91,"b":0.0,"ms":0.82,"wi":21.66,"ei":13.94,"as":274.27,"mi":"D","mv":632892,"sc":3,"lpe":36.87,"lpr":449.4,"lq":1.06,"d":6021},{"pi":"423861","pc":"Бакалея","ss":100000,"td":"Центр города","dc":10,"n":72.15,"vc":"около 5 000","sl":"Очень высокий","sv":"менее 50","p":1700.0,"q":9.39,"b":0.0,"ms":0.0,"wi":21.66,"ei":13.94,"as":274.27,"mi":"D","mv":632892,"sc":3,"lpe":36.87,"lpr":449.4,"lq":1.06,"d":6021},{"pi":"423861","pc":"Бакалея","ss":100000,"td":"Центр города","dc":1,"n":501.24,"vc":"более 100 000","sl":"Элитный","sv":"около 50 000","p":2500.0,"q":17.06,"b":0.0,"ms":33.31,"wi":153.98,"ei":9.67,"as":1800.45,"mi":"D","mv":210767,"sc":3,"lpe":41.0,"lpr":1365.73,"lq":4.84,"d":853},{"pi":"423861","pc":"Бакалея","ss":100000,"td":"Центр города","dc":1,"n":695.86,"vc":"более 1 000 000","sl":"Нормальный","sv":"около 50 000","p":2000.0,"q":17.55,"b":5.61,"ms":23.72,"wi":153.98,"ei":9.67,"as":1800.45,"mi":"D","mv":210767,"sc":3,"lpe":41.0,"lpr":1365.73,"lq":4.84,"d":853},{"pi":"423861","pc":"Бакалея","ss":100000,"td":"Центр города","dc":1,"n":615.27,"vc":"около 500 000","sl":"Очень высокий","sv":"около 5 000","p":3000.0,"q":10.6,"b":2.77,"ms":1.97,"wi":153.98,"ei":9.67,"as":1800.45,"mi":"D","mv":210767,"sc":3,"lpe":41.0,"lpr":1365.73,"lq":4.84,"d":853},{"pi":"423861","pc":"Бакалея","ss":100000,"td":"Спальный район","dc":3,"n":80.09,"vc":"более 2 000","sl":"Элитный","sv":"около 5 000","p":1600.0,"q":9.51,"b":0.0,"ms":3.21,"wi":48.69,"ei":4.23,"as":345.6,"mi":"E","mv":155727,"sc":1,"lpe":96.79,"lpr":996.79,"lq":1.0,"d":846},{"pi":"423861","pc":"Бакалея","ss":1000,"td":"Центр города","dc":1,"n":501.12,"vc":"около 5 000","sl":"Нормальный","sv":"более 30 000","p":3500.0,"q":17.06,"b":0.0,"ms":6.55,"wi":128.78,"ei":11.53,"as":708.9,"mi":"E","mv":459027,"sc":2,"lpe":92.58,"lpr":2365.08,"lq":1.0,"d":1430},{"pi":"423861","pc":"Бакалея","ss":1000,"td":"Центр города","dc":1,"n":231.97,"vc":"более 1 000","sl":"Очень высокий","sv":"около 5 000","p":2900.0,"q":12.5,"b":0.0,"ms":0.87,"wi":128.78,"ei":11.53,"as":708.9,"mi":"E","mv":459027,"sc":2,"lpe":92.58,"lpr":2365.08,"lq":1.0,"d":1430},{"pi":"423861","pc":"Бакалея","ss":100000,"td":"Центр города","dc":2,"n":363.28,"vc":"более 100 000","sl":"Элитный","sv":"более 100 000","p":1299.99,"q":13.85,"b":0.0,"ms":7.57,"wi":60.17,"ei":10.56,"as":378.1,"mi":"E","mv":2178761,"sc":2,"lpe":85.3,"lpr":610.54,"lq":1.21,"d":6232},{"pi":"423861","pc":"Бакалея","ss":100000,"td":"Центр города","dc":2,"n":323.43,"vc":"около 100 000","sl":"Элитный","sv":"более 100 000","p":680.0,"q":11.11,"b":3.4,"ms":7.13,"wi":60.17,"ei":10.56,"as":378.1,"mi":"E","mv":2178761,"sc":2,"lpe":85.3,"lpr":610.54,"lq":1.21,"d":6232},{"pi":"423861","pc":"Бакалея","ss":100000,"td":"Спальный район","dc":1,"n":531.08,"vc":"около 500 000","sl":"Элитный","sv":"более 100 000","p":1720.0,"q":15.03,"b":1.16,"ms":14.1,"wi":103.3,"ei":6.86,"as":986.71,"mi":"E","mv":860505,"sc":3,"lpe":84.18,"lpr":745.72,"lq":2.12,"d":2516},{"pi":"423861","pc":"Бакалея","ss":100000,"td":"Центр города","dc":1,"n":485.95,"vc":"около 500 000","sl":"Элитный","sv":"около 10 000","p":2150.0,"q":14.53,"b":4.73,"ms":1.01,"wi":103.3,"ei":6.86,"as":986.71,"mi":"E","mv":860505,"sc":3,"lpe":84.18,"lpr":745.72,"lq":2.12,"d":2516},{"pi":"423861","pc":"Бакалея","ss":100000,"td":"Центр города","dc":1,"n":485.95,"vc":"более 200 000","sl":"Элитный","sv":"около 5 000","p":2150.0,"q":14.53,"b":4.73,"ms":0.72,"wi":103.3,"ei":6.86,"as":986.71,"mi":"E","mv":860505,"sc":3,"lpe":84.18,"lpr":745.72,"lq":2.12,"d":2516},{"pi":"423861","pc":"Бакалея","ss":100000,"td":"Центр города","dc":2,"n":670.23,"vc":"около 1 000 000","sl":"Нормальный","sv":"более 1 000","p":1600.0,"q":15.87,"b":0.0,"ms":3.18,"wi":51.07,"ei":5.68,"as":788.75,"mi":"E","mv":50709,"sc":1,"lpe":96.82,"lpr":961.39,"lq":1.0,"d":370},{"pi":"423861","pc":"Бакалея","ss":100000,"td":"Центр города","dc":1,"n":572.61,"vc":"около 500 000","sl":"Элитный","sv":"около 5 000","p":1850.0,"q":14.64,"b":6.66,"ms":1.39,"wi":42.97,"ei":7.04,"as":689.17,"mi":"E","mv":304764,"sc":2,"lpe":97.3,"lpr":554.99,"lq":1.0,"d":1215},{"pi":"423861","pc":"Бакалея","ss":100000,"td":"Центр города","dc":1,"n":572.61,"vc":"около 500 000","sl":"Очень высокий","sv":"около 5 000","p":1850.0,"q":14.64,"b":6.66,"ms":1.31,"wi":42.97,"ei":7.04,"as":689.17,"mi":"E","mv":304764,"sc":2,"lpe":97.3,"lpr":554.99,"lq":1.0,"d":1215},{"pi":"423861","pc":"Бакалея","ss":100000,"td":"Спальный район","dc":2,"n":411.72,"vc":"около 100 000","sl":"Очень высокий","sv":"около 1 000","p":1200.0,"q":15.5,"b":0.0,"ms":0.32,"wi":25.78,"ei":5.86,"as":525.34,"mi":"E","mv":313291,"sc":1,"lpe":99.68,"lpr":551.3,"lq":1.0,"d":2664},{"pi":"423861","pc":"Бакалея","ss":10000,"td":"Спальный район","dc":1,"n":146.12,"vc":"более 1 000","sl":"Элитный","sv":"более 10 000","p":1900.0,"q":9.37,"b":0.0,"ms":3.93,"wi":66.49,"ei":11.25,"as":422.13,"mi":"E","mv":492810,"sc":1,"lpe":96.07,"lpr":2055.73,"lq":1.0,"d":1852},{"pi":"423861","pc":"Бакалея","ss":100000,"td":"Центр города","dc":2,"n":463.71,"vc":"более 100 000","sl":"Элитный","sv":"около 10 000","p":4050.0,"q":13.2,"b":0.0,"ms":1.7,"wi":79.93,"ei":8.4,"as":865.82,"mi":"E","mv":552423,"sc":2,"lpe":98.3,"lpr":1469.89,"lq":1.0,"d":1983},{"pi":"423861","pc":"Бакалея","ss":10000,"td":"Спальный район","dc":3,"n":165.42,"vc":"более 1 000","sl":"Элитный","sv":"менее 50","p":1500.0,"q":13.54,"b":0.0,"ms":0.0,"wi":79.93,"ei":8.4,"as":865.82,"mi":"E","mv":552423,"sc":2,"lpe":98.3,"lpr":1469.89,"lq":1.0,"d":1983},{"pi":"423861","pc":"Бакалея","ss":100000,"td":"Фешенебельный район","dc":2,"n":691.69,"vc":"более 100 000","sl":"Элитный","sv":"около 10 000","p":1017.53,"q":16.8,"b":0.0,"ms":11.92,"wi":52.72,"ei":6.41,"as":269.05,"mi":"E","mv":83913,"sc":1,"lpe":88.08,"lpr":540.61,"lq":1.79,"d":616},{"pi":"423861","pc":"Бакалея","ss":10000,"td":"Центр города","dc":1,"n":581.34,"vc":"более 20 000","sl":"Нормальный","sv":"менее 50","p":2000.0,"q":8.88,"b":0.0,"ms":0.01,"wi":15.5,"ei":3.96,"as":405.08,"mi":"E","mv":45716,"sc":1,"lpe":99.99,"lpr":551.04,"lq":1.0,"d":869},{"pi":"423861","pc":"Бакалея","ss":100000,"td":"Фешенебельный район","dc":1,"n":699.43,"vc":"более 200 000","sl":"Элитный","sv":"более 100 000","p":1000.0,"q":17.05,"b":4.57,"ms":100.0,"wi":24.88,"ei":4.68,"as":294.82,"mi":"B","mv":155000,"sc":1,"lpe":0.0,"lpr":487.13,"lq":1.21,"d":350},{"pi":"423861","pc":"Бакалея","ss":1000,"td":"Центр города","dc":1,"n":523.08,"vc":"около 5 000","sl":"Нормальный","sv":"более 10 000","p":3000.0,"q":17.06,"b":0.0,"ms":6.53,"wi":93.23,"ei":6.87,"as":630.83,"mi":"E","mv":216164,"sc":1,"lpe":93.47,"lpr":1295.7,"lq":1.0,"d":757},{"pi":"423861","pc":"Бакалея","ss":100,"td":"Центр города","dc":1,"n":0.0,"vc":"около 50","sl":"Очень низкий","sv":"менее 50","p":1120.0,"q":13.54,"b":0.0,"ms":0.0,"wi":62.99,"ei":8.75,"as":542.06,"mi":"E","mv":507072,"sc":1,"lpe":100.0,"lpr":791.26,"lq":1.0,"d":2349},{"pi":"423861","pc":"Бакалея","ss":100000,"td":"Центр города","dc":1,"n":527.23,"vc":"более 200 000","sl":"Элитный","sv":"около 10 000","p":3250.0,"q":8.97,"b":0.0,"ms":3.42,"wi":150.0,"ei":13.64,"as":4851.15,"mi":"E","mv":292228,"sc":2,"lpe":96.45,"lpr":4075.6,"lq":1.0,"d":890},{"pi":"423861","pc":"Бакалея","ss":500,"td":"Центр города","dc":4,"n":89.45,"vc":"более 200","sl":"Высокий","sv":"около 500","p":3200.0,"q":12.52,"b":0.0,"ms":0.12,"wi":150.0,"ei":13.64,"as":4851.15,"mi":"E","mv":292228,"sc":2,"lpe":96.45,"lpr":4075.6,"lq":1.0,"d":890},{"pi":"423861","pc":"Бакалея","ss":1000,"td":"Центр города","dc":2,"n":228.89,"vc":"около 500","sl":"Элитный","sv":"около 1 000","p":3600.0,"q":9.95,"b":0.0,"ms":2.29,"wi":177.29,"ei":8.68,"as":4301.71,"mi":"E","mv":43752,"sc":1,"lpe":97.71,"lpr":3352.26,"lq":1.0,"d":181},{"pi":"423861","pc":"Бакалея","ss":1000,"td":"Центр города","dc":5,"n":88.67,"vc":"около 500","sl":"Очень высокий","sv":"около 3 000","p":600.0,"q":12.62,"b":1.65,"ms":1.86,"wi":33.29,"ei":6.93,"as":379.1,"mi":"E","mv":160993,"sc":1,"lpe":98.14,"lpr":553.58,"lq":1.0,"d":626},{"pi":"423861","pc":"Бакалея","ss":10000,"td":"Центр города","dc":5,"n":251.54,"vc":"около 5 000","sl":"Очень низкий","sv":"более 1 000","p":250.0,"q":12.62,"b":1.65,"ms":0.82,"wi":53.31,"ei":7.07,"as":338.39,"mi":"E","mv":183323,"sc":1,"lpe":99.18,"lpr":640.83,"lq":1.0,"d":954},{"pi":"423861","pc":"Бакалея","ss":500,"td":"Центр города","dc":1,"n":411.45,"vc":"около 500","sl":"Очень высокий","sv":"около 500","p":1000.0,"q":16.78,"b":0.0,"ms":2.46,"wi":17.85,"ei":5.4,"as":282.66,"mi":"E","mv":28294,"sc":2,"lpe":97.01,"lpr":402.14,"lq":1.0,"d":242},{"pi":"423861","pc":"Бакалея","ss":500,"td":"Фешенебельный район","dc":4,"n":117.26,"vc":"менее 50","sl":"Элитный","sv":"более 100","p":75.0,"q":11.81,"b":1.29,"ms":0.53,"wi":17.85,"ei":5.4,"as":282.66,"mi":"E","mv":28294,"sc":2,"lpe":97.01,"lpr":402.14,"lq":1.0,"d":242},{"pi":"423861","pc":"Бакалея","ss":100000,"td":"Спальный район","dc":5,"n":345.75,"vc":"около 50 000","sl":"Низкий","sv":"менее 50","p":1900.0,"q":11.37,"b":0.0,"ms":0.01,"wi":38.92,"ei":5.51,"as":395.99,"mi":"E","mv":99388,"sc":1,"lpe":99.99,"lpr":555.24,"lq":1.0,"d":402},{"pi":"423861","pc":"Бакалея","ss":1000,"td":"Центр города","dc":5,"n":244.57,"vc":"более 1 000","sl":"Нормальный","sv":"около 3 000","p":225.0,"q":12.62,"b":1.65,"ms":1.47,"wi":53.78,"ei":7.64,"as":502.33,"mi":"E","mv":204424,"sc":1,"lpe":98.53,"lpr":762.9,"lq":1.0,"d":934},{"pi":"423861","pc":"Бакалея","ss":100000,"td":"Центр города","dc":1,"n":697.99,"vc":"более 1 000 000","sl":"Нормальный","sv":"около 50 000","p":100.0,"q":14.83,"b":0.0,"ms":19.02,"wi":45.68,"ei":7.04,"as":429.01,"mi":"E","mv":262933,"sc":3,"lpe":79.04,"lpr":552.92,"lq":1.63,"d":1098},{"pi":"423861","pc":"Бакалея","ss":100000,"td":"Центр города","dc":2,"n":559.58,"vc":"около 500 000","sl":"Высокий","sv":"около 5 000","p":555.0,"q":16.92,"b":0.0,"ms":1.9,"wi":45.68,"ei":7.04,"as":429.01,"mi":"E","mv":262933,"sc":3,"lpe":79.04,"lpr":552.92,"lq":1.63,"d":1098},{"pi":"423861","pc":"Бакалея","ss":1000,"td":"Окраина","dc":4,"n":242.1,"vc":"около 1 000","sl":"Высокий","sv":"около 100","p":125.0,"q":12.62,"b":1.65,"ms":0.04,"wi":45.68,"ei":7.04,"as":429.01,"mi":"E","mv":262933,"sc":3,"lpe":79.04,"lpr":552.92,"lq":1.63,"d":1098},{"pi":"423861","pc":"Бакалея","ss":100000,"td":"Центр города","dc":1,"n":422.7,"vc":"более 200 000","sl":"Элитный","sv":"более 100 000","p":1900.0,"q":7.91,"b":0.0,"ms":6.36,"wi":60.74,"ei":5.73,"as":513.33,"mi":"E","mv":2626197,"sc":11,"lpe":82.25,"lpr":1291.06,"lq":3.68,"d":9704},{"pi":"423861","pc":"Бакалея","ss":100000,"td":"Центр города","dc":10,"n":622.83,"vc":"более 2 000 000","sl":"Очень низкий","sv":"более 100 000","p":2662.14,"q":12.45,"b":0.0,"ms":4.57,"wi":60.74,"ei":5.73,"as":513.33,"mi":"E","mv":2626197,"sc":11,"lpe":82.25,"lpr":1291.06,"lq":3.68,"d":9704},{"pi":"423861","pc":"Бакалея","ss":100000,"td":"Спальный район","dc":2,"n":535.08,"vc":"около 500 000","sl":"Высокий","sv":"более 100 000","p":2500.0,"q":16.9,"b":0.0,"ms":4.57,"wi":60.74,"ei":5.73,"as":513.33,"mi":"E","mv":2626197,"sc":11,"lpe":82.25,"lpr":1291.06,"lq":3.68,"d":9704},{"pi":"423861","pc":"Бакалея","ss":10000,"td":"Центр города","dc":2,"n":117.21,"vc":"около 5 000","sl":"Элитный","sv":"более 20 000","p":600.0,"q":14.74,"b":0.0,"ms":1.0,"wi":60.74,"ei":5.73,"as":513.33,"mi":"E","mv":2626197,"sc":11,"lpe":82.25,"lpr":1291.06,"lq":3.68,"d":9704},{"pi":"423861","pc":"Бакалея","ss":10000,"td":"Центр города","dc":1,"n":197.47,"vc":"около 5 000","sl":"Элитный","sv":"более 10 000","p":2500.0,"q":15.26,"b":0.0,"ms":0.62,"wi":60.74,"ei":5.73,"as":513.33,"mi":"E","mv":2626197,"sc":11,"lpe":82.25,"lpr":1291.06,"lq":3.68,"d":9704},{"pi":"423861","pc":"Бакалея","ss":100000,"td":"Центр города","dc":1,"n":404.69,"vc":"более 200 000","sl":"Высокий","sv":"более 10 000","p":2700.0,"q":9.31,"b":0.0,"ms":0.48,"wi":60.74,"ei":5.73,"as":513.33,"mi":"E","mv":2626197,"sc":11,"lpe":82.25,"lpr":1291.06,"lq":3.68,"d":9704},{"pi":"423861","pc":"Бакалея","ss":100000,"td":"Центр города","dc":1,"n":570.3,"vc":"более 1 000 000","sl":"Высокий","sv":"более 1 000","p":3900.0,"q":13.25,"b":0.0,"ms":0.07,"wi":60.74,"ei":5.73,"as":513.33,"mi":"E","mv":2626197,"sc":11,"lpe":82.25,"lpr":1291.06,"lq":3.68,"d":9704},{"pi":"423861","pc":"Бакалея","ss":100000,"td":"Центр города","dc":1,"n":570.3,"vc":"более 1 000 000","sl":"Нормальный","sv":"более 1 000","p":3900.0,"q":12.92,"b":0.0,"ms":0.06,"wi":60.74,"ei":5.73,"as":513.33,"mi":"E","mv":2626197,"sc":11,"lpe":82.25,"lpr":1291.06,"lq":3.68,"d":9704},{"pi":"423861","pc":"Бакалея","ss":100000,"td":"Фешенебельный район","dc":1,"n":457.67,"vc":"около 50 000","sl":"Элитный","sv":"более 200","p":4500.0,"q":13.86,"b":3.04,"ms":0.01,"wi":60.74,"ei":5.73,"as":513.33,"mi":"E","mv":2626197,"sc":11,"lpe":82.25,"lpr":1291.06,"lq":3.68,"d":9704},{"pi":"423861","pc":"Бакалея","ss":100000,"td":"Фешенебельный район","dc":1,"n":623.36,"vc":"около 500 000","sl":"Элитный","sv":"около 50","p":5000.0,"q":15.31,"b":0.0,"ms":0.0,"wi":60.74,"ei":5.73,"as":513.33,"mi":"E","mv":2626197,"sc":11,"lpe":82.25,"lpr":1291.06,"lq":3.68,"d":9704},{"pi":"423861","pc":"Бакалея","ss":100000,"td":"Центр города","dc":1,"n":537.58,"vc":"около 500 000","sl":"Очень высокий","sv":"около 5 000","p":2650.0,"q":14.62,"b":5.76,"ms":0.41,"wi":66.62,"ei":7.76,"as":564.62,"mi":"E","mv":916087,"sc":2,"lpe":99.19,"lpr":786.66,"lq":1.0,"d":3493},{"pi":"423861","pc":"Бакалея","ss":100000,"td":"Центр города","dc":1,"n":537.58,"vc":"около 500 000","sl":"Очень высокий","sv":"около 5 000","p":2650.0,"q":14.62,"b":5.76,"ms":0.4,"wi":66.62,"ei":7.76,"as":564.62,"mi":"E","mv":916087,"sc":2,"lpe":99.19,"lpr":786.66,"lq":1.0,"d":3493},{"pi":"423861","pc":"Бакалея","ss":100000,"td":"Центр города","dc":2,"n":684.08,"vc":"около 1 000 000","sl":"Нормальный","sv":"около 2 000","p":2500.0,"q":16.92,"b":0.0,"ms":5.75,"wi":167.37,"ei":8.38,"as":3356.62,"mi":"E","mv":34772,"sc":1,"lpe":94.25,"lpr":2229.87,"lq":1.0,"d":140},{"pi":"423861","pc":"Бакалея","ss":1000,"td":"Фешенебельный район","dc":1,"n":606.22,"vc":"около 1 000","sl":"Элитный","sv":"около 5 000","p":600.0,"q":15.41,"b":7.17,"ms":19.71,"wi":22.05,"ei":8.2,"as":543.77,"mi":"E","mv":30435,"sc":2,"lpe":75.36,"lpr":548.44,"lq":1.59,"d":414},{"pi":"423861","pc":"Бакалея","ss":1000,"td":"Центр города","dc":5,"n":154.8,"vc":"около 500","sl":"Нормальный","sv":"более 1 000","p":175.0,"q":12.62,"b":2.73,"ms":4.93,"wi":22.05,"ei":8.2,"as":543.77,"mi":"E","mv":30435,"sc":2,"lpe":75.36,"lpr":548.44,"lq":1.59,"d":414},{"pi":"423861","pc":"Бакалея","ss":100000,"td":"Центр города","dc":1,"n":561.66,"vc":"более 200 000","sl":"Элитный","sv":"около 10 000","p":2650.0,"q":13.54,"b":0.0,"ms":14.89,"wi":113.22,"ei":8.72,"as":3458.72,"mi":"E","mv":67180,"sc":1,"lpe":85.11,"lpr":1806.76,"lq":5.75,"d":346},{"pi":"423861","pc":"Бакалея","ss":1000,"td":"Центр города","dc":1,"n":458.33,"vc":"более 2 000","sl":"Очень высокий","sv":"около 5 000","p":400.0,"q":16.92,"b":0.0,"ms":13.16,"wi":29.61,"ei":12.72,"as":467.01,"mi":"E","mv":38006,"sc":2,"lpe":79.36,"lpr":452.69,"lq":1.33,"d":745},{"pi":"423861","pc":"Бакалея","ss":1000,"td":"Фешенебельный район","dc":6,"n":457.64,"vc":"около 500","sl":"Очень высокий","sv":"более 2 000","p":450.0,"q":11.59,"b":2.73,"ms":7.49,"wi":29.61,"ei":12.72,"as":467.01,"mi":"E","mv":38006,"sc":2,"lpe":79.36,"lpr":452.69,"lq":1.33,"d":745},{"pi":"423861","pc":"Бакалея","ss":1000,"td":"Фешенебельный район","dc":1,"n":520.67,"vc":"около 500","sl":"Элитный","sv":"около 20 000","p":800.0,"q":15.41,"b":7.17,"ms":12.56,"wi":34.3,"ei":9.54,"as":519.17,"mi":"E","mv":159225,"sc":2,"lpe":86.18,"lpr":550.53,"lq":1.57,"d":929},{"pi":"423861","pc":"Бакалея","ss":1000,"td":"Центр города","dc":5,"n":103.77,"vc":"около 500","sl":"Очень высокий","sv":"около 2 000","p":750.0,"q":12.62,"b":2.73,"ms":1.26,"wi":34.3,"ei":9.54,"as":519.17,"mi":"E","mv":159225,"sc":2,"lpe":86.18,"lpr":550.53,"lq":1.57,"d":929},{"pi":"423861","pc":"Бакалея","ss":100000,"td":"Центр города","dc":1,"n":466.62,"vc":"более 200 000","sl":"Элитный","sv":"более 200 000","p":1500.0,"q":17.06,"b":0.0,"ms":23.67,"wi":75.37,"ei":9.56,"as":419.1,"mi":"E","mv":983472,"sc":2,"lpe":71.24,"lpr":646.07,"lq":1.14,"d":3663},{"pi":"423861","pc":"Бакалея","ss":100000,"td":"Центр города","dc":1,"n":684.31,"vc":"более 2 000 000","sl":"Низкий","sv":"около 50 000","p":2000.0,"q":17.55,"b":5.61,"ms":5.08,"wi":75.37,"ei":9.56,"as":419.1,"mi":"E","mv":983472,"sc":2,"lpe":71.24,"lpr":646.07,"lq":1.14,"d":3663},{"pi":"423861","pc":"Бакалея","ss":100000,"td":"Центр города","dc":1,"n":626.29,"vc":"более 1 000 000","sl":"Высокий","sv":"около 500 000","p":4000.0,"q":17.55,"b":5.61,"ms":34.05,"wi":100.43,"ei":12.79,"as":804.73,"mi":"E","mv":1468623,"sc":5,"lpe":55.49,"lpr":1664.72,"lq":1.86,"d":4137},{"pi":"423861","pc":"Бакалея","ss":100000,"td":"Центр города","dc":1,"n":441.96,"vc":"более 200 000","sl":"Элитный","sv":"более 100 000","p":5000.0,"q":17.06,"b":0.0,"ms":9.66,"wi":100.43,"ei":12.79,"as":804.73,"mi":"E","mv":1468623,"sc":5,"lpe":55.49,"lpr":1664.72,"lq":1.86,"d":4137},{"pi":"423861","pc":"Бакалея","ss":100000,"td":"Фешенебельный район","dc":1,"n":426.45,"vc":"более 20 000","sl":"Элитный","sv":"около 5 000","p":6000.0,"q":15.4,"b":0.0,"ms":0.39,"wi":100.43,"ei":12.79,"as":804.73,"mi":"E","mv":1468623,"sc":5,"lpe":55.49,"lpr":1664.72,"lq":1.86,"d":4137},{"pi":"423861","pc":"Бакалея","ss":100000,"td":"Центр города","dc":1,"n":542.14,"vc":"около 1 000 000","sl":"Очень высокий","sv":"около 5 000","p":4000.0,"q":15.5,"b":0.0,"ms":0.34,"wi":100.43,"ei":12.79,"as":804.73,"mi":"E","mv":1468623,"sc":5,"lpe":55.49,"lpr":1664.72,"lq":1.86,"d":4137},{"pi":"423861","pc":"Бакалея","ss":100000,"td":"Центр города","dc":3,"n":515.66,"vc":"около 500 000","sl":"Нормальный","sv":"более 1 000","p":5200.0,"q":8.86,"b":4.09,"ms":0.08,"wi":100.43,"ei":12.79,"as":804.73,"mi":"E","mv":1468623,"sc":5,"lpe":55.49,"lpr":1664.72,"lq":1.86,"d":4137},{"pi":"423861","pc":"Бакалея","ss":100000,"td":"Центр города","dc":1,"n":680.72,"vc":"более 1 000 000","sl":"Нормальный","sv":"около 200 000","p":2000.0,"q":17.55,"b":5.61,"ms":24.74,"wi":146.31,"ei":15.52,"as":2307.77,"mi":"D","mv":808280,"sc":4,"lpe":49.15,"lpr":1085.24,"lq":3.14,"d":2095},{"pi":"423861","pc":"Бакалея","ss":100000,"td":"Фешенебельный район","dc":1,"n":695.4,"vc":"около 500 000","sl":"Элитный","sv":"около 200 000","p":650.0,"q":17.05,"b":4.89,"ms":24.74,"wi":146.31,"ei":15.52,"as":2307.77,"mi":"D","mv":808280,"sc":4,"lpe":49.15,"lpr":1085.24,"lq":3.14,"d":2095},{"pi":"423861","pc":"Бакалея","ss":100000,"td":"Фешенебельный район","dc":1,"n":684.07,"vc":"около 500 000","sl":"Элитный","sv":"около 10 000","p":1200.0,"q":13.15,"b":0.0,"ms":1.24,"wi":146.31,"ei":15.52,"as":2307.77,"mi":"D","mv":808280,"sc":4,"lpe":49.15,"lpr":1085.24,"lq":3.14,"d":2095},{"pi":"423861","pc":"Бакалея","ss":100000,"td":"Фешенебельный район","dc":1,"n":684.07,"vc":"более 300 000","sl":"Элитный","sv":"около 1 000","p":1200.0,"q":13.15,"b":0.0,"ms":0.12,"wi":146.31,"ei":15.52,"as":2307.77,"mi":"D","mv":808280,"sc":4,"lpe":49.15,"lpr":1085.24,"lq":3.14,"d":2095},{"pi":"423861","pc":"Бакалея","ss":1000,"td":"Фешенебельный район","dc":1,"n":706.01,"vc":"более 2 000","sl":"Очень высокий","sv":"около 5 000","p":800.0,"q":15.41,"b":0.0,"ms":9.44,"wi":36.78,"ei":7.4,"as":274.72,"mi":"E","mv":52952,"sc":1,"lpe":90.56,"lpr":548.23,"lq":1.0,"d":399},{"pi":"423861","pc":"Бакалея","ss":100000,"td":"Центр города","dc":1,"n":506.81,"vc":"более 200 000","sl":"Элитный","sv":"более 200 000","p":3500.0,"q":17.06,"b":0.0,"ms":44.04,"wi":76.09,"ei":6.5,"as":327.59,"mi":"D","mv":528689,"sc":2,"lpe":27.59,"lpr":2106.2,"lq":2.43,"d":1541},{"pi":"423861","pc":"Бакалея","ss":100000,"td":"Центр города","dc":1,"n":492.31,"vc":"более 300 000","sl":"Очень высокий","sv":"более 100 000","p":3200.0,"q":9.51,"b":3.54,"ms":28.37,"wi":76.09,"ei":6.5,"as":327.59,"mi":"D","mv":528689,"sc":2,"lpe":27.59,"lpr":2106.2,"lq":2.43,"d":1541},{"pi":"423861","pc":"Бакалея","ss":100000,"td":"Фешенебельный район","dc":1,"n":662.54,"vc":"около 500 000","sl":"Очень высокий","sv":"около 500 000","p":1500.0,"q":17.05,"b":4.89,"ms":19.31,"wi":132.97,"ei":9.27,"as":1723.67,"mi":"E","mv":3106483,"sc":8,"lpe":67.65,"lpr":984.25,"lq":1.1,"d":8477},{"pi":"423861","pc":"Бакалея","ss":100000,"td":"Центр города","dc":1,"n":367.15,"vc":"более 100 000","sl":"Элитный","sv":"около 500 000","p":1500.0,"q":17.06,"b":0.0,"ms":11.46,"wi":132.97,"ei":9.27,"as":1723.67,"mi":"E","mv":3106483,"sc":8,"lpe":67.65,"lpr":984.25,"lq":1.1,"d":8477},{"pi":"423861","pc":"Бакалея","ss":100000,"td":"Центр города","dc":1,"n":673.52,"vc":"более 2 000 000","sl":"Низкий","sv":"более 20 000","p":594.88,"q":17.81,"b":0.0,"ms":0.8,"wi":132.97,"ei":9.27,"as":1723.67,"mi":"E","mv":3106483,"sc":8,"lpe":67.65,"lpr":984.25,"lq":1.1,"d":8477},{"pi":"423861","pc":"Бакалея","ss":100000,"td":"Центр города","dc":1,"n":457.47,"vc":"около 500 000","sl":"Элитный","sv":"около 10 000","p":1000.0,"q":8.97,"b":0.0,"ms":0.32,"wi":132.97,"ei":9.27,"as":1723.67,"mi":"E","mv":3106483,"sc":8,"lpe":67.65,"lpr":984.25,"lq":1.1,"d":8477},{"pi":"423861","pc":"Бакалея","ss":100000,"td":"Центр города","dc":1,"n":447.33,"vc":"около 500 000","sl":"Элитный","sv":"около 5 000","p":2200.0,"q":14.64,"b":5.34,"ms":0.19,"wi":132.97,"ei":9.27,"as":1723.67,"mi":"E","mv":3106483,"sc":8,"lpe":67.65,"lpr":984.25,"lq":1.1,"d":8477},{"pi":"423861","pc":"Бакалея","ss":100000,"td":"Центр города","dc":1,"n":447.33,"vc":"около 500 000","sl":"Элитный","sv":"около 5 000","p":2200.0,"q":14.64,"b":5.34,"ms":0.19,"wi":132.97,"ei":9.27,"as":1723.67,"mi":"E","mv":3106483,"sc":8,"lpe":67.65,"lpr":984.25,"lq":1.1,"d":8477},{"pi":"423861","pc":"Бакалея","ss":100000,"td":"Центр города","dc":1,"n":498.69,"vc":"около 500 000","sl":"Очень высокий","sv":"около 1 000","p":1000.0,"q":15.41,"b":0.0,"ms":0.03,"wi":132.97,"ei":9.27,"as":1723.67,"mi":"E","mv":3106483,"sc":8,"lpe":67.65,"lpr":984.25,"lq":1.1,"d":8477},{"pi":"423861","pc":"Бакалея","ss":100000,"td":"Центр города","dc":1,"n":528.2,"vc":"около 500 000","sl":"Очень высокий","sv":"около 1 000","p":1000.0,"q":15.41,"b":0.0,"ms":0.03,"wi":132.97,"ei":9.27,"as":1723.67,"mi":"E","mv":3106483,"sc":8,"lpe":67.65,"lpr":984.25,"lq":1.1,"d":8477},{"pi":"423861","pc":"Бакалея","ss":100000,"td":"Спальный район","dc":10,"n":696.2,"vc":"около 500 000","sl":"Низкий","sv":"около 50","p":1788.45,"q":12.45,"b":0.0,"ms":0.43,"wi":51.48,"ei":5.75,"as":1278.05,"mi":"E","mv":16379,"sc":1,"lpe":99.57,"lpr":838.43,"lq":1.0,"d":224},{"pi":"423861","pc":"Бакалея","ss":500,"td":"Фешенебельный район","dc":1,"n":684.86,"vc":"около 500","sl":"Очень высокий","sv":"около 1 000","p":2565.68,"q":16.8,"b":0.0,"ms":0.42,"wi":105.73,"ei":5.2,"as":657.04,"mi":"E","mv":240407,"sc":1,"lpe":99.58,"lpr":1452.86,"lq":1.0,"d":707},{"pi":"423861","pc":"Бакалея","ss":1000,"td":"Фешенебельный район","dc":1,"n":652.07,"vc":"около 1 000","sl":"Элитный","sv":"около 100","p":2129.68,"q":13.41,"b":0.0,"ms":0.26,"wi":40.37,"ei":6.73,"as":517.11,"mi":"E","mv":32692,"sc":2,"lpe":99.73,"lpr":770.83,"lq":1.0,"d":1689},{"pi":"423861","pc":"Бакалея","ss":500,"td":"Центр города","dc":5,"n":377.93,"vc":"около 500","sl":"Низкий","sv":"менее 50","p":1873.18,"q":7.76,"b":0.0,"ms":0.01,"wi":40.37,"ei":6.73,"as":517.11,"mi":"E","mv":32692,"sc":2,"lpe":99.73,"lpr":770.83,"lq":1.0,"d":1689},{"pi":"423861","pc":"Бакалея","ss":100000,"td":"Центр города","dc":1,"n":444.41,"vc":"более 100 000","sl":"Элитный","sv":"более 200 000","p":3500.0,"q":17.06,"b":0.0,"ms":37.89,"wi":68.47,"ei":6.3,"as":344.56,"mi":"E","mv":614582,"sc":2,"lpe":60.98,"lpr":1597.27,"lq":1.79,"d":4355},{"pi":"423861","pc":"Бакалея","ss":100000,"td":"Центр города","dc":2,"n":455.29,"vc":"более 200 000","sl":"Очень высокий","sv":"около 5 000","p":1991.0,"q":9.37,"b":0.0,"ms":1.14,"wi":68.47,"ei":6.3,"as":344.56,"mi":"E","mv":614582,"sc":2,"lpe":60.98,"lpr":1597.27,"lq":1.79,"d":4355},{"pi":"423861","pc":"Бакалея","ss":100000,"td":"Центр города","dc":1,"n":505.35,"vc":"около 500 000","sl":"Элитный","sv":"более 10 000","p":5000.0,"q":17.04,"b":0.0,"ms":1.41,"wi":93.64,"ei":6.95,"as":590.98,"mi":"E","mv":768376,"sc":2,"lpe":97.67,"lpr":1777.36,"lq":1.0,"d":2212},{"pi":"423861","pc":"Бакалея","ss":100000,"td":"Центр города","dc":4,"n":462.5,"vc":"более 200 000","sl":"Нормальный","sv":"около 5 000","p":2104.0,"q":15.5,"b":0.0,"ms":0.92,"wi":93.64,"ei":6.95,"as":590.98,"mi":"E","mv":768376,"sc":2,"lpe":97.67,"lpr":1777.36,"lq":1.0,"d":2212},{"pi":"423861","pc":"Бакалея","ss":100000,"td":"Центр города","dc":1,"n":526.04,"vc":"более 1 000 000","sl":"Высокий","sv":"более 200 000","p":3500.0,"q":17.63,"b":5.53,"ms":6.62,"wi":108.19,"ei":6.67,"as":874.7,"mi":"E","mv":4288397,"sc":5,"lpe":87.72,"lpr":1386.74,"lq":2.81,"d":12114},{"pi":"423861","pc":"Бакалея","ss":100000,"td":"Центр города","dc":1,"n":625.74,"vc":"более 1 000 000","sl":"Нормальный","sv":"более 100 000","p":2500.0,"q":17.81,"b":0.0,"ms":2.91,"wi":108.19,"ei":6.67,"as":874.7,"mi":"E","mv":4288397,"sc":5,"lpe":87.72,"lpr":1386.74,"lq":2.81,"d":12114},{"pi":"423861","pc":"Бакалея","ss":100000,"td":"Центр города","dc":1,"n":422.43,"vc":"около 500 000","sl":"Элитный","sv":"около 50 000","p":3700.0,"q":14.64,"b":5.08,"ms":1.32,"wi":108.19,"ei":6.67,"as":874.7,"mi":"E","mv":4288397,"sc":5,"lpe":87.72,"lpr":1386.74,"lq":2.81,"d":12114},{"pi":"423861","pc":"Бакалея","ss":100000,"td":"Центр города","dc":1,"n":422.43,"vc":"более 300 000","sl":"Элитный","sv":"около 50 000","p":3700.0,"q":14.64,"b":5.08,"ms":1.21,"wi":108.19,"ei":6.67,"as":874.7,"mi":"E","mv":4288397,"sc":5,"lpe":87.72,"lpr":1386.74,"lq":2.81,"d":12114},{"pi":"423861","pc":"Бакалея","ss":100000,"td":"Центр города","dc":1,"n":287.71,"vc":"около 100 000","sl":"Элитный","sv":"около 10 000","p":2100.0,"q":9.74,"b":0.0,"ms":0.23,"wi":108.19,"ei":6.67,"as":874.7,"mi":"E","mv":4288397,"sc":5,"lpe":87.72,"lpr":1386.74,"lq":2.81,"d":12114},{"pi":"423861","pc":"Бакалея","ss":100000,"td":"Спальный район","dc":4,"n":345.48,"vc":"более 100 000","sl":"Очень низкий","sv":"около 50 000","p":900.0,"q":9.13,"b":0.0,"ms":1.44,"wi":33.37,"ei":5.09,"as":182.41,"mi":"E","mv":4894981,"sc":9,"lpe":96.85,"lpr":595.82,"lq":1.0,"d":22072},{"pi":"423861","pc":"Бакалея","ss":100000,"td":"Спальный район","dc":1,"n":278.41,"vc":"около 50 000","sl":"Элитный","sv":"около 50 000","p":1350.0,"q":13.54,"b":0.0,"ms":1.02,"wi":33.37,"ei":5.09,"as":182.41,"mi":"E","mv":4894981,"sc":9,"lpe":96.85,"lpr":595.82,"lq":1.0,"d":22072},{"pi":"423861","pc":"Бакалея","ss":10000,"td":"Центр города","dc":4,"n":193.91,"vc":"около 10 000","sl":"Очень высокий","sv":"более 10 000","p":195.0,"q":9.81,"b":1.29,"ms":0.3,"wi":33.37,"ei":5.09,"as":182.41,"mi":"E","mv":4894981,"sc":9,"lpe":96.85,"lpr":595.82,"lq":1.0,"d":22072},{"pi":"423861","pc":"Бакалея","ss":100000,"td":"Центр города","dc":1,"n":241.81,"vc":"около 50 000","sl":"Элитный","sv":"более 10 000","p":1000.0,"q":3.47,"b":0.0,"ms":0.22,"wi":33.37,"ei":5.09,"as":182.41,"mi":"E","mv":4894981,"sc":9,"lpe":96.85,"lpr":595.82,"lq":1.0,"d":22072},{"pi":"423861","pc":"Бакалея","ss":1000,"td":"Спальный район","dc":2,"n":29.2,"vc":"около 1 000","sl":"Очень высокий","sv":"около 5 000","p":750.0,"q":12.62,"b":0.0,"ms":0.1,"wi":33.37,"ei":5.09,"as":182.41,"mi":"E","mv":4894981,"sc":9,"lpe":96.85,"lpr":595.82,"lq":1.0,"d":22072},{"pi":"423861","pc":"Бакалея","ss":100000,"td":"Центр города","dc":5,"n":168.97,"vc":"более 20 000","sl":"Элитный","sv":"более 2 000","p":1526.0,"q":9.2,"b":0.0,"ms":0.06,"wi":33.37,"ei":5.09,"as":182.41,"mi":"E","mv":4894981,"sc":9,"lpe":96.85,"lpr":595.82,"lq":1.0,"d":22072},{"pi":"423861","pc":"Бакалея","ss":10000,"td":"Спальный район","dc":3,"n":213.34,"vc":"около 5 000","sl":"Элитный","sv":"около 500","p":1300.0,"q":9.74,"b":0.03,"ms":0.01,"wi":33.37,"ei":5.09,"as":182.41,"mi":"E","mv":4894981,"sc":9,"lpe":96.85,"lpr":595.82,"lq":1.0,"d":22072},{"pi":"423861","pc":"Бакалея","ss":100000,"td":"Центр города","dc":8,"n":296.35,"vc":"около 100 000","sl":"Очень высокий","sv":"более 100","p":1800.0,"q":8.21,"b":0.0,"ms":0.0,"wi":33.37,"ei":5.09,"as":182.41,"mi":"E","mv":4894981,"sc":9,"lpe":96.85,"lpr":595.82,"lq":1.0,"d":22072},{"pi":"423861","pc":"Бакалея","ss":1000,"td":"Центр города","dc":5,"n":16.35,"vc":"более 1 000","sl":"Низкий","sv":"около 50","p":1100.0,"q":15.5,"b":0.0,"ms":0.0,"wi":33.37,"ei":5.09,"as":182.41,"mi":"E","mv":4894981,"sc":9,"lpe":96.85,"lpr":595.82,"lq":1.0,"d":22072},{"pi":"423861","pc":"Бакалея","ss":100000,"td":"Центр города","dc":3,"n":452.04,"vc":"более 100 000","sl":"Элитный","sv":"около 5 000","p":2000.0,"q":11.67,"b":0.0,"ms":5.07,"wi":75.97,"ei":9.64,"as":709.18,"mi":"E","mv":72982,"sc":2,"lpe":90.34,"lpr":932.41,"lq":1.0,"d":316},{"pi":"423861","pc":"Бакалея","ss":100000,"td":"Центр города","dc":1,"n":609.08,"vc":"около 500 000","sl":"Элитный","sv":"около 5 000","p":2500.0,"q":17.08,"b":0.0,"ms":4.59,"wi":75.97,"ei":9.64,"as":709.18,"mi":"E","mv":72982,"sc":2,"lpe":90.34,"lpr":932.41,"lq":1.0,"d":316},{"pi":"423861","pc":"Бакалея","ss":10000,"td":"Фешенебельный район","dc":1,"n":530.8,"vc":"около 5 000","sl":"Элитный","sv":"около 10 000","p":1350.0,"q":9.63,"b":0.0,"ms":3.12,"wi":23.37,"ei":12.41,"as":326.05,"mi":"E","mv":242785,"sc":2,"lpe":96.88,"lpr":548.47,"lq":1.0,"d":3983},{"pi":"423861","pc":"Бакалея","ss":1000,"td":"Центр города","dc":1,"n":118.56,"vc":"около 500","sl":"Элитный","sv":"менее 50","p":1400.0,"q":9.71,"b":0.0,"ms":0.0,"wi":23.37,"ei":12.41,"as":326.05,"mi":"E","mv":242785,"sc":2,"lpe":96.88,"lpr":548.47,"lq":1.0,"d":3983},{"pi":"423861","pc":"Бакалея","ss":100000,"td":"Центр города","dc":1,"n":447.47,"vc":"более 100 000","sl":"Высокий","sv":"около 5 000","p":1200.0,"q":13.54,"b":0.0,"ms":2.55,"wi":11.29,"ei":4.42,"as":231.65,"mi":"E","mv":196148,"sc":1,"lpe":97.45,"lpr":350.55,"lq":1.0,"d":2079},{"pi":"423861","pc":"Бакалея","ss":100000,"td":"Центр города","dc":3,"n":438.34,"vc":"более 200 000","sl":"Очень высокий","sv":"около 100 000","p":325.0,"q":12.59,"b":0.0,"ms":30.58,"wi":11.61,"ei":4.73,"as":416.97,"mi":"E","mv":259784,"sc":1,"lpe":69.42,"lpr":224.02,"lq":1.07,"d":6442},{"pi":"423861","pc":"Бакалея","ss":100000,"td":"Центр города","dc":1,"n":288.98,"vc":"около 100 000","sl":"Элитный","sv":"более 20 000","p":1500.0,"q":15.5,"b":0.0,"ms":0.58,"wi":52.01,"ei":4.8,"as":338.83,"mi":"E","mv":4338154,"sc":1,"lpe":99.42,"lpr":651.13,"lq":1.0,"d":11930},{"pi":"423861","pc":"Бакалея","ss":500,"td":"Фешенебельный район","dc":6,"n":295.36,"vc":"менее 50","sl":"Элитный","sv":"около 200","p":100.0,"q":12.62,"b":2.73,"ms":2.82,"wi":22.5,"ei":9.25,"as":522.64,"mi":"E","mv":7083,"sc":1,"lpe":97.18,"lpr":409.59,"lq":1.0,"d":81},{"pi":"423861","pc":"Бакалея","ss":100000,"td":"Центр города","dc":1,"n":531.37,"vc":"около 500 000","sl":"Очень высокий","sv":"около 50 000","p":1200.0,"q":16.92,"b":0.0,"ms":1.69,"wi":57.22,"ei":5.1,"as":348.24,"mi":"E","mv":2363209,"sc":1,"lpe":98.31,"lpr":651.35,"lq":1.0,"d":6499},{"pi":"423861","pc":"Бакалея","ss":1000,"td":"Спальный район","dc":1,"n":317.98,"vc":"более 1 000","sl":"Очень высокий","sv":"около 200","p":1700.0,"q":9.51,"b":0.0,"ms":0.11,"wi":52.3,"ei":3.69,"as":358.62,"mi":"E","mv":181667,"sc":1,"lpe":99.89,"lpr":1008.09,"lq":1.0,"d":915},{"pi":"423861","pc":"Бакалея","ss":100000,"td":"Спальный район","dc":4,"n":531.86,"vc":"более 200 000","sl":"Очень низкий","sv":"более 10 000","p":1300.0,"q":12.02,"b":0.0,"ms":8.66,"wi":38.01,"ei":7.91,"as":509.72,"mi":"E","mv":125302,"sc":2,"lpe":90.14,"lpr":542.09,"lq":1.0,"d":856},{"pi":"423861","pc":"Бакалея","ss":1000,"td":"Центр города","dc":4,"n":260.19,"vc":"более 1 000","sl":"Нормальный","sv":"более 1 000","p":135.0,"q":12.62,"b":1.29,"ms":1.2,"wi":38.01,"ei":7.91,"as":509.72,"mi":"E","mv":125302,"sc":2,"lpe":90.14,"lpr":542.09,"lq":1.0,"d":856},{"pi":"423861","pc":"Бакалея","ss":10000,"td":"Спальный район","dc":4,"n":391.52,"vc":"около 5 000","sl":"Элитный","sv":"более 20 000","p":75.0,"q":9.78,"b":1.29,"ms":23.53,"wi":27.58,"ei":5.63,"as":336.93,"mi":"E","mv":115154,"sc":2,"lpe":74.73,"lpr":186.18,"lq":1.05,"d":471},{"pi":"423861","pc":"Бакалея","ss":1000,"td":"Центр города","dc":2,"n":103.43,"vc":"около 500","sl":"Высокий","sv":"около 2 000","p":95.0,"q":12.62,"b":0.0,"ms":1.74,"wi":27.58,"ei":5.63,"as":336.93,"mi":"E","mv":115154,"sc":2,"lpe":74.73,"lpr":186.18,"lq":1.05,"d":471},{"pi":"423861","pc":"Бакалея","ss":500,"td":"Фешенебельный район","dc":4,"n":120.96,"vc":"менее 50","sl":"Элитный","sv":"около 300","p":250.0,"q":12.62,"b":1.71,"ms":0.48,"wi":15.99,"ei":5.5,"as":295.39,"mi":"E","mv":62229,"sc":1,"lpe":99.52,"lpr":511.96,"lq":1.0,"d":221},{"pi":"423861","pc":"Бакалея","ss":100000,"td":"Центр города","dc":1,"n":566.39,"vc":"около 500 000","sl":"Элитный","sv":"около 100 000","p":3500.0,"q":17.06,"b":0.0,"ms":41.06,"wi":94.83,"ei":6.08,"as":329.42,"mi":"E","mv":203701,"sc":2,"lpe":58.9,"lpr":1278.27,"lq":1.88,"d":645},{"pi":"423861","pc":"Бакалея","ss":100000,"td":"Центр города","dc":1,"n":530.19,"vc":"более 300 000","sl":"Элитный","sv":"около 100","p":4500.0,"q":10.49,"b":0.0,"ms":0.04,"wi":94.83,"ei":6.08,"as":329.42,"mi":"E","mv":203701,"sc":2,"lpe":58.9,"lpr":1278.27,"lq":1.88,"d":645},{"pi":"423861","pc":"Бакалея","ss":100000,"td":"Центр города","dc":6,"n":532.54,"vc":"более 200 000","sl":"Нормальный","sv":"более 10 000","p":6700.0,"q":9.43,"b":0.0,"ms":8.19,"wi":128.02,"ei":8.73,"as":1034.79,"mi":"E","mv":219868,"sc":1,"lpe":91.81,"lpr":3930.91,"lq":1.0,"d":811},{"pi":"423861","pc":"Бакалея","ss":1000,"td":"Центр города","dc":3,"n":248.81,"vc":"более 1 000","sl":"Высокий","sv":"около 1 000","p":600.0,"q":3.11,"b":0.0,"ms":2.7,"wi":13.05,"ei":7.39,"as":236.42,"mi":"E","mv":29165,"sc":1,"lpe":97.3,"lpr":482.26,"lq":1.0,"d":1897},{"pi":"423861","pc":"Бакалея","ss":1000,"td":"Центр города","dc":1,"n":420.25,"vc":"более 1 000","sl":"Элитный","sv":"менее 50","p":1700.0,"q":9.52,"b":0.0,"ms":0.11,"wi":32.45,"ei":5.15,"as":546.84,"mi":"E","mv":8853,"sc":1,"lpe":99.89,"lpr":553.18,"lq":1.0,"d":290},{"pi":"423861","pc":"Бакалея","ss":100000,"td":"Центр города","dc":1,"n":544.68,"vc":"более 200 000","sl":"Элитный","sv":"более 200","p":2600.0,"q":12.77,"b":0.0,"ms":0.38,"wi":10.82,"ei":8.35,"as":386.44,"mi":"E","mv":54221,"sc":1,"lpe":99.62,"lpr":587.89,"lq":1.0,"d":6297},{"pi":"423861","pc":"Бакалея","ss":100000,"td":"Центр города","dc":1,"n":448.5,"vc":"более 100 000","sl":"Нормальный","sv":"около 50 000","p":3800.0,"q":8.09,"b":1.26,"ms":17.22,"wi":94.66,"ei":5.73,"as":634.32,"mi":"E","mv":391860,"sc":1,"lpe":82.78,"lpr":2308.54,"lq":3.17,"d":1375},{"pi":"423861","pc":"Бакалея","ss":100000,"td":"Центр города","dc":8,"n":313.83,"vc":"около 50 000","sl":"Очень низкий","sv":"около 3 000","p":1560.0,"q":9.37,"b":0.0,"ms":1.15,"wi":50.17,"ei":6.4,"as":344.62,"mi":"E","mv":260673,"sc":1,"lpe":98.85,"lpr":891.75,"lq":1.0,"d":788},{"pi":"423861","pc":"Бакалея","ss":100000,"td":"Фешенебельный район","dc":1,"n":511.98,"vc":"около 50 000","sl":"Элитный","sv":"около 50 000","p":1600.0,"q":15.41,"b":0.0,"ms":9.92,"wi":119.43,"ei":9.92,"as":1514.88,"mi":"E","mv":503848,"sc":2,"lpe":89.53,"lpr":888.77,"lq":2.94,"d":1420},{"pi":"423861","pc":"Бакалея","ss":100000,"td":"Фешенебельный район","dc":1,"n":677.69,"vc":"более 200 000","sl":"Элитный","sv":"более 2 000","p":3000.0,"q":15.21,"b":4.99,"ms":0.55,"wi":119.43,"ei":9.92,"as":1514.88,"mi":"E","mv":503848,"sc":2,"lpe":89.53,"lpr":888.77,"lq":2.94,"d":1420},{"pi":"423861","pc":"Бакалея","ss":10000,"td":"Спальный район","dc":1,"n":488.41,"vc":"более 10 000","sl":"Элитный","sv":"более 20 000","p":3000.0,"q":10.79,"b":0.0,"ms":10.38,"wi":97.28,"ei":5.35,"as":374.69,"mi":"E","mv":279298,"sc":1,"lpe":89.62,"lpr":2862.79,"lq":1.27,"d":804},{"pi":"423861","pc":"Бакалея","ss":100000,"td":"Фешенебельный район","dc":1,"n":662.45,"vc":"более 100 000","sl":"Элитный","sv":"более 100 000","p":600.0,"q":17.05,"b":5.4,"ms":100.0,"wi":10.97,"ei":4.17,"as":176.33,"mi":"C","mv":172422,"sc":1,"lpe":0.0,"lpr":303.21,"lq":1.15,"d":1246},{"pi":"423861","pc":"Бакалея","ss":100000,"td":"Центр города","dc":1,"n":445.12,"vc":"более 100 000","sl":"Очень высокий","sv":"около 100 000","p":3000.0,"q":8.19,"b":0.0,"ms":21.55,"wi":95.22,"ei":7.84,"as":648.74,"mi":"E","mv":464032,"sc":2,"lpe":78.02,"lpr":3070.94,"lq":1.19,"d":1471},{"pi":"423861","pc":"Бакалея","ss":1000,"td":"Спальный район","dc":1,"n":227.71,"vc":"более 1 000","sl":"Элитный","sv":"около 2 000","p":3300.0,"q":15.5,"b":0.0,"ms":0.43,"wi":95.22,"ei":7.84,"as":648.74,"mi":"E","mv":464032,"sc":2,"lpe":78.02,"lpr":3070.94,"lq":1.19,"d":1471},{"pi":"423861","pc":"Бакалея","ss":500,"td":"Фешенебельный район","dc":2,"n":189.77,"vc":"около 50","sl":"Элитный","sv":"менее 50","p":750.0,"q":11.36,"b":0.0,"ms":0.01,"wi":29.71,"ei":4.42,"as":165.13,"mi":"E","mv":118781,"sc":2,"lpe":99.98,"lpr":554.76,"lq":1.0,"d":1358},{"pi":"423861","pc":"Бакалея","ss":10000,"td":"Центр города","dc":4,"n":188.41,"vc":"более 1 000","sl":"Очень высокий","sv":"менее 50","p":1299.0,"q":7.7,"b":0.0,"ms":0.01,"wi":29.71,"ei":4.42,"as":165.13,"mi":"E","mv":118781,"sc":2,"lpe":99.98,"lpr":554.76,"lq":1.0,"d":1358},{"pi":"423861","pc":"Бакалея","ss":1000,"td":"Окраина","dc":3,"n":202.47,"vc":"около 500","sl":"Очень высокий","sv":"менее 50","p":890.0,"q":15.5,"b":0.0,"ms":0.0,"wi":35.89,"ei":4.7,"as":190.96,"mi":"E","mv":120762,"sc":1,"lpe":100.0,"lpr":551.88,"lq":1.0,"d":502},{"pi":"423861","pc":"Бакалея","ss":100000,"td":"Центр города","dc":1,"n":519.78,"vc":"около 500 000","sl":"Элитный","sv":"более 1 000","p":5500.0,"q":17.08,"b":0.0,"ms":0.35,"wi":105.35,"ei":7.18,"as":506.56,"mi":"E","mv":335351,"sc":1,"lpe":99.65,"lpr":1606.89,"lq":1.0,"d":1026},{"pi":"423861","pc":"Бакалея","ss":100000,"td":"Фешенебельный район","dc":3,"n":559.53,"vc":"около 100 000","sl":"Элитный","sv":"около 10 000","p":1007.72,"q":16.8,"b":0.13,"ms":1.1,"wi":47.55,"ei":12.32,"as":481.26,"mi":"E","mv":907984,"sc":2,"lpe":98.84,"lpr":574.95,"lq":1.0,"d":2667},{"pi":"423861","pc":"Бакалея","ss":10000,"td":"Центр города","dc":1,"n":257.64,"vc":"более 10 000","sl":"Элитный","sv":"около 500","p":1500.0,"q":9.43,"b":0.0,"ms":0.06,"wi":47.55,"ei":12.32,"as":481.26,"mi":"E","mv":907984,"sc":2,"lpe":98.84,"lpr":574.95,"lq":1.0,"d":2667},{"pi":"423861","pc":"Бакалея","ss":100000,"td":"Центр города","dc":1,"n":562.79,"vc":"более 1 000 000","sl":"Нормальный","sv":"около 500 000","p":3000.0,"q":17.63,"b":3.57,"ms":9.17,"wi":91.03,"ei":12.41,"as":652.46,"mi":"E","mv":5715675,"sc":7,"lpe":89.52,"lpr":936.32,"lq":1.4,"d":15986},{"pi":"423861","pc":"Бакалея","ss":100000,"td":"Центр города","dc":1,"n":277.93,"vc":"около 100 000","sl":"Элитный","sv":"около 50 000","p":3000.0,"q":17.06,"b":0.0,"ms":0.65,"wi":91.03,"ei":12.41,"as":652.46,"mi":"E","mv":5715675,"sc":7,"lpe":89.52,"lpr":936.32,"lq":1.4,"d":15986},{"pi":"423861","pc":"Бакалея","ss":100000,"td":"Центр города","dc":1,"n":615.65,"vc":"более 2 000 000","sl":"Нормальный","sv":"более 20 000","p":2500.0,"q":17.81,"b":0.0,"ms":0.44,"wi":91.03,"ei":12.41,"as":652.46,"mi":"E","mv":5715675,"sc":7,"lpe":89.52,"lpr":936.32,"lq":1.4,"d":15986},{"pi":"423861","pc":"Бакалея","ss":100000,"td":"Центр города","dc":2,"n":268.42,"vc":"около 50 000","sl":"Элитный","sv":"около 10 000","p":1500.0,"q":10.97,"b":1.52,"ms":0.14,"wi":91.03,"ei":12.41,"as":652.46,"mi":"E","mv":5715675,"sc":7,"lpe":89.52,"lpr":936.32,"lq":1.4,"d":15986},{"pi":"423861","pc":"Бакалея","ss":100000,"td":"Центр города","dc":1,"n":477.32,"vc":"около 500 000","sl":"Очень высокий","sv":"около 5 000","p":3000.0,"q":9.24,"b":0.0,"ms":0.09,"wi":91.03,"ei":12.41,"as":652.46,"mi":"E","mv":5715675,"sc":7,"lpe":89.52,"lpr":936.32,"lq":1.4,"d":15986},{"pi":"423861","pc":"Бакалея","ss":100000,"td":"Центр города","dc":1,"n":408.71,"vc":"около 500 000","sl":"Элитный","sv":"около 500","p":4200.0,"q":13.36,"b":4.93,"ms":0.01,"wi":91.03,"ei":12.41,"as":652.46,"mi":"E","mv":5715675,"sc":7,"lpe":89.52,"lpr":936.32,"lq":1.4,"d":15986},{"pi":"423861","pc":"Бакалея","ss":100000,"td":"Центр города","dc":1,"n":408.71,"vc":"более 200 000","sl":"Элитный","sv":"более 200","p":4200.0,"q":13.36,"b":4.93,"ms":0.0,"wi":91.03,"ei":12.41,"as":652.46,"mi":"E","mv":5715675,"sc":7,"lpe":89.52,"lpr":936.32,"lq":1.4,"d":15986},{"pi":"423861","pc":"Бакалея","ss":100000,"td":"Центр города","dc":1,"n":407.91,"vc":"более 100 000","sl":"Элитный","sv":"около 5 000","p":5000.0,"q":17.05,"b":0.0,"ms":0.4,"wi":117.9,"ei":6.83,"as":721.28,"mi":"E","mv":1685885,"sc":2,"lpe":99.55,"lpr":1531.73,"lq":1.0,"d":4698},{"pi":"423861","pc":"Бакалея","ss":100000,"td":"Центр города","dc":2,"n":274.9,"vc":"около 50 000","sl":"Очень низкий","sv":"около 1 000","p":4000.0,"q":12.99,"b":0.0,"ms":0.05,"wi":117.9,"ei":6.83,"as":721.28,"mi":"E","mv":1685885,"sc":2,"lpe":99.55,"lpr":1531.73,"lq":1.0,"d":4698},{"pi":"423861","pc":"Бакалея","ss":10000,"td":"Центр города","dc":1,"n":550.24,"vc":"более 30 000","sl":"Очень высокий","sv":"менее 50","p":3200.0,"q":9.71,"b":0.0,"ms":0.0,"wi":135.19,"ei":7.52,"as":745.51,"mi":"E","mv":86652,"sc":1,"lpe":100.0,"lpr":3818.08,"lq":1.0,"d":352},{"pi":"423861","pc":"Бакалея","ss":500,"td":"Центр города","dc":3,"n":137.32,"vc":"более 100","sl":"Очень высокий","sv":"около 500","p":75.0,"q":12.57,"b":0.0,"ms":3.12,"wi":9.02,"ei":4.21,"as":170.47,"mi":"E","mv":15381,"sc":1,"lpe":96.88,"lpr":554.81,"lq":1.03,"d":692},{"pi":"423861","pc":"Бакалея","ss":100000,"td":"Центр города","dc":1,"n":696.68,"vc":"более 2 000 000","sl":"Низкий","sv":"около 100 000","p":1500.0,"q":17.62,"b":5.37,"ms":15.67,"wi":60.97,"ei":7.92,"as":423.5,"mi":"E","mv":568915,"sc":2,"lpe":75.54,"lpr":536.76,"lq":1.45,"d":1657},{"pi":"423861","pc":"Бакалея","ss":100000,"td":"Центр города","dc":1,"n":550.11,"vc":"около 500 000","sl":"Очень высокий","sv":"около 50 000","p":1300.0,"q":15.41,"b":0.0,"ms":8.79,"wi":60.97,"ei":7.92,"as":423.5,"mi":"E","mv":568915,"sc":2,"lpe":75.54,"lpr":536.76,"lq":1.45,"d":1657},{"pi":"423861","pc":"Бакалея","ss":500,"td":"Фешенебельный район","dc":1,"n":711.74,"vc":"около 500","sl":"Элитный","sv":"около 500","p":1090.25,"q":18.18,"b":0.0,"ms":1.5,"wi":22.85,"ei":8.95,"as":626.98,"mi":"E","mv":33264,"sc":2,"lpe":98.32,"lpr":549.36,"lq":1.0,"d":1420},{"pi":"423861","pc":"Бакалея","ss":10000,"td":"Центр города","dc":1,"n":160.94,"vc":"около 1 000","sl":"Элитный","sv":"около 50","p":802.0,"q":9.95,"b":0.0,"ms":0.18,"wi":22.85,"ei":8.95,"as":626.98,"mi":"E","mv":33264,"sc":2,"lpe":98.32,"lpr":549.36,"lq":1.0,"d":1420},{"pi":"423861","pc":"Бакалея","ss":500,"td":"Центр города","dc":1,"n":713.13,"vc":"около 1 000","sl":"Высокий","sv":"около 1 000","p":2500.0,"q":17.62,"b":0.0,"ms":51.12,"wi":44.58,"ei":9.3,"as":3618.26,"mi":"D","mv":1653,"sc":1,"lpe":48.88,"lpr":1606.55,"lq":2.98,"d":68},{"pi":"423861","pc":"Бакалея","ss":500,"td":"Центр города","dc":2,"n":164.23,"vc":"около 300","sl":"Очень высокий","sv":"около 1 000","p":130.0,"q":12.6,"b":0.0,"ms":0.79,"wi":37.01,"ei":4.86,"as":212.89,"mi":"E","mv":124850,"sc":1,"lpe":99.21,"lpr":548.74,"lq":1.0,"d":672},{"pi":"423861","pc":"Бакалея","ss":100000,"td":"Центр города","dc":1,"n":515.16,"vc":"более 200 000","sl":"Элитный","sv":"около 200","p":3300.0,"q":17.08,"b":0.0,"ms":0.11,"wi":87.23,"ei":6.01,"as":483.13,"mi":"E","mv":174247,"sc":1,"lpe":99.89,"lpr":946.16,"lq":1.0,"d":1376},{"pi":"423861","pc":"Бакалея","ss":100000,"td":"Центр города","dc":10,"n":80.57,"vc":"около 5 000","sl":"Элитный","sv":"около 3 000","p":1275.0,"q":15.5,"b":0.83,"ms":0.49,"wi":70.43,"ei":7.02,"as":523.89,"mi":"E","mv":606561,"sc":1,"lpe":99.51,"lpr":1083.74,"lq":1.0,"d":1885},{"pi":"423861","pc":"Бакалея","ss":100000,"td":"Центр города","dc":1,"n":605.27,"vc":"около 500 000","sl":"Очень высокий","sv":"около 50 000","p":1000.0,"q":10.23,"b":4.93,"ms":20.17,"wi":53.0,"ei":5.3,"as":524.72,"mi":"E","mv":157869,"sc":1,"lpe":79.83,"lpr":396.82,"lq":1.89,"d":858},{"pi":"423861","pc":"Бакалея","ss":500,"td":"Спальный район","dc":2,"n":141.56,"vc":"более 100","sl":"Элитный","sv":"менее 50","p":500.0,"q":11.36,"b":0.0,"ms":0.02,"wi":14.29,"ei":3.8,"as":156.09,"mi":"E","mv":48555,"sc":1,"lpe":99.98,"lpr":544.93,"lq":1.0,"d":188},{"pi":"423861","pc":"Бакалея","ss":100000,"td":"Центр города","dc":1,"n":495.75,"vc":"около 500 000","sl":"Элитный","sv":"более 2 000","p":2350.0,"q":14.63,"b":5.85,"ms":0.14,"wi":64.5,"ei":14.69,"as":1178.45,"mi":"E","mv":1668081,"sc":3,"lpe":63.75,"lpr":599.38,"lq":1.08,"d":4918},{"pi":"423861","pc":"Бакалея","ss":100000,"td":"Центр города","dc":1,"n":495.75,"vc":"около 500 000","sl":"Элитный","sv":"более 2 000","p":2350.0,"q":14.63,"b":5.85,"ms":0.14,"wi":64.5,"ei":14.69,"as":1178.45,"mi":"E","mv":1668081,"sc":3,"lpe":63.75,"lpr":599.38,"lq":1.08,"d":4918},{"pi":"423861","pc":"Бакалея","ss":100000,"td":"Центр города","dc":1,"n":475.89,"vc":"около 50 000","sl":"Очень высокий","sv":"около 10 000","p":1000.0,"q":15.04,"b":0.0,"ms":23.04,"wi":17.75,"ei":3.78,"as":238.56,"mi":"E","mv":33906,"sc":1,"lpe":76.96,"lpr":349.66,"lq":1.29,"d":2346},{"pi":"423861","pc":"Бакалея","ss":100000,"td":"Центр города","dc":1,"n":428.52,"vc":"более 100 000","sl":"Элитный","sv":"около 10 000","p":3500.0,"q":17.06,"b":0.0,"ms":1.5,"wi":60.82,"ei":10.27,"as":909.2,"mi":"E","mv":588796,"sc":1,"lpe":98.5,"lpr":1196.19,"lq":1.0,"d":2215},{"pi":"423861","pc":"Бакалея","ss":100000,"td":"Спальный район","dc":2,"n":444.59,"vc":"около 100 000","sl":"Элитный","sv":"около 20 000","p":1300.0,"q":9.95,"b":0.0,"ms":12.17,"wi":68.54,"ei":16.36,"as":1196.71,"mi":"E","mv":164388,"sc":2,"lpe":83.72,"lpr":994.64,"lq":1.59,"d":693},{"pi":"423861","pc":"Бакалея","ss":100000,"td":"Центр города","dc":1,"n":546.35,"vc":"около 500 000","sl":"Элитный","sv":"около 5 000","p":2500.0,"q":17.05,"b":0.0,"ms":4.12,"wi":68.54,"ei":16.36,"as":1196.71,"mi":"E","mv":164388,"sc":2,"lpe":83.72,"lpr":994.64,"lq":1.59,"d":693},{"pi":"423861","pc":"Бакалея","ss":100000,"td":"Центр города","dc":1,"n":513.26,"vc":"более 200 000","sl":"Элитный","sv":"более 10 000","p":1800.0,"q":13.02,"b":0.0,"ms":8.47,"wi":45.35,"ei":8.31,"as":495.43,"mi":"E","mv":154880,"sc":1,"lpe":91.53,"lpr":627.78,"lq":1.0,"d":1465},{"pi":"423861","pc":"Бакалея","ss":10000,"td":"Спальный район","dc":1,"n":528.98,"vc":"более 20 000","sl":"Элитный","sv":"более 20 000","p":1900.0,"q":9.25,"b":0.0,"ms":12.94,"wi":62.57,"ei":13.98,"as":1863.8,"mi":"E","mv":180720,"sc":1,"lpe":87.06,"lpr":1091.16,"lq":2.14,"d":787},{"pi":"423861","pc":"Бакалея","ss":100000,"td":"Центр города","dc":1,"n":577.6,"vc":"около 500 000","sl":"Элитный","sv":"около 5 000","p":2500.0,"q":17.06,"b":0.0,"ms":6.57,"wi":55.45,"ei":5.85,"as":1721.05,"mi":"E","mv":96827,"sc":1,"lpe":93.43,"lpr":1025.2,"lq":1.0,"d":499},{"pi":"423861","pc":"Бакалея","ss":100000,"td":"Центр города","dc":2,"n":538.6,"vc":"около 500 000","sl":"Очень высокий","sv":"более 20 000","p":1050.0,"q":16.92,"b":0.0,"ms":9.72,"wi":52.69,"ei":7.73,"as":387.02,"mi":"E","mv":257191,"sc":2,"lpe":89.27,"lpr":549.46,"lq":1.46,"d":1346},{"pi":"423861","pc":"Бакалея","ss":1000,"td":"Центр города","dc":5,"n":231.32,"vc":"более 1 000","sl":"Нормальный","sv":"более 2 000","p":800.0,"q":12.62,"b":1.71,"ms":1.01,"wi":52.69,"ei":7.73,"as":387.02,"mi":"E","mv":257191,"sc":2,"lpe":89.27,"lpr":549.46,"lq":1.46,"d":1346},{"pi":"423861","pc":"Бакалея","ss":100,"td":"Центр города","dc":1,"n":92.16,"vc":"более 100","sl":"Низкий","sv":"менее 50","p":1400.0,"q":11.2,"b":0.0,"ms":0.0,"wi":18.53,"ei":4.75,"as":340.92,"mi":"E","mv":414410,"sc":1,"lpe":100.0,"lpr":468.54,"lq":1.0,"d":1618},{"pi":"423861","pc":"Бакалея","ss":10000,"td":"Центр города","dc":1,"n":602.57,"vc":"около 50 000","sl":"Высокий","sv":"около 5 000","p":1014.6,"q":16.8,"b":0.0,"ms":1.96,"wi":38.82,"ei":9.28,"as":428.03,"mi":"E","mv":255230,"sc":1,"lpe":98.04,"lpr":549.5,"lq":1.0,"d":2002},{"pi":"423861","pc":"Бакалея","ss":100000,"td":"Центр города","dc":2,"n":549.88,"vc":"около 500 000","sl":"Очень высокий","sv":"около 10 000","p":2500.0,"q":16.92,"b":0.0,"ms":3.0,"wi":75.59,"ei":8.41,"as":636.04,"mi":"E","mv":333389,"sc":2,"lpe":96.85,"lpr":1365.82,"lq":1.0,"d":974},{"pi":"423861","pc":"Бакалея","ss":10000,"td":"Центр города","dc":5,"n":136.64,"vc":"более 1 000","sl":"Нормальный","sv":"около 500","p":1500.0,"q":12.62,"b":1.29,"ms":0.15,"wi":75.59,"ei":8.41,"as":636.04,"mi":"E","mv":333389,"sc":2,"lpe":96.85,"lpr":1365.82,"lq":1.0,"d":974},{"pi":"423861","pc":"Бакалея","ss":10000,"td":"Спальный район","dc":1,"n":495.69,"vc":"более 20 000","sl":"Очень высокий","sv":"около 3 000","p":1300.0,"q":13.54,"b":0.71,"ms":0.55,"wi":38.51,"ei":4.85,"as":365.3,"mi":"E","mv":541354,"sc":2,"lpe":99.43,"lpr":551.13,"lq":1.0,"d":2236},{"pi":"423861","pc":"Бакалея","ss":1000,"td":"Фешенебельный район","dc":6,"n":274.15,"vc":"около 500","sl":"Очень высокий","sv":"около 100","p":160.0,"q":12.62,"b":1.18,"ms":0.02,"wi":38.51,"ei":4.85,"as":365.3,"mi":"E","mv":541354,"sc":2,"lpe":99.43,"lpr":551.13,"lq":1.0,"d":2236},{"pi":"423861","pc":"Бакалея","ss":500,"td":"Центр города","dc":2,"n":132.53,"vc":"более 100","sl":"Элитный","sv":"менее 50","p":500.0,"q":11.36,"b":2.46,"ms":0.01,"wi":8.67,"ei":5.79,"as":179.66,"mi":"E","mv":70873,"sc":1,"lpe":99.99,"lpr":199.33,"lq":1.0,"d":487},{"pi":"423861","pc":"Бакалея","ss":100000,"td":"Центр города","dc":1,"n":596.29,"vc":"около 500 000","sl":"Очень высокий","sv":"около 50","p":1800.0,"q":9.52,"b":0.0,"ms":0.02,"wi":49.83,"ei":4.32,"as":536.62,"mi":"E","mv":206767,"sc":1,"lpe":99.98,"lpr":640.92,"lq":1.0,"d":863},{"pi":"423861","pc":"Бакалея","ss":100000,"td":"Спальный район","dc":5,"n":187.42,"vc":"более 10 000","sl":"Элитный","sv":"менее 50","p":1700.0,"q":8.59,"b":0.0,"ms":0.0,"wi":54.97,"ei":6.55,"as":534.15,"mi":"E","mv":406563,"sc":1,"lpe":100.0,"lpr":550.81,"lq":1.0,"d":1278},{"pi":"423861","pc":"Бакалея","ss":100000,"td":"Центр города","dc":2,"n":536.53,"vc":"более 200 000","sl":"Очень высокий","sv":"около 10 000","p":1500.0,"q":16.92,"b":0.0,"ms":3.8,"wi":80.59,"ei":6.94,"as":418.95,"mi":"E","mv":262814,"sc":2,"lpe":95.62,"lpr":1319.75,"lq":1.0,"d":793},{"pi":"423861","pc":"Бакалея","ss":1000,"td":"Центр города","dc":5,"n":231.52,"vc":"более 1 000","sl":"Нормальный","sv":"более 1 000","p":350.0,"q":12.62,"b":1.29,"ms":0.57,"wi":80.59,"ei":6.94,"as":418.95,"mi":"E","mv":262814,"sc":2,"lpe":95.62,"lpr":1319.75,"lq":1.0,"d":793},{"pi":"423861","pc":"Бакалея","ss":1000,"td":"Фешенебельный район","dc":1,"n":625.9,"vc":"около 500","sl":"Элитный","sv":"около 5 000","p":1500.0,"q":13.65,"b":5.84,"ms":14.1,"wi":52.0,"ei":4.19,"as":731.38,"mi":"E","mv":34897,"sc":1,"lpe":85.9,"lpr":638.93,"lq":1.05,"d":827},{"pi":"423861","pc":"Бакалея","ss":1000,"td":"Центр города","dc":1,"n":657.46,"vc":"около 10 000","sl":"Низкий","sv":"около 20 000","p":1200.0,"q":15.41,"b":5.84,"ms":17.02,"wi":80.52,"ei":8.2,"as":766.39,"mi":"E","mv":117485,"sc":1,"lpe":82.98,"lpr":539.5,"lq":1.04,"d":532},{"pi":"423861","pc":"Бакалея","ss":100000,"td":"Центр города","dc":1,"n":526.76,"vc":"около 500 000","sl":"Очень высокий","sv":"более 1 000","p":2150.0,"q":14.31,"b":6.18,"ms":0.12,"wi":81.74,"ei":8.69,"as":530.19,"mi":"E","mv":1051982,"sc":4,"lpe":99.76,"lpr":653.06,"lq":1.0,"d":3080},{"pi":"423861","pc":"Бакалея","ss":100000,"td":"Центр города","dc":1,"n":526.76,"vc":"около 500 000","sl":"Очень высокий","sv":"более 1 000","p":2150.0,"q":14.31,"b":6.18,"ms":0.11,"wi":81.74,"ei":8.69,"as":530.19,"mi":"E","mv":1051982,"sc":4,"lpe":99.76,"lpr":653.06,"lq":1.0,"d":3080},{"pi":"423861","pc":"Бакалея","ss":100000,"td":"Центр города","dc":2,"n":298.25,"vc":"около 50 000","sl":"Нормальный","sv":"менее 50","p":1700.0,"q":9.94,"b":0.0,"ms":0.0,"wi":81.74,"ei":8.69,"as":530.19,"mi":"E","mv":1051982,"sc":4,"lpe":99.76,"lpr":653.06,"lq":1.0,"d":3080},{"pi":"423861","pc":"Бакалея","ss":100000,"td":"Центр города","dc":1,"n":367.03,"vc":"около 100 000","sl":"Элитный","sv":"менее 50","p":2200.0,"q":15.5,"b":0.0,"ms":0.0,"wi":81.74,"ei":8.69,"as":530.19,"mi":"E","mv":1051982,"sc":4,"lpe":99.76,"lpr":653.06,"lq":1.0,"d":3080},{"pi":"423861","pc":"Бакалея","ss":1000,"td":"Фешенебельный район","dc":1,"n":516.71,"vc":"более 1 000","sl":"Элитный","sv":"более 10 000","p":2000.0,"q":13.09,"b":5.83,"ms":8.25,"wi":78.65,"ei":6.93,"as":514.15,"mi":"E","mv":143287,"sc":2,"lpe":90.35,"lpr":702.89,"lq":1.0,"d":2980},{"pi":"423861","pc":"Бакалея","ss":500,"td":"Фешенебельный район","dc":1,"n":659.81,"vc":"около 500","sl":"Очень высокий","sv":"около 2 000","p":1582.36,"q":16.8,"b":0.0,"ms":1.4,"wi":78.65,"ei":6.93,"as":514.15,"mi":"E","mv":143287,"sc":2,"lpe":90.35,"lpr":702.89,"lq":1.0,"d":2980},{"pi":"423861","pc":"Бакалея","ss":100000,"td":"Фешенебельный район","dc":1,"n":704.23,"vc":"около 500 000","sl":"Элитный","sv":"около 50 000","p":2000.0,"q":15.21,"b":4.45,"ms":10.12,"wi":77.97,"ei":7.69,"as":463.52,"mi":"E","mv":545347,"sc":1,"lpe":89.88,"lpr":688.96,"lq":1.03,"d":1663},{"pi":"423861","pc":"Бакалея","ss":500,"td":"Фешенебельный район","dc":1,"n":654.94,"vc":"около 500","sl":"Очень высокий","sv":"около 5 000","p":2000.0,"q":15.41,"b":5.84,"ms":3.67,"wi":79.2,"ei":9.12,"as":724.54,"mi":"E","mv":190590,"sc":1,"lpe":96.33,"lpr":1005.68,"lq":1.0,"d":1255},{"pi":"423861","pc":"Бакалея","ss":1000,"td":"Фешенебельный район","dc":1,"n":426.04,"vc":"около 1 000","sl":"Элитный","sv":"около 10 000","p":2800.0,"q":15.41,"b":5.84,"ms":1.9,"wi":79.27,"ei":12.05,"as":894.85,"mi":"E","mv":526187,"sc":1,"lpe":98.1,"lpr":1356.73,"lq":1.0,"d":6441},{"pi":"423861","pc":"Бакалея","ss":100000,"td":"Фешенебельный район","dc":2,"n":693.85,"vc":"более 100 000","sl":"Очень высокий","sv":"около 5 000","p":1350.89,"q":16.8,"b":0.0,"ms":6.55,"wi":49.49,"ei":5.7,"as":783.51,"mi":"E","mv":76344,"sc":1,"lpe":93.45,"lpr":955.83,"lq":1.0,"d":374},{"pi":"423861","pc":"Бакалея","ss":1000,"td":"Центр города","dc":3,"n":403.7,"vc":"более 1 000","sl":"Нормальный","sv":"более 2 000","p":1150.0,"q":4.3,"b":0.0,"ms":4.87,"wi":80.57,"ei":8.07,"as":964.84,"mi":"E","mv":47261,"sc":1,"lpe":95.13,"lpr":1449.43,"lq":1.0,"d":334},{"pi":"423861","pc":"Бакалея","ss":100000,"td":"Центр города","dc":1,"n":605.76,"vc":"около 1 000 000","sl":"Высокий","sv":"более 200 000","p":1250.0,"q":18.22,"b":3.57,"ms":23.83,"wi":88.06,"ei":7.67,"as":429.01,"mi":"E","mv":941832,"sc":1,"lpe":76.17,"lpr":552.92,"lq":1.7,"d":2707},{"pi":"423861","pc":"Бакалея","ss":1000,"td":"Центр города","dc":6,"n":268.11,"vc":"около 500","sl":"Высокий","sv":"более 1 000","p":500.0,"q":12.62,"b":2.73,"ms":3.8,"wi":29.25,"ei":7.83,"as":649.96,"mi":"E","mv":28985,"sc":1,"lpe":96.2,"lpr":524.24,"lq":1.0,"d":206},{"pi":"423861","pc":"Бакалея","ss":100000,"td":"Фешенебельный район","dc":1,"n":696.05,"vc":"более 200 000","sl":"Элитный","sv":"более 100 000","p":500.0,"q":17.05,"b":4.57,"ms":85.29,"wi":17.12,"ei":4.95,"as":263.54,"mi":"D","mv":208704,"sc":1,"lpe":14.71,"lpr":282.37,"lq":1.0,"d":1341},{"pi":"423861","pc":"Бакалея","ss":100000,"td":"Центр города","dc":1,"n":496.69,"vc":"около 500 000","sl":"Элитный","sv":"около 50 000","p":1750.0,"q":15.5,"b":0.0,"ms":9.63,"wi":76.26,"ei":6.13,"as":361.83,"mi":"E","mv":551643,"sc":2,"lpe":90.37,"lpr":655.07,"lq":1.03,"d":1965},{"pi":"423861","pc":"Бакалея","ss":500,"td":"Окраина","dc":2,"n":89.92,"vc":"более 200","sl":"Нормальный","sv":"менее 50","p":1800.0,"q":12.56,"b":0.0,"ms":0.0,"wi":76.26,"ei":6.13,"as":361.83,"mi":"E","mv":551643,"sc":2,"lpe":90.37,"lpr":655.07,"lq":1.03,"d":1965},{"pi":"423861","pc":"Бакалея","ss":100000,"td":"Фешенебельный район","dc":1,"n":694.66,"vc":"более 200 000","sl":"Элитный","sv":"около 50 000","p":750.0,"q":17.05,"b":4.57,"ms":17.96,"wi":16.91,"ei":5.92,"as":304.29,"mi":"E","mv":306244,"sc":1,"lpe":82.04,"lpr":479.31,"lq":1.07,"d":1419},{"pi":"423861","pc":"Бакалея","ss":100000,"td":"Центр города","dc":1,"n":585.63,"vc":"около 1 000 000","sl":"Высокий","sv":"более 1 000","p":2200.0,"q":14.16,"b":5.2,"ms":0.4,"wi":108.24,"ei":7.46,"as":1400.18,"mi":"E","mv":483896,"sc":4,"lpe":98.87,"lpr":751.14,"lq":1.0,"d":1661},{"pi":"423861","pc":"Бакалея","ss":100000,"td":"Центр города","dc":1,"n":585.63,"vc":"около 500 000","sl":"Очень высокий","sv":"более 1 000","p":2200.0,"q":14.17,"b":5.2,"ms":0.37,"wi":108.24,"ei":7.46,"as":1400.18,"mi":"E","mv":483896,"sc":4,"lpe":98.87,"lpr":751.14,"lq":1.0,"d":1661},{"pi":"423861","pc":"Бакалея","ss":100000,"td":"Центр города","dc":1,"n":433.71,"vc":"более 100 000","sl":"Элитный","sv":"более 1 000","p":2000.0,"q":16.89,"b":0.0,"ms":0.35,"wi":108.24,"ei":7.46,"as":1400.18,"mi":"E","mv":483896,"sc":4,"lpe":98.87,"lpr":751.14,"lq":1.0,"d":1661},{"pi":"423861","pc":"Бакалея","ss":1000,"td":"Центр города","dc":3,"n":264.15,"vc":"более 1 000","sl":"Нормальный","sv":"менее 50","p":1300.0,"q":4.26,"b":0.0,"ms":0.01,"wi":108.24,"ei":7.46,"as":1400.18,"mi":"E","mv":483896,"sc":4,"lpe":98.87,"lpr":751.14,"lq":1.0,"d":1661},{"pi":"423861","pc":"Бакалея","ss":500,"td":"Центр города","dc":2,"n":163.07,"vc":"более 100","sl":"Элитный","sv":"более 100","p":160.0,"q":12.22,"b":2.46,"ms":0.51,"wi":7.38,"ei":4.13,"as":134.74,"mi":"E","mv":23899,"sc":1,"lpe":99.49,"lpr":51.85,"lq":1.0,"d":195},{"pi":"423861","pc":"Бакалея","ss":100000,"td":"Центр города","dc":1,"n":551.98,"vc":"более 200 000","sl":"Элитный","sv":"около 5 000","p":2000.0,"q":16.9,"b":0.0,"ms":5.13,"wi":72.56,"ei":7.0,"as":980.73,"mi":"E","mv":97512,"sc":1,"lpe":94.87,"lpr":1217.27,"lq":1.0,"d":612},{"pi":"423861","pc":"Бакалея","ss":10000,"td":"Центр города","dc":1,"n":303.37,"vc":"около 5 000","sl":"Элитный","sv":"около 50","p":1700.0,"q":11.63,"b":0.0,"ms":0.03,"wi":50.37,"ei":3.0,"as":214.48,"mi":"E","mv":138357,"sc":1,"lpe":99.97,"lpr":1126.54,"lq":1.0,"d":491},{"pi":"423861","pc":"Бакалея","ss":1000,"td":"Центр города","dc":4,"n":274.05,"vc":"более 1 000","sl":"Очень низкий","sv":"около 1 000","p":750.0,"q":12.62,"b":1.71,"ms":0.83,"wi":35.3,"ei":6.2,"as":388.61,"mi":"E","mv":120720,"sc":1,"lpe":99.17,"lpr":552.24,"lq":1.0,"d":435},{"pi":"423861","pc":"Бакалея","ss":500,"td":"Центр города","dc":4,"n":284.59,"vc":"более 300","sl":"Нормальный","sv":"около 500","p":75.0,"q":12.01,"b":1.71,"ms":4.1,"wi":16.81,"ei":8.02,"as":420.02,"mi":"E","mv":16713,"sc":1,"lpe":95.9,"lpr":517.06,"lq":1.0,"d":505},{"pi":"423861","pc":"Бакалея","ss":10000,"td":"Фешенебельный район","dc":2,"n":666.31,"vc":"более 10 000","sl":"Элитный","sv":"менее 50","p":2207.59,"q":6.57,"b":0.0,"ms":0.0,"wi":7.21,"ei":6.32,"as":140.08,"mi":"E","mv":275598,"sc":1,"lpe":100.0,"lpr":554.26,"lq":1.0,"d":47032},{"pi":"423861","pc":"Бакалея","ss":500,"td":"Центр города","dc":1,"n":562.18,"vc":"более 1 000","sl":"Нормальный","sv":"около 5 000","p":3000.0,"q":17.08,"b":0.0,"ms":3.32,"wi":66.16,"ei":6.9,"as":452.74,"mi":"E","mv":133277,"sc":1,"lpe":96.68,"lpr":1313.63,"lq":1.0,"d":1371},{"pi":"423861","pc":"Бакалея","ss":10000,"td":"Центр города","dc":1,"n":258.01,"vc":"более 1 000","sl":"Элитный","sv":"менее 50","p":2000.0,"q":8.1,"b":0.0,"ms":0.02,"wi":77.91,"ei":9.63,"as":1565.9,"mi":"E","mv":31842,"sc":1,"lpe":99.98,"lpr":1916.45,"lq":1.0,"d":169}]