[{"pi":"15334","pc":"Одежда и обувь","ss":100,"td":"Центр города","dc":1,"n":47.73,"vc":"около 50","sl":"Нормальный","sv":"менее 50","p":115.37,"q":1.05,"b":0.0,"ms":0.01,"wi":0.15,"ei":4.27,"as":155.65,"mi":"E","mv":108959,"sc":1,"lpe":99.99,"lpr":106.58,"lq":1.0,"d":457},{"pi":"15334","pc":"Одежда и обувь","ss":100,"td":"Спальный район","dc":1,"n":49.5,"vc":"около 50","sl":"Высокий","sv":"менее 50","p":227.81,"q":1.05,"b":0.0,"ms":0.02,"wi":0.29,"ei":4.8,"as":300.0,"mi":"E","mv":91660,"sc":1,"lpe":99.98,"lpr":205.17,"lq":1.0,"d":400},{"pi":"15334","pc":"Одежда и обувь","ss":500,"td":"Центр города","dc":1,"n":18.23,"vc":"более 100","sl":"Очень высокий","sv":"около 100","p":196.52,"q":1.0,"b":0.0,"ms":0.02,"wi":0.36,"ei":7.0,"as":320.0,"mi":"E","mv":419303,"sc":1,"lpe":99.98,"lpr":218.89,"lq":1.0,"d":1600},{"pi":"15334","pc":"Одежда и обувь","ss":100,"td":"Спальный район","dc":1,"n":171.39,"vc":"около 100","sl":"Низкий","sv":"менее 50","p":251.93,"q":1.0,"b":0.0,"ms":0.0,"wi":0.37,"ei":5.0,"as":320.0,"mi":"E","mv":204169,"sc":1,"lpe":100.0,"lpr":218.89,"lq":1.0,"d":800},{"pi":"15334","pc":"Одежда и обувь","ss":500,"td":"Фешенебельный район","dc":3,"n":62.35,"vc":"около 50","sl":"Элитный","sv":"около 50","p":150.0,"q":1.0,"b":0.0,"ms":0.03,"wi":0.39,"ei":5.5,"as":350.0,"mi":"E","mv":195841,"sc":1,"lpe":99.97,"lpr":239.41,"lq":1.0,"d":600},{"pi":"15334","pc":"Одежда и обувь","ss":500,"td":"Центр города","dc":1,"n":58.14,"vc":"более 100","sl":"Очень высокий","sv":"более 100","p":55.21,"q":1.05,"b":0.0,"ms":0.23,"wi":0.12,"ei":2.8,"as":99.67,"mi":"E","mv":56027,"sc":1,"lpe":99.77,"lpr":68.29,"lq":1.0,"d":256},{"pi":"15334","pc":"Одежда и обувь","ss":1000,"td":"Центр города","dc":2,"n":105.9,"vc":"около 500","sl":"Элитный","sv":"более 1 000","p":1200.0,"q":5.83,"b":0.0,"ms":0.48,"wi":1.28,"ei":7.7,"as":1225.0,"mi":"E","mv":310014,"sc":1,"lpe":99.52,"lpr":836.47,"lq":1.0,"d":1356},{"pi":"15334","pc":"Одежда и обувь","ss":10000,"td":"Центр города","dc":2,"n":52.09,"vc":"более 1 000","sl":"Элитный","sv":"около 500","p":2000.0,"q":5.83,"b":0.0,"ms":0.07,"wi":1.67,"ei":8.3,"as":1440.0,"mi":"E","mv":1020380,"sc":1,"lpe":99.93,"lpr":984.99,"lq":1.0,"d":3884},{"pi":"15334","pc":"Одежда и обувь","ss":100,"td":"Центр города","dc":1,"n":45.76,"vc":"около 50","sl":"Нормальный","sv":"менее 50","p":100.85,"q":1.05,"b":0.0,"ms":0.02,"wi":0.18,"ei":3.0,"as":154.55,"mi":"E","mv":87498,"sc":1,"lpe":99.98,"lpr":105.65,"lq":1.0,"d":427}]